"reporting_name","metric","model_type","formula","n_observations","n_dates","n_periods","n_statuses","n_sites","family_code","selected_family","link","selection_reason","selected_model_valid","selected_converged","selected_pdHess","selected_finite_standard_errors","selected_AIC","selected_logLik","dispersion_parameter","tweedie_power","model_warnings","model_error"
"Aldinga - Aldinga Reef Sanctuary Zone","Abundance > 200 mm","Period","total_abundance_sample ~ Period * Status + (1 | uwa_site_code)",39,2,2,2,3,"tweedie","Tweedie (log link)","log","Tweedie with a log link was specified for non-richness metrics",TRUE,TRUE,TRUE,TRUE,223.8511712380997,-104.92558561904985,3.281344456675356,1.2949890578121874,NA,NA
"Aldinga - Aldinga Reef Sanctuary Zone","Abundance > 200 mm","Temporal","total_abundance_sample ~ start_date_fct * Status + (1 | uwa_site_code)",39,2,2,2,3,"tweedie","Tweedie (log link)","log","Tweedie with a log link was specified for non-richness metrics",TRUE,TRUE,TRUE,TRUE,223.8511712380997,-104.92558561904985,3.281344456675356,1.2949890578121874,NA,NA
"Bay of Shoals - Bay of Shoals Sanctuary Zone","Abundance > 200 mm","Period","total_abundance_sample ~ Period * Status + (1 | start_date_fct) +     (1 | uwa_site_code)",89,4,2,2,6,"tweedie","Tweedie (log link)","log","Tweedie with a log link was specified for non-richness metrics",FALSE,FALSE,FALSE,FALSE,NA,NA,1.0000000000030353,1.000000000006702,"Model convergence problem; non-positive-definite Hessian matrix. See vignette('troubleshooting') | Model convergence problem; false convergence (8). See vignette('troubleshooting'), help('diagnose')","Model did not converge | Model Hessian was not positive definite | Model standard errors were not finite | Model AIC was not finite"
"Bay of Shoals - Bay of Shoals Sanctuary Zone","Abundance > 200 mm","Temporal","total_abundance_sample ~ start_date_fct * Status + (1 | uwa_site_code)",89,4,2,2,6,"tweedie","Tweedie (log link)","log","Tweedie with a log link was specified for non-richness metrics",FALSE,FALSE,FALSE,FALSE,NA,NA,1.0000000199250214,1.0000000000000326,"NA/NaN function evaluation | Model convergence problem; non-positive-definite Hessian matrix. See vignette('troubleshooting') | Model convergence problem; false convergence (8). See vignette('troubleshooting'), help('diagnose')","Model did not converge | Model Hessian was not positive definite | Model standard errors were not finite | Model AIC was not finite"
"Cape Elizabeth - Cape Elizabeth Sanctuary Zone","Abundance > 200 mm","Period","total_abundance_sample ~ Period * Status + (1 | uwa_site_code)",48,2,2,2,6,"tweedie","Tweedie (log link)","log","Tweedie with a log link was specified for non-richness metrics",TRUE,TRUE,TRUE,TRUE,219.1548686180742,-102.5774343090371,1.5703800721546652,1.1415665157078525,NA,NA
"Cape Elizabeth - Cape Elizabeth Sanctuary Zone","Abundance > 200 mm","Temporal","total_abundance_sample ~ start_date_fct * Status + (1 | uwa_site_code)",48,2,2,2,6,"tweedie","Tweedie (log link)","log","Tweedie with a log link was specified for non-richness metrics",TRUE,TRUE,TRUE,TRUE,219.1548686180742,-102.5774343090371,1.5703800721546652,1.1415665157078525,NA,NA
"Carrickalinga - Carrickalinga Cliffs Sanctuary Zone","Abundance > 200 mm","Period","total_abundance_sample ~ Period * Status + (1 | start_date_fct) +     (1 | uwa_site_code)",145,7,2,2,6,"tweedie","Tweedie (log link)","log","Tweedie with a log link was specified for non-richness metrics",TRUE,TRUE,TRUE,TRUE,929.9652066792794,-456.9826033396397,2.0437886730487467,1.245792591293274,NA,NA
"Carrickalinga - Carrickalinga Cliffs Sanctuary Zone","Abundance > 200 mm","Temporal","total_abundance_sample ~ start_date_fct * Status + (1 | uwa_site_code)",145,7,2,2,6,"tweedie","Tweedie (log link)","log","Tweedie with a log link was specified for non-richness metrics",TRUE,TRUE,TRUE,TRUE,921.8533502386601,-443.92667511933007,1.9627615078563574,1.228702050073278,NA,NA
"Chinamans Hat - Chinamans Hat Sanctuary Zone","Abundance > 200 mm","Period","total_abundance_sample ~ Period * Status + (1 | uwa_site_code)",45,2,2,2,6,"tweedie","Tweedie (log link)","log","Tweedie with a log link was specified for non-richness metrics",TRUE,TRUE,TRUE,TRUE,302.12899864123057,-144.06449932061528,2.4036520010829907,1.045195792442325,NA,NA
"Chinamans Hat - Chinamans Hat Sanctuary Zone","Abundance > 200 mm","Temporal","total_abundance_sample ~ start_date_fct * Status + (1 | uwa_site_code)",45,2,2,2,6,"tweedie","Tweedie (log link)","log","Tweedie with a log link was specified for non-richness metrics",TRUE,TRUE,TRUE,TRUE,302.12899864123057,-144.06449932061528,2.4036520010829907,1.045195792442325,NA,NA
"Cuttlefish Coast - Fairway Bank Sanctuary Zone","Abundance > 200 mm","Period","total_abundance_sample ~ Period * Status + (1 | uwa_site_code)",33,2,2,2,4,"tweedie","Tweedie (log link)","log","Tweedie with a log link was specified for non-richness metrics",TRUE,TRUE,TRUE,TRUE,149.3893672920484,-67.6946836460242,1.8292137264249768,1.1686823322488695,NA,NA
"Cuttlefish Coast - Fairway Bank Sanctuary Zone","Abundance > 200 mm","Temporal","total_abundance_sample ~ start_date_fct * Status + (1 | uwa_site_code)",33,2,2,2,4,"tweedie","Tweedie (log link)","log","Tweedie with a log link was specified for non-richness metrics",TRUE,TRUE,TRUE,TRUE,149.3893672920484,-67.6946836460242,1.8292137264249768,1.1686823322488695,NA,NA
"Dangerous Reef - Dangerous Reef Sanctuary Zone","Abundance > 200 mm","Period","total_abundance_sample ~ 1 + (1 | start_date_fct)",23,2,1,1,1,"tweedie","Tweedie (log link)","log","Tweedie with a log link was specified for non-richness metrics",TRUE,TRUE,TRUE,TRUE,175.00472556911268,-83.50236278455634,2.274712494080805,1.0051412379729392,NA,NA
"Dangerous Reef - Dangerous Reef Sanctuary Zone","Abundance > 200 mm","Temporal","total_abundance_sample ~ start_date_fct",23,2,1,1,1,"tweedie","Tweedie (log link)","log","Tweedie with a log link was specified for non-richness metrics",TRUE,TRUE,TRUE,TRUE,172.40718483228414,-82.20359241614207,2.0418458893760323,1.0039412523750932,NA,NA
"Glenelg","Abundance > 200 mm","Period","total_abundance_sample ~ Period + (1 | start_date_fct) + (1 |     uwa_site_code)",94,6,2,1,4,"tweedie","Tweedie (log link)","log","Tweedie with a log link was specified for non-richness metrics",TRUE,TRUE,TRUE,TRUE,312.13115816675923,-150.06557908337962,3.2465588469365994,1.3622281486444396,NA,NA
"Glenelg","Abundance > 200 mm","Temporal","total_abundance_sample ~ start_date_fct + (1 | uwa_site_code)",76,5,2,1,4,"tweedie","Tweedie (log link)","log","Tweedie with a log link was specified for non-richness metrics",TRUE,TRUE,TRUE,TRUE,301.1229972495894,-142.5614986247947,2.9147433013821353,1.3755012622753497,NA,NA
"Middle/Long Spit - Middle Spit Sanctuary Zone","Abundance > 200 mm","Period","total_abundance_sample ~ Status + (1 | uwa_site_code)",24,1,1,2,5,"tweedie","Tweedie (log link)","log","Tweedie with a log link was specified for non-richness metrics",FALSE,FALSE,FALSE,FALSE,NA,NA,1.0000000000000009,1.0000000000000133,"NA/NaN function evaluation | Model convergence problem; non-positive-definite Hessian matrix. See vignette('troubleshooting') | Model convergence problem; false convergence (8). See vignette('troubleshooting'), help('diagnose')","Model did not converge | Model Hessian was not positive definite | Model standard errors were not finite | Model AIC was not finite"
"Middle/Long Spit - Middle Spit Sanctuary Zone","Abundance > 200 mm","Temporal","total_abundance_sample ~ Status + (1 | uwa_site_code)",24,1,1,2,5,"tweedie","Tweedie (log link)","log","Tweedie with a log link was specified for non-richness metrics",FALSE,FALSE,FALSE,FALSE,NA,NA,1.0000000000000009,1.0000000000000133,"NA/NaN function evaluation | Model convergence problem; non-positive-definite Hessian matrix. See vignette('troubleshooting') | Model convergence problem; false convergence (8). See vignette('troubleshooting'), help('diagnose')","Model did not converge | Model Hessian was not positive definite | Model standard errors were not finite | Model AIC was not finite"
"O'Sullivan","Abundance > 200 mm","Period","total_abundance_sample ~ Period + (1 | start_date_fct) + (1 |     uwa_site_code)",69,6,2,1,5,"tweedie","Tweedie (log link)","log","Tweedie with a log link was specified for non-richness metrics",TRUE,TRUE,TRUE,TRUE,175.60522969878764,-81.80261484939382,1.9196482460849602,1.1522490075358147,NA,NA
"O'Sullivan","Abundance > 200 mm","Temporal","total_abundance_sample ~ start_date_fct + (1 | uwa_site_code)",69,6,2,1,5,"tweedie","Tweedie (log link)","log","Tweedie with a log link was specified for non-richness metrics",TRUE,TRUE,TRUE,TRUE,175.99449603430415,-78.99724801715207,1.7202015460926936,1.1255505857225125,NA,NA
"Offshore Ardrossan - Offshore Ardrossan Sanctuary Zone","Abundance > 200 mm","Period","total_abundance_sample ~ Period * Status + (1 | uwa_site_code)",19,2,2,2,4,"tweedie","Tweedie (log link)","log","Tweedie with a log link was specified for non-richness metrics",FALSE,FALSE,FALSE,FALSE,NA,NA,0.9999999985128735,1.000000000000323,"NA/NaN function evaluation | Model convergence problem; non-positive-definite Hessian matrix. See vignette('troubleshooting') | Model convergence problem; false convergence (8). See vignette('troubleshooting'), help('diagnose')","Model did not converge | Model Hessian was not positive definite | Model standard errors were not finite | Model AIC was not finite"
"Offshore Ardrossan - Offshore Ardrossan Sanctuary Zone","Abundance > 200 mm","Temporal","total_abundance_sample ~ start_date_fct * Status + (1 | uwa_site_code)",19,2,2,2,4,"tweedie","Tweedie (log link)","log","Tweedie with a log link was specified for non-richness metrics",FALSE,FALSE,FALSE,FALSE,NA,NA,0.9999999985128735,1.000000000000323,"NA/NaN function evaluation | Model convergence problem; non-positive-definite Hessian matrix. See vignette('troubleshooting') | Model convergence problem; false convergence (8). See vignette('troubleshooting'), help('diagnose')","Model did not converge | Model Hessian was not positive definite | Model standard errors were not finite | Model AIC was not finite"
"Port Gibbon - Port Gibbon Sanctuary Zone","Abundance > 200 mm","Period","total_abundance_sample ~ Period * Status + (1 | uwa_site_code)",41,2,2,2,6,"tweedie","Tweedie (log link)","log","Tweedie with a log link was specified for non-richness metrics",FALSE,FALSE,FALSE,FALSE,NA,NA,0.9999999555695811,1.0000000000000997,"NA/NaN function evaluation | Model convergence problem; non-positive-definite Hessian matrix. See vignette('troubleshooting') | Model convergence problem; false convergence (8). See vignette('troubleshooting'), help('diagnose')","Model did not converge | Model Hessian was not positive definite | Model standard errors were not finite | Model AIC was not finite"
"Port Gibbon - Port Gibbon Sanctuary Zone","Abundance > 200 mm","Temporal","total_abundance_sample ~ start_date_fct * Status + (1 | uwa_site_code)",41,2,2,2,6,"tweedie","Tweedie (log link)","log","Tweedie with a log link was specified for non-richness metrics",FALSE,FALSE,FALSE,FALSE,NA,NA,0.9999999555695811,1.0000000000000997,"NA/NaN function evaluation | Model convergence problem; non-positive-definite Hessian matrix. See vignette('troubleshooting') | Model convergence problem; false convergence (8). See vignette('troubleshooting'), help('diagnose')","Model did not converge | Model Hessian was not positive definite | Model standard errors were not finite | Model AIC was not finite"
"Port Noarlunga - Port Noarlunga Reef Sanctuary Zone","Abundance > 200 mm","Period","total_abundance_sample ~ Period + (1 | start_date_fct)",19,5,2,1,1,"tweedie","Tweedie (log link)","log","Tweedie with a log link was specified for non-richness metrics",TRUE,TRUE,TRUE,TRUE,102.55955142718005,-46.27977571359003,1.6570278750404879,1.0129684148132774,NA,NA
"Port Noarlunga - Port Noarlunga Reef Sanctuary Zone","Abundance > 200 mm","Temporal","total_abundance_sample ~ start_date_fct",19,5,2,1,1,"tweedie","Tweedie (log link)","log","Tweedie with a log link was specified for non-richness metrics",TRUE,TRUE,TRUE,TRUE,106.30116926613253,-46.150584633066266,1.656960101786969,1.0129669333181794,NA,NA
"Rapid Head - Rapid Head Sanctuary Zone","Abundance > 200 mm","Period","total_abundance_sample ~ Period * Status + (1 | start_date_fct) +     (1 | uwa_site_code)",143,7,2,2,6,"tweedie","Tweedie (log link)","log","Tweedie with a log link was specified for non-richness metrics",TRUE,TRUE,TRUE,TRUE,898.7208934544884,-441.3604467272442,1.8619750530885584,1.2785458529775262,NA,NA
"Rapid Head - Rapid Head Sanctuary Zone","Abundance > 200 mm","Temporal","total_abundance_sample ~ start_date_fct * Status + (1 | uwa_site_code)",143,7,2,2,6,"tweedie","Tweedie (log link)","log","Tweedie with a log link was specified for non-richness metrics",TRUE,TRUE,TRUE,TRUE,913.1434351575382,-439.5717175787691,1.875606814898919,1.2627392539994222,NA,NA
"Sponge Gardens - Sponge Gardens Sanctuary Zone","Abundance > 200 mm","Period","total_abundance_sample ~ Period * Status + (1 | start_date_fct) +     (1 | uwa_site_code)",153,8,2,2,6,"tweedie","Tweedie (log link)","log","Tweedie with a log link was specified for non-richness metrics",TRUE,TRUE,TRUE,TRUE,1022.3982194607219,-503.19910973036093,2.0078223867580203,1.2227555555504812,NA,NA
"Sponge Gardens - Sponge Gardens Sanctuary Zone","Abundance > 200 mm","Temporal","total_abundance_sample ~ start_date_fct * Status + (1 | uwa_site_code)",153,8,2,2,6,"tweedie","Tweedie (log link)","log","Tweedie with a log link was specified for non-richness metrics",TRUE,TRUE,TRUE,TRUE,1020.5620376410097,-491.28101882050487,1.924950405293058,1.1970796001178847,NA,NA
"The Pages - The Pages Sanctuary Zone","Abundance > 200 mm","Period","total_abundance_sample ~ Period * Status + (1 | start_date_fct) +     (1 | uwa_site_code)",163,8,2,2,6,"tweedie","Tweedie (log link)","log","Tweedie with a log link was specified for non-richness metrics",TRUE,TRUE,TRUE,TRUE,975.8505040882865,-479.92525204414324,1.9083716327300448,1.2382056007918043,NA,NA
"The Pages - The Pages Sanctuary Zone","Abundance > 200 mm","Temporal","total_abundance_sample ~ start_date_fct * Status + (1 | uwa_site_code)",163,8,2,2,6,"tweedie","Tweedie (log link)","log","Tweedie with a log link was specified for non-richness metrics",TRUE,TRUE,TRUE,TRUE,968.5873217210699,-465.29366086053494,1.8127878197301652,1.2127939824832605,NA,NA
"Victor Harbor - Encounter Bay Sanctuary Zone","Abundance > 200 mm","Period","total_abundance_sample ~ Status + (1 | start_date_fct) + (1 |     uwa_site_code)",40,2,1,2,4,"tweedie","Tweedie (log link)","log","Tweedie with a log link was specified for non-richness metrics",TRUE,TRUE,TRUE,TRUE,230.0832509095814,-109.0416254547907,1.9619738165957759,1.1145083662800126,NA,NA
"Victor Harbor - Encounter Bay Sanctuary Zone","Abundance > 200 mm","Temporal","total_abundance_sample ~ start_date_fct * Status + (1 | uwa_site_code)",40,2,1,2,4,"tweedie","Tweedie (log link)","log","Tweedie with a log link was specified for non-richness metrics",TRUE,TRUE,TRUE,TRUE,227.4957321443504,-106.7478660721752,1.9059322426393144,1.1045915134612796,NA,NA
"Windara Reef - Windara Shell fish Reef Sanctuary Zone","Abundance > 200 mm","Period","total_abundance_sample ~ Period + (1 | start_date_fct) + (1 |     uwa_site_code)",78,7,2,1,3,"tweedie","Tweedie (log link)","log","Tweedie with a log link was specified for non-richness metrics",FALSE,FALSE,FALSE,FALSE,NA,NA,1.0000000000000768,1.00000000000003,"NA/NaN function evaluation | Model convergence problem; non-positive-definite Hessian matrix. See vignette('troubleshooting') | Model convergence problem; false convergence (8). See vignette('troubleshooting'), help('diagnose')","Model did not converge | Model Hessian was not positive definite | Model standard errors were not finite | Model AIC was not finite"
"Windara Reef - Windara Shell fish Reef Sanctuary Zone","Abundance > 200 mm","Temporal","total_abundance_sample ~ start_date_fct + (1 | uwa_site_code)",78,7,2,1,3,"tweedie","Tweedie (log link)","log","Tweedie with a log link was specified for non-richness metrics",FALSE,FALSE,FALSE,FALSE,NA,NA,1.000000000015692,1.0000000000093567,"Model convergence problem; non-positive-definite Hessian matrix. See vignette('troubleshooting') | Model convergence problem; false convergence (8). See vignette('troubleshooting'), help('diagnose')","Model did not converge | Model Hessian was not positive definite | Model standard errors were not finite | Model AIC was not finite"
"Aldinga - Aldinga Reef Sanctuary Zone","Reef associated species richness","Period","n_species_sample ~ Period * Status + (1 | start_date_fct) + (1 |     uwa_site_code)",125,9,2,2,3,"poisson","Poisson (log link)","log","Poisson with a log link was specified for species-richness count metrics",TRUE,TRUE,TRUE,TRUE,753.4371620772464,-370.7185810386232,1,NA,NA,NA
"Aldinga - Aldinga Reef Sanctuary Zone","Reef associated species richness","Temporal","n_species_sample ~ start_date_fct + (1 | uwa_site_code)",125,9,2,2,3,"poisson","Poisson (log link)","log","Poisson with a log link was specified for species-richness count metrics",TRUE,TRUE,TRUE,TRUE,755.2942838499001,-367.64714192495006,1,NA,NA,NA
"Bay of Shoals - Bay of Shoals Sanctuary Zone","Reef associated species richness","Period","n_species_sample ~ Period * Status + (1 | start_date_fct) + (1 |     uwa_site_code)",96,4,2,2,6,"poisson","Poisson (log link)","log","Poisson with a log link was specified for species-richness count metrics",TRUE,TRUE,TRUE,TRUE,155.35876338932647,-71.67938169466323,1,NA,NA,NA
"Bay of Shoals - Bay of Shoals Sanctuary Zone","Reef associated species richness","Temporal","n_species_sample ~ start_date_fct * Status + (1 | uwa_site_code)",96,4,2,2,6,"poisson","Poisson (log link)","log","Poisson with a log link was specified for species-richness count metrics",TRUE,TRUE,TRUE,TRUE,149.9509794274746,-65.9754897137373,1,NA,NA,NA
"Boston Bay","Reef associated species richness","Period","n_species_sample ~ Period + (1 | start_date_fct) + (1 | uwa_site_code)",141,6,2,1,3,"poisson","Poisson (log link)","log","Poisson with a log link was specified for species-richness count metrics",TRUE,TRUE,TRUE,TRUE,179.56045225436074,-85.78022612718037,1,NA,NA,NA
"Boston Bay","Reef associated species richness","Temporal","n_species_sample ~ start_date_fct + (1 | uwa_site_code)",93,4,2,1,3,"poisson","Poisson (log link)","log","Poisson with a log link was specified for species-richness count metrics",TRUE,TRUE,TRUE,TRUE,145.06447939499168,-67.53223969749584,1,NA,NA,NA
"Cape Elizabeth - Cape Elizabeth Sanctuary Zone","Reef associated species richness","Period","n_species_sample ~ Period * Status + (1 | uwa_site_code)",48,2,2,2,6,"poisson","Poisson (log link)","log","Poisson with a log link was specified for species-richness count metrics",TRUE,TRUE,TRUE,TRUE,182.1896345853561,-86.09481729267804,1,NA,NA,NA
"Cape Elizabeth - Cape Elizabeth Sanctuary Zone","Reef associated species richness","Temporal","n_species_sample ~ start_date_fct * Status + (1 | uwa_site_code)",48,2,2,2,6,"poisson","Poisson (log link)","log","Poisson with a log link was specified for species-richness count metrics",TRUE,TRUE,TRUE,TRUE,182.1896345853561,-86.09481729267804,1,NA,NA,NA
"Carrickalinga - Carrickalinga Cliffs Sanctuary Zone","Reef associated species richness","Period","n_species_sample ~ Period * Status + (1 | start_date_fct) + (1 |     uwa_site_code)",165,8,2,2,6,"poisson","Poisson (log link)","log","Poisson with a log link was specified for species-richness count metrics",TRUE,TRUE,TRUE,TRUE,828.2335411830635,-408.11677059153175,1,NA,NA,NA
"Carrickalinga - Carrickalinga Cliffs Sanctuary Zone","Reef associated species richness","Temporal","n_species_sample ~ start_date_fct + (1 | uwa_site_code)",165,8,2,2,6,"poisson","Poisson (log link)","log","Poisson with a log link was specified for species-richness count metrics",TRUE,TRUE,TRUE,TRUE,814.8801891201692,-398.4400945600846,1,NA,NA,NA
"Chinamans Hat - Chinamans Hat Sanctuary Zone","Reef associated species richness","Period","n_species_sample ~ Period * Status + (1 | uwa_site_code)",46,2,2,2,6,"poisson","Poisson (log link)","log","Poisson with a log link was specified for species-richness count metrics",TRUE,TRUE,TRUE,TRUE,250.1245360273006,-120.0622680136503,1,NA,NA,NA
"Chinamans Hat - Chinamans Hat Sanctuary Zone","Reef associated species richness","Temporal","n_species_sample ~ start_date_fct * Status + (1 | uwa_site_code)",46,2,2,2,6,"poisson","Poisson (log link)","log","Poisson with a log link was specified for species-richness count metrics",TRUE,TRUE,TRUE,TRUE,250.1245360273006,-120.0622680136503,1,NA,NA,NA
"Cuttlefish Coast - Fairway Bank Sanctuary Zone","Reef associated species richness","Period","n_species_sample ~ Period * Status + (1 | uwa_site_code)",36,2,2,2,4,"poisson","Poisson (log link)","log","Poisson with a log link was specified for species-richness count metrics",TRUE,TRUE,TRUE,TRUE,65.45611022057864,-27.72805511028932,1,NA,NA,NA
"Cuttlefish Coast - Fairway Bank Sanctuary Zone","Reef associated species richness","Temporal","n_species_sample ~ start_date_fct * Status + (1 | uwa_site_code)",36,2,2,2,4,"poisson","Poisson (log link)","log","Poisson with a log link was specified for species-richness count metrics",TRUE,TRUE,TRUE,TRUE,65.45611022057864,-27.72805511028932,1,NA,NA,NA
"Dangerous Reef - Dangerous Reef Sanctuary Zone","Reef associated species richness","Period","n_species_sample ~ Period + (1 | start_date_fct)",77,7,2,1,1,"poisson","Poisson (log link)","log","Poisson with a log link was specified for species-richness count metrics",TRUE,TRUE,TRUE,TRUE,582.2384231345251,-288.11921156726254,1,NA,NA,NA
"Dangerous Reef - Dangerous Reef Sanctuary Zone","Reef associated species richness","Temporal","n_species_sample ~ start_date_fct",65,6,2,1,1,"poisson","Poisson (log link)","log","Poisson with a log link was specified for species-richness count metrics",TRUE,TRUE,TRUE,TRUE,545.8526822709133,-266.92634113545665,1,NA,NA,NA
"Glenelg","Reef associated species richness","Period","n_species_sample ~ Period + (1 | start_date_fct) + (1 | uwa_site_code)",98,6,2,1,4,"poisson","Poisson (log link)","log","Poisson with a log link was specified for species-richness count metrics",TRUE,TRUE,TRUE,TRUE,275.98884352122064,-133.99442176061032,1,NA,NA,NA
"Glenelg","Reef associated species richness","Temporal","n_species_sample ~ start_date_fct + (1 | uwa_site_code)",98,6,2,1,4,"poisson","Poisson (log link)","log","Poisson with a log link was specified for species-richness count metrics",TRUE,TRUE,TRUE,TRUE,272.21773084507544,-129.10886542253772,1,NA,NA,NA
"Middle/Long Spit - Middle Spit Sanctuary Zone","Reef associated species richness","Period","n_species_sample ~ Period * Status + (1 | start_date_fct) + (1 |     uwa_site_code)",80,5,2,2,5,"poisson","Poisson (log link)","log","Poisson with a log link was specified for species-richness count metrics",TRUE,TRUE,TRUE,TRUE,188.1628477744361,-88.08142388721805,1,NA,NA,NA
"Middle/Long Spit - Middle Spit Sanctuary Zone","Reef associated species richness","Temporal","n_species_sample ~ start_date_fct + (1 | uwa_site_code)",74,4,2,2,5,"poisson","Poisson (log link)","log","Poisson with a log link was specified for species-richness count metrics",TRUE,TRUE,TRUE,TRUE,180.35474843878535,-85.17737421939268,1,NA,NA,NA
"O'Sullivan","Reef associated species richness","Period","n_species_sample ~ Period + (1 | start_date_fct) + (1 | uwa_site_code)",98,9,2,1,5,"poisson","Poisson (log link)","log","Poisson with a log link was specified for species-richness count metrics",TRUE,TRUE,TRUE,TRUE,282.75843140141285,-137.37921570070642,1,NA,NA,NA
"O'Sullivan","Reef associated species richness","Temporal","n_species_sample ~ start_date_fct + (1 | uwa_site_code)",98,9,2,1,5,"poisson","Poisson (log link)","log","Poisson with a log link was specified for species-richness count metrics",TRUE,TRUE,TRUE,TRUE,287.4633300652679,-133.73166503263394,1,NA,NA,NA
"Offshore Ardrossan - Offshore Ardrossan Sanctuary Zone","Reef associated species richness","Period","n_species_sample ~ Period * Status + (1 | start_date_fct) + (1 |     uwa_site_code)",57,4,2,2,4,"poisson","Poisson (log link)","log","Poisson with a log link was specified for species-richness count metrics",TRUE,TRUE,TRUE,TRUE,142.65897143288757,-65.32948571644378,1,NA,NA,NA
"Offshore Ardrossan - Offshore Ardrossan Sanctuary Zone","Reef associated species richness","Temporal","n_species_sample ~ start_date_fct * Status + (1 | uwa_site_code)",57,4,2,2,4,"poisson","Poisson (log link)","log","Poisson with a log link was specified for species-richness count metrics",TRUE,TRUE,TRUE,TRUE,135.8894847400223,-58.944742370011156,1,NA,NA,NA
"Orcades Bank - Orcades Bank Sanctuary Zone","Reef associated species richness","Period","n_species_sample ~ 1",12,1,1,1,1,"poisson","Poisson (log link)","log","Poisson with a log link was specified for species-richness count metrics",TRUE,TRUE,TRUE,TRUE,72.39260487733554,-35.19630243866777,1,NA,NA,NA
"Orcades Bank - Orcades Bank Sanctuary Zone","Reef associated species richness","Temporal","n_species_sample ~ 1",12,1,1,1,1,"poisson","Poisson (log link)","log","Poisson with a log link was specified for species-richness count metrics",TRUE,TRUE,TRUE,TRUE,72.39260487733554,-35.19630243866777,1,NA,NA,NA
"Port Gibbon - Port Gibbon Sanctuary Zone","Reef associated species richness","Period","n_species_sample ~ Period * Status + (1 | uwa_site_code)",48,2,2,2,6,"poisson","Poisson (log link)","log","Poisson with a log link was specified for species-richness count metrics",TRUE,TRUE,TRUE,TRUE,146.40358252263547,-68.20179126131774,1,NA,NA,NA
"Port Gibbon - Port Gibbon Sanctuary Zone","Reef associated species richness","Temporal","n_species_sample ~ start_date_fct * Status + (1 | uwa_site_code)",48,2,2,2,6,"poisson","Poisson (log link)","log","Poisson with a log link was specified for species-richness count metrics",TRUE,TRUE,TRUE,TRUE,146.40358252263547,-68.20179126131774,1,NA,NA,NA
"Port Noarlunga - Port Noarlunga Reef Sanctuary Zone","Reef associated species richness","Period","n_species_sample ~ Period + (1 | start_date_fct)",37,8,2,1,1,"poisson","Poisson (log link)","log","Poisson with a log link was specified for species-richness count metrics",TRUE,TRUE,TRUE,TRUE,196.02564151837663,-95.01282075918832,1,NA,NA,NA
"Port Noarlunga - Port Noarlunga Reef Sanctuary Zone","Reef associated species richness","Temporal","n_species_sample ~ start_date_fct",37,8,2,1,1,"poisson","Poisson (log link)","log","Poisson with a log link was specified for species-richness count metrics",TRUE,TRUE,TRUE,TRUE,179.67975531783603,-81.83987765891801,1,NA,NA,NA
"Rapid Head - Rapid Head Sanctuary Zone","Reef associated species richness","Period","n_species_sample ~ Period * Status + (1 | start_date_fct) + (1 |     uwa_site_code)",164,7,2,2,6,"poisson","Poisson (log link)","log","Poisson with a log link was specified for species-richness count metrics",TRUE,TRUE,TRUE,TRUE,825.1142785201998,-406.5571392600999,1,NA,NA,NA
"Rapid Head - Rapid Head Sanctuary Zone","Reef associated species richness","Temporal","n_species_sample ~ start_date_fct * Status + (1 | uwa_site_code)",164,7,2,2,6,"poisson","Poisson (log link)","log","Poisson with a log link was specified for species-richness count metrics",TRUE,TRUE,TRUE,TRUE,812.4389724487946,-391.2194862243973,1,NA,NA,NA
"Sponge Gardens - Sponge Gardens Sanctuary Zone","Reef associated species richness","Period","n_species_sample ~ Period * Status + (1 | start_date_fct) + (1 |     uwa_site_code)",163,8,2,2,6,"poisson","Poisson (log link)","log","Poisson with a log link was specified for species-richness count metrics",TRUE,TRUE,TRUE,TRUE,963.3119168725874,-475.6559584362937,1,NA,NA,NA
"Sponge Gardens - Sponge Gardens Sanctuary Zone","Reef associated species richness","Temporal","n_species_sample ~ start_date_fct * Status + (1 | uwa_site_code)",163,8,2,2,6,"poisson","Poisson (log link)","log","Poisson with a log link was specified for species-richness count metrics",TRUE,TRUE,TRUE,TRUE,960.3385924444351,-463.16929622221755,1,NA,NA,NA
"The Pages - The Pages Sanctuary Zone","Reef associated species richness","Period","n_species_sample ~ Period * Status + (1 | start_date_fct) + (1 |     uwa_site_code)",181,8,2,2,6,"poisson","Poisson (log link)","log","Poisson with a log link was specified for species-richness count metrics",TRUE,TRUE,TRUE,TRUE,865.6971976198275,-426.84859880991377,1,NA,NA,NA
"The Pages - The Pages Sanctuary Zone","Reef associated species richness","Temporal","n_species_sample ~ start_date_fct * Status + (1 | uwa_site_code)",181,8,2,2,6,"poisson","Poisson (log link)","log","Poisson with a log link was specified for species-richness count metrics",TRUE,TRUE,TRUE,TRUE,860.2516801935128,-413.1258400967564,1,NA,NA,NA
"Victor Harbor - Encounter Bay Sanctuary Zone","Reef associated species richness","Period","n_species_sample ~ Period * Status + (1 | start_date_fct) + (1 |     uwa_site_code)",72,5,2,2,4,"poisson","Poisson (log link)","log","Poisson with a log link was specified for species-richness count metrics",TRUE,TRUE,TRUE,TRUE,333.5913800855426,-160.7956900427713,1,NA,NA,NA
"Victor Harbor - Encounter Bay Sanctuary Zone","Reef associated species richness","Temporal","n_species_sample ~ start_date_fct + (1 | uwa_site_code)",72,5,2,2,4,"poisson","Poisson (log link)","log","Poisson with a log link was specified for species-richness count metrics",TRUE,TRUE,TRUE,TRUE,332.9163707060541,-160.45818535302706,1,NA,NA,NA
"Windara Reef - Windara Shell fish Reef Sanctuary Zone","Reef associated species richness","Period","n_species_sample ~ Period + (1 | start_date_fct) + (1 | uwa_site_code)",84,7,2,1,3,"poisson","Poisson (log link)","log","Poisson with a log link was specified for species-richness count metrics",TRUE,TRUE,TRUE,TRUE,148.8532258904653,-70.42661294523265,1,NA,NA,NA
"Windara Reef - Windara Shell fish Reef Sanctuary Zone","Reef associated species richness","Temporal","n_species_sample ~ start_date_fct + (1 | uwa_site_code)",84,7,2,1,3,"poisson","Poisson (log link)","log","Poisson with a log link was specified for species-richness count metrics",TRUE,TRUE,TRUE,TRUE,151.90913581168672,-67.95456790584336,1,NA,NA,NA
"Aldinga - Aldinga Reef Sanctuary Zone","Shannon diversity","Period","shannon ~ Period * Status + (1 | start_date_fct) + (1 | uwa_site_code)",125,9,2,2,3,"tweedie","Tweedie (log link)","log","Tweedie with a log link was specified for non-richness metrics",TRUE,TRUE,TRUE,TRUE,304.5187734603499,-144.25938673017495,0.3439825274041728,1.2380437455706932,NA,NA
"Aldinga - Aldinga Reef Sanctuary Zone","Shannon diversity","Temporal","shannon ~ start_date_fct + (1 | uwa_site_code)",125,9,2,2,3,"tweedie","Tweedie (log link)","log","Tweedie with a log link was specified for non-richness metrics",TRUE,TRUE,TRUE,TRUE,303.4260714656719,-139.71303573283595,0.32525795693968435,1.2271552366096754,NA,NA
"Bay of Shoals - Bay of Shoals Sanctuary Zone","Shannon diversity","Period","shannon ~ Period * Status + (1 | start_date_fct) + (1 | uwa_site_code)",96,4,2,2,6,"tweedie","Tweedie (log link)","log","Tweedie with a log link was specified for non-richness metrics",TRUE,TRUE,TRUE,TRUE,153.4614207174293,-68.73071035871465,0.17358653321473277,1.0241624362545636,NA,NA
"Bay of Shoals - Bay of Shoals Sanctuary Zone","Shannon diversity","Temporal","shannon ~ start_date_fct * Status + (1 | uwa_site_code)",96,4,2,2,6,"tweedie","Tweedie (log link)","log","Tweedie with a log link was specified for non-richness metrics",TRUE,TRUE,TRUE,TRUE,148.0271081527991,-63.01355407639955,0.17328792198538634,1.023845949973419,NA,NA
"Boston Bay","Shannon diversity","Period","shannon ~ Period + (1 | start_date_fct) + (1 | uwa_site_code)",141,6,2,1,3,"tweedie","Tweedie (log link)","log","Tweedie with a log link was specified for non-richness metrics",TRUE,TRUE,TRUE,TRUE,196.106936562802,-92.053468281401,0.13414289197480167,1.145434613851772,NA,NA
"Boston Bay","Shannon diversity","Temporal","shannon ~ start_date_fct + (1 | uwa_site_code)",141,6,2,1,3,"tweedie","Tweedie (log link)","log","Tweedie with a log link was specified for non-richness metrics",TRUE,TRUE,TRUE,TRUE,176.20759480407392,-79.10379740203696,0.1289989271107607,1.1385943210353948,NA,NA
"Cape Elizabeth - Cape Elizabeth Sanctuary Zone","Shannon diversity","Period","shannon ~ Period * Status + (1 | uwa_site_code)",48,2,2,2,6,"tweedie","Tweedie (log link)","log","Tweedie with a log link was specified for non-richness metrics",TRUE,TRUE,TRUE,TRUE,35.92233568092281,-10.961167840461403,0.050897292052619385,1.0027889634779343,NA,NA
"Cape Elizabeth - Cape Elizabeth Sanctuary Zone","Shannon diversity","Temporal","shannon ~ start_date_fct * Status + (1 | uwa_site_code)",48,2,2,2,6,"tweedie","Tweedie (log link)","log","Tweedie with a log link was specified for non-richness metrics",TRUE,TRUE,TRUE,TRUE,35.92233568092281,-10.961167840461403,0.050897292052619385,1.0027889634779343,NA,NA
"Carrickalinga - Carrickalinga Cliffs Sanctuary Zone","Shannon diversity","Period","shannon ~ Period * Status + (1 | start_date_fct) + (1 | uwa_site_code)",165,8,2,2,6,"tweedie","Tweedie (log link)","log","Tweedie with a log link was specified for non-richness metrics",TRUE,TRUE,TRUE,TRUE,339.9093481943676,-161.9546740971838,0.2320538125216356,1.0345301604662946,NA,NA
"Carrickalinga - Carrickalinga Cliffs Sanctuary Zone","Shannon diversity","Temporal","shannon ~ start_date_fct + (1 | uwa_site_code)",165,8,2,2,6,"tweedie","Tweedie (log link)","log","Tweedie with a log link was specified for non-richness metrics",TRUE,TRUE,TRUE,TRUE,336.7736073221999,-157.38680366109995,0.22895153100623775,1.0341774127029457,NA,NA
"Chinamans Hat - Chinamans Hat Sanctuary Zone","Shannon diversity","Period","shannon ~ Period * Status + (1 | uwa_site_code)",46,2,2,2,6,"tweedie","Tweedie (log link)","log","Tweedie with a log link was specified for non-richness metrics",TRUE,TRUE,TRUE,TRUE,72.3317303362994,-29.1658651681497,0.10696559425083349,1.0060093382710427,NA,NA
"Chinamans Hat - Chinamans Hat Sanctuary Zone","Shannon diversity","Temporal","shannon ~ start_date_fct * Status + (1 | uwa_site_code)",46,2,2,2,6,"tweedie","Tweedie (log link)","log","Tweedie with a log link was specified for non-richness metrics",TRUE,TRUE,TRUE,TRUE,72.3317303362994,-29.1658651681497,0.10696559425083349,1.0060093382710427,NA,NA
"Cuttlefish Coast - Fairway Bank Sanctuary Zone","Shannon diversity","Period","shannon ~ Period * Status + (1 | uwa_site_code)",36,2,2,2,4,"tweedie","Tweedie (log link)","log","Tweedie with a log link was specified for non-richness metrics",TRUE,TRUE,TRUE,TRUE,39.55672531093653,-12.778362655468266,0.17027786799900504,1.0278893708496557,NA,NA
"Cuttlefish Coast - Fairway Bank Sanctuary Zone","Shannon diversity","Temporal","shannon ~ start_date_fct * Status + (1 | uwa_site_code)",36,2,2,2,4,"tweedie","Tweedie (log link)","log","Tweedie with a log link was specified for non-richness metrics",TRUE,TRUE,TRUE,TRUE,39.55672531093653,-12.778362655468266,0.17027786799900504,1.0278893708496557,NA,NA
"Dangerous Reef - Dangerous Reef Sanctuary Zone","Shannon diversity","Period","shannon ~ Period + (1 | start_date_fct)",76,7,2,1,1,"tweedie","Tweedie (log link)","log","Tweedie with a log link was specified for non-richness metrics",TRUE,TRUE,TRUE,TRUE,144.00666946353167,-67.00333473176583,0.16510700084900923,1.0100450432177692,NA,NA
"Dangerous Reef - Dangerous Reef Sanctuary Zone","Shannon diversity","Temporal","shannon ~ start_date_fct",76,7,2,1,1,"tweedie","Tweedie (log link)","log","Tweedie with a log link was specified for non-richness metrics",TRUE,TRUE,TRUE,TRUE,146.80693179706878,-64.40346589853439,0.1650690228219357,1.0099845303484896,NA,NA
"Glenelg","Shannon diversity","Period","shannon ~ Period + (1 | start_date_fct) + (1 | uwa_site_code)",93,6,2,1,4,"tweedie","Tweedie (log link)","log","Tweedie with a log link was specified for non-richness metrics",TRUE,TRUE,TRUE,TRUE,189.9784503643207,-88.98922518216035,0.3246435826662828,1.119560457012901,NA,NA
"Glenelg","Shannon diversity","Temporal","shannon ~ start_date_fct + (1 | uwa_site_code)",93,6,2,1,4,"tweedie","Tweedie (log link)","log","Tweedie with a log link was specified for non-richness metrics",TRUE,TRUE,TRUE,TRUE,186.56321839259328,-84.28160919629664,0.30726178030267504,1.1102564246284423,NA,NA
"Middle/Long Spit - Middle Spit Sanctuary Zone","Shannon diversity","Period","shannon ~ Period * Status + (1 | start_date_fct) + (1 | uwa_site_code)",80,5,2,2,5,"tweedie","Tweedie (log link)","log","Tweedie with a log link was specified for non-richness metrics",FALSE,TRUE,TRUE,FALSE,69.47513009556394,-26.73756504778197,0.07274649572916865,1.005879081333476,NA,"Model standard errors were not finite"
"Middle/Long Spit - Middle Spit Sanctuary Zone","Shannon diversity","Temporal","shannon ~ start_date_fct + (1 | uwa_site_code)",80,5,2,2,5,"tweedie","Tweedie (log link)","log","Tweedie with a log link was specified for non-richness metrics",TRUE,TRUE,TRUE,TRUE,71.55612732329436,-27.77806366164718,0.07274922112444898,1.005879020132033,NA,NA
"O'Sullivan","Shannon diversity","Period","shannon ~ Period + (1 | start_date_fct) + (1 | uwa_site_code)",98,9,2,1,5,"tweedie","Tweedie (log link)","log","Tweedie with a log link was specified for non-richness metrics",TRUE,TRUE,TRUE,TRUE,181.08076229256613,-84.54038114628307,0.23797143680606223,1.20614808344825,NA,NA
"O'Sullivan","Shannon diversity","Temporal","shannon ~ start_date_fct + (1 | uwa_site_code)",98,9,2,1,5,"tweedie","Tweedie (log link)","log","Tweedie with a log link was specified for non-richness metrics",TRUE,TRUE,TRUE,TRUE,172.73333498831212,-74.36666749415606,0.216170407543808,1.191454644027921,NA,NA
"Offshore Ardrossan - Offshore Ardrossan Sanctuary Zone","Shannon diversity","Period","shannon ~ Period * Status + (1 | start_date_fct) + (1 | uwa_site_code)",57,4,2,2,4,"tweedie","Tweedie (log link)","log","Tweedie with a log link was specified for non-richness metrics",TRUE,TRUE,TRUE,TRUE,43.9492147270927,-13.974607363546351,0.17885596693171416,1.1486776594905634,NA,NA
"Offshore Ardrossan - Offshore Ardrossan Sanctuary Zone","Shannon diversity","Temporal","shannon ~ start_date_fct * Status + (1 | uwa_site_code)",57,4,2,2,4,"tweedie","Tweedie (log link)","log","Tweedie with a log link was specified for non-richness metrics",TRUE,TRUE,TRUE,TRUE,37.29886026863346,-7.649430134316729,0.15450759734634884,1.1056246453164815,NA,NA
"Orcades Bank - Orcades Bank Sanctuary Zone","Shannon diversity","Period","shannon ~ 1",12,1,1,1,1,"tweedie","Tweedie (log link)","log","Tweedie with a log link was specified for non-richness metrics",TRUE,TRUE,TRUE,TRUE,21.11498847184268,-7.5574942359213395,0.10400440744670815,1.005539097729986,NA,NA
"Orcades Bank - Orcades Bank Sanctuary Zone","Shannon diversity","Temporal","shannon ~ 1",12,1,1,1,1,"tweedie","Tweedie (log link)","log","Tweedie with a log link was specified for non-richness metrics",TRUE,TRUE,TRUE,TRUE,21.11498847184268,-7.5574942359213395,0.10400440744670815,1.005539097729986,NA,NA
"Port Gibbon - Port Gibbon Sanctuary Zone","Shannon diversity","Period","shannon ~ Period * Status + (1 | uwa_site_code)",48,2,2,2,6,"tweedie","Tweedie (log link)","log","Tweedie with a log link was specified for non-richness metrics",TRUE,TRUE,TRUE,TRUE,59.67222218541259,-22.836111092706297,0.0822010961980497,1.004712352398525,NA,NA
"Port Gibbon - Port Gibbon Sanctuary Zone","Shannon diversity","Temporal","shannon ~ start_date_fct * Status + (1 | uwa_site_code)",48,2,2,2,6,"tweedie","Tweedie (log link)","log","Tweedie with a log link was specified for non-richness metrics",TRUE,TRUE,TRUE,TRUE,59.67222218541259,-22.836111092706297,0.0822010961980497,1.004712352398525,NA,NA
"Port Noarlunga - Port Noarlunga Reef Sanctuary Zone","Shannon diversity","Period","shannon ~ Period + (1 | start_date_fct)",37,8,2,1,1,"tweedie","Tweedie (log link)","log","Tweedie with a log link was specified for non-richness metrics",TRUE,TRUE,TRUE,TRUE,88.1237739181899,-39.06188695909495,0.22688481145951644,1.2019261271183028,NA,NA
"Port Noarlunga - Port Noarlunga Reef Sanctuary Zone","Shannon diversity","Temporal","shannon ~ start_date_fct",37,8,2,1,1,"tweedie","Tweedie (log link)","log","Tweedie with a log link was specified for non-richness metrics",TRUE,TRUE,TRUE,TRUE,78.5591121790012,-29.279556089500606,0.16942627141221686,1.1603644499163774,NA,NA
"Rapid Head - Rapid Head Sanctuary Zone","Shannon diversity","Period","shannon ~ Period * Status + (1 | start_date_fct) + (1 | uwa_site_code)",163,7,2,2,6,"tweedie","Tweedie (log link)","log","Tweedie with a log link was specified for non-richness metrics",TRUE,TRUE,TRUE,TRUE,158.18241434472515,-71.09120717236257,0.06895760386371048,1.007945724325952,NA,NA
"Rapid Head - Rapid Head Sanctuary Zone","Shannon diversity","Temporal","shannon ~ start_date_fct * Status + (1 | uwa_site_code)",163,7,2,2,6,"tweedie","Tweedie (log link)","log","Tweedie with a log link was specified for non-richness metrics",TRUE,TRUE,TRUE,TRUE,153.23227815178228,-59.616139075891134,0.06334777878248882,1.0046007226523137,NA,NA
"Sponge Gardens - Sponge Gardens Sanctuary Zone","Shannon diversity","Period","shannon ~ Period * Status + (1 | start_date_fct) + (1 | uwa_site_code)",163,8,2,2,6,"tweedie","Tweedie (log link)","log","Tweedie with a log link was specified for non-richness metrics",TRUE,TRUE,TRUE,TRUE,209.3547809670194,-96.6773904835097,0.09348675043960616,1.0072349461241925,NA,NA
"Sponge Gardens - Sponge Gardens Sanctuary Zone","Shannon diversity","Temporal","shannon ~ start_date_fct * Status + (1 | uwa_site_code)",163,8,2,2,6,"tweedie","Tweedie (log link)","log","Tweedie with a log link was specified for non-richness metrics",TRUE,TRUE,TRUE,TRUE,221.4090401974396,-91.7045200987198,0.08413801488634928,1.007031446391566,NA,NA
"The Pages - The Pages Sanctuary Zone","Shannon diversity","Period","shannon ~ Period * Status + (1 | start_date_fct) + (1 | uwa_site_code)",181,8,2,2,6,"tweedie","Tweedie (log link)","log","Tweedie with a log link was specified for non-richness metrics",TRUE,TRUE,TRUE,TRUE,310.5715307190886,-147.2857653595443,0.14931589117599203,1.1007308585926072,NA,NA
"The Pages - The Pages Sanctuary Zone","Shannon diversity","Temporal","shannon ~ start_date_fct * Status + (1 | uwa_site_code)",181,8,2,2,6,"tweedie","Tweedie (log link)","log","Tweedie with a log link was specified for non-richness metrics",TRUE,TRUE,TRUE,TRUE,313.5549400415714,-137.7774700207857,0.1381136800292122,1.0879986264572588,NA,NA
"Victor Harbor - Encounter Bay Sanctuary Zone","Shannon diversity","Period","shannon ~ Period * Status + (1 | start_date_fct) + (1 | uwa_site_code)",72,5,2,2,4,"tweedie","Tweedie (log link)","log","Tweedie with a log link was specified for non-richness metrics",TRUE,TRUE,TRUE,TRUE,113.97363014990027,-48.98681507495014,0.14462239906124083,1.0109469250736196,NA,NA
"Victor Harbor - Encounter Bay Sanctuary Zone","Shannon diversity","Temporal","shannon ~ start_date_fct + (1 | uwa_site_code)",72,5,2,2,4,"tweedie","Tweedie (log link)","log","Tweedie with a log link was specified for non-richness metrics",TRUE,TRUE,TRUE,TRUE,109.74755977213475,-46.873779886067375,0.14460021392349265,1.010936852702548,NA,NA
"Windara Reef - Windara Shell fish Reef Sanctuary Zone","Shannon diversity","Period","shannon ~ Period + (1 | start_date_fct) + (1 | uwa_site_code)",84,7,2,1,3,"tweedie","Tweedie (log link)","log","Tweedie with a log link was specified for non-richness metrics",TRUE,TRUE,TRUE,TRUE,103.83883809564738,-45.91941904782369,0.11628727717529133,1.0159924276203047,NA,NA
"Windara Reef - Windara Shell fish Reef Sanctuary Zone","Shannon diversity","Temporal","shannon ~ start_date_fct + (1 | uwa_site_code)",84,7,2,1,3,"tweedie","Tweedie (log link)","log","Tweedie with a log link was specified for non-richness metrics",TRUE,TRUE,TRUE,TRUE,109.69644903978227,-44.84822451989113,0.11622823206276772,1.0158876737180587,NA,NA
"Aldinga - Aldinga Reef Sanctuary Zone","Shark and ray richness","Period","n_species_sample ~ Period * Status + (1 | start_date_fct) + (1 |     uwa_site_code)",125,9,2,2,3,"poisson","Poisson (log link)","log","Poisson with a log link was specified for species-richness count metrics",TRUE,TRUE,TRUE,TRUE,220.1476521566848,-104.0738260783424,1,NA,NA,NA
"Aldinga - Aldinga Reef Sanctuary Zone","Shark and ray richness","Temporal","n_species_sample ~ start_date_fct + (1 | uwa_site_code)",113,8,2,2,3,"poisson","Poisson (log link)","log","Poisson with a log link was specified for species-richness count metrics",TRUE,TRUE,TRUE,TRUE,204.93707135485474,-93.46853567742737,1,NA,NA,NA
"Bay of Shoals - Bay of Shoals Sanctuary Zone","Shark and ray richness","Period","n_species_sample ~ Period * Status + (1 | start_date_fct) + (1 |     uwa_site_code)",96,4,2,2,6,"poisson","Poisson (log link)","log","Poisson with a log link was specified for species-richness count metrics",TRUE,TRUE,TRUE,TRUE,156.9618425399043,-72.48092126995215,1,NA,NA,NA
"Bay of Shoals - Bay of Shoals Sanctuary Zone","Shark and ray richness","Temporal","n_species_sample ~ start_date_fct * Status + (1 | uwa_site_code)",72,3,2,2,6,"poisson","Poisson (log link)","log","Poisson with a log link was specified for species-richness count metrics",TRUE,TRUE,TRUE,TRUE,134.74242454893022,-60.371212274465115,1,NA,NA,NA
"Boston Bay","Shark and ray richness","Period","n_species_sample ~ Period + (1 | start_date_fct) + (1 | uwa_site_code)",141,6,2,1,3,"poisson","Poisson (log link)","log","Poisson with a log link was specified for species-richness count metrics",TRUE,TRUE,TRUE,TRUE,182.12312751646039,-87.061563758230193,1,NA,NA,NA
"Boston Bay","Shark and ray richness","Temporal","n_species_sample ~ start_date_fct + (1 | uwa_site_code)",117,5,2,1,3,"poisson","Poisson (log link)","log","Poisson with a log link was specified for species-richness count metrics",TRUE,TRUE,TRUE,TRUE,162.1794963601921,-75.08974818009605,1,NA,NA,NA
"Cape Elizabeth - Cape Elizabeth Sanctuary Zone","Shark and ray richness","Period","n_species_sample ~ Period * Status + (1 | uwa_site_code)",48,2,2,2,6,"poisson","Poisson (log link)","log","Poisson with a log link was specified for species-richness count metrics",TRUE,TRUE,TRUE,TRUE,68.01353354764645,-29.006766773823223,1,NA,NA,NA
"Cape Elizabeth - Cape Elizabeth Sanctuary Zone","Shark and ray richness","Temporal","n_species_sample ~ Status + (1 | uwa_site_code)",24,1,1,2,6,"poisson","Poisson (log link)","log","Poisson with a log link was specified for species-richness count metrics",TRUE,TRUE,TRUE,TRUE,52.84649567031059,-23.423247835155294,1,NA,NA,NA
"Carrickalinga - Carrickalinga Cliffs Sanctuary Zone","Shark and ray richness","Period","n_species_sample ~ Period * Status + (1 | start_date_fct) + (1 |     uwa_site_code)",165,8,2,2,6,"poisson","Poisson (log link)","log","Poisson with a log link was specified for species-richness count metrics",TRUE,TRUE,TRUE,TRUE,244.5100993263115,-116.25504966315575,1,NA,NA,NA
"Carrickalinga - Carrickalinga Cliffs Sanctuary Zone","Shark and ray richness","Temporal","n_species_sample ~ start_date_fct + (1 | uwa_site_code)",165,8,2,2,6,"poisson","Poisson (log link)","log","Poisson with a log link was specified for species-richness count metrics",TRUE,TRUE,TRUE,TRUE,243.9594286687451,-112.97971433437255,1,NA,NA,NA
"Chinamans Hat - Chinamans Hat Sanctuary Zone","Shark and ray richness","Period","n_species_sample ~ Period * Status + (1 | uwa_site_code)",46,2,2,2,6,"poisson","Poisson (log link)","log","Poisson with a log link was specified for species-richness count metrics",TRUE,TRUE,TRUE,TRUE,109.18555122970606,-49.59277561485303,1,NA,NA,NA
"Chinamans Hat - Chinamans Hat Sanctuary Zone","Shark and ray richness","Temporal","n_species_sample ~ start_date_fct * Status + (1 | uwa_site_code)",46,2,2,2,6,"poisson","Poisson (log link)","log","Poisson with a log link was specified for species-richness count metrics",TRUE,TRUE,TRUE,TRUE,109.18555122970606,-49.59277561485303,1,NA,NA,NA
"Cuttlefish Coast - Fairway Bank Sanctuary Zone","Shark and ray richness","Period","n_species_sample ~ Period * Status + (1 | uwa_site_code)",36,2,2,2,4,"poisson","Poisson (log link)","log","Poisson with a log link was specified for species-richness count metrics",FALSE,TRUE,FALSE,TRUE,NA,NA,1,NA,"Model convergence problem; non-positive-definite Hessian matrix. See vignette('troubleshooting')","Model Hessian was not positive definite | Model AIC was not finite"
"Cuttlefish Coast - Fairway Bank Sanctuary Zone","Shark and ray richness","Temporal","n_species_sample ~ Status + (1 | uwa_site_code)",20,1,1,2,4,"poisson","Poisson (log link)","log","Poisson with a log link was specified for species-richness count metrics",TRUE,TRUE,TRUE,TRUE,32.476649253712,-13.238324626855997,1,NA,NA,NA
"Dangerous Reef - Dangerous Reef Sanctuary Zone","Shark and ray richness","Period","n_species_sample ~ Period + (1 | start_date_fct)",77,7,2,1,1,"poisson","Poisson (log link)","log","Poisson with a log link was specified for species-richness count metrics",TRUE,TRUE,TRUE,TRUE,173.6782642840412,-83.8391321420206,1,NA,NA,NA
"Dangerous Reef - Dangerous Reef Sanctuary Zone","Shark and ray richness","Temporal","n_species_sample ~ start_date_fct",77,7,2,1,1,"poisson","Poisson (log link)","log","Poisson with a log link was specified for species-richness count metrics",TRUE,TRUE,TRUE,TRUE,178.88571924187082,-82.44285962093541,1,NA,NA,NA
"Glenelg","Shark and ray richness","Period","n_species_sample ~ Period + (1 | start_date_fct) + (1 | uwa_site_code)",98,6,2,1,4,"poisson","Poisson (log link)","log","Poisson with a log link was specified for species-richness count metrics",TRUE,TRUE,TRUE,TRUE,144.08376213769648,-68.04188106884824,1,NA,NA,NA
"Glenelg","Shark and ray richness","Temporal","n_species_sample ~ start_date_fct + (1 | uwa_site_code)",80,5,2,1,4,"poisson","Poisson (log link)","log","Poisson with a log link was specified for species-richness count metrics",TRUE,TRUE,TRUE,TRUE,142.2487909232408,-65.1243954616204,1,NA,NA,NA
"Middle/Long Spit - Middle Spit Sanctuary Zone","Shark and ray richness","Period","n_species_sample ~ Period * Status + (1 | start_date_fct) + (1 |     uwa_site_code)",80,5,2,2,5,"poisson","Poisson (log link)","log","Poisson with a log link was specified for species-richness count metrics",TRUE,TRUE,TRUE,TRUE,194.81376871860027,-91.40688435930014,1,NA,NA,NA
"Middle/Long Spit - Middle Spit Sanctuary Zone","Shark and ray richness","Temporal","n_species_sample ~ start_date_fct + (1 | uwa_site_code)",80,5,2,2,5,"poisson","Poisson (log link)","log","Poisson with a log link was specified for species-richness count metrics",TRUE,TRUE,TRUE,TRUE,190.71694585094863,-89.35847292547432,1,NA,NA,NA
"O'Sullivan","Shark and ray richness","Period","n_species_sample ~ Period + (1 | start_date_fct) + (1 | uwa_site_code)",98,9,2,1,5,"poisson","Poisson (log link)","log","Poisson with a log link was specified for species-richness count metrics",TRUE,TRUE,TRUE,TRUE,118.85790897097286,-55.42895448548643,1,NA,NA,NA
"O'Sullivan","Shark and ray richness","Temporal","n_species_sample ~ start_date_fct + (1 | uwa_site_code)",52,6,1,1,5,"poisson","Poisson (log link)","log","Poisson with a log link was specified for species-richness count metrics",TRUE,TRUE,TRUE,TRUE,98.98546431241658,-42.49273215620829,1,NA,NA,NA
"Offshore Ardrossan - Offshore Ardrossan Sanctuary Zone","Shark and ray richness","Period","n_species_sample ~ Period * Status + (1 | start_date_fct) + (1 |     uwa_site_code)",57,4,2,2,4,"poisson","Poisson (log link)","log","Poisson with a log link was specified for species-richness count metrics",TRUE,TRUE,TRUE,TRUE,103.4751674778324,-45.7375837389162,1,NA,NA,NA
"Offshore Ardrossan - Offshore Ardrossan Sanctuary Zone","Shark and ray richness","Temporal","n_species_sample ~ start_date_fct * Status + (1 | uwa_site_code)",35,2,1,2,3,"poisson","Poisson (log link)","log","Poisson with a log link was specified for species-richness count metrics",TRUE,TRUE,TRUE,TRUE,85.22741871950302,-37.61370935975151,1,NA,NA,NA
"Orcades Bank - Orcades Bank Sanctuary Zone","Shark and ray richness","Period","n_species_sample ~ 1",12,1,1,1,1,"poisson","Poisson (log link)","log","Poisson with a log link was specified for species-richness count metrics",TRUE,TRUE,TRUE,TRUE,32.27499726118394,-15.137498630591969,1,NA,NA,NA
"Orcades Bank - Orcades Bank Sanctuary Zone","Shark and ray richness","Temporal","n_species_sample ~ 1",12,1,1,1,1,"poisson","Poisson (log link)","log","Poisson with a log link was specified for species-richness count metrics",TRUE,TRUE,TRUE,TRUE,32.27499726118394,-15.137498630591969,1,NA,NA,NA
"Port Gibbon - Port Gibbon Sanctuary Zone","Shark and ray richness","Period","n_species_sample ~ Period * Status + (1 | uwa_site_code)",48,2,2,2,6,"poisson","Poisson (log link)","log","Poisson with a log link was specified for species-richness count metrics",TRUE,TRUE,TRUE,TRUE,83.05255702190907,-36.52627851095453,1,NA,NA,NA
"Port Gibbon - Port Gibbon Sanctuary Zone","Shark and ray richness","Temporal","n_species_sample ~ start_date_fct * Status + (1 | uwa_site_code)",48,2,2,2,6,"poisson","Poisson (log link)","log","Poisson with a log link was specified for species-richness count metrics",TRUE,TRUE,TRUE,TRUE,83.05255702190907,-36.52627851095453,1,NA,NA,NA
"Rapid Head - Rapid Head Sanctuary Zone","Shark and ray richness","Period","n_species_sample ~ Period * Status + (1 | start_date_fct) + (1 |     uwa_site_code)",164,7,2,2,6,"poisson","Poisson (log link)","log","Poisson with a log link was specified for species-richness count metrics",TRUE,TRUE,TRUE,TRUE,182.3209503155581,-85.16047515777905,1,NA,NA,NA
"Rapid Head - Rapid Head Sanctuary Zone","Shark and ray richness","Temporal","n_species_sample ~ start_date_fct * Status + (1 | uwa_site_code)",118,5,2,2,6,"poisson","Poisson (log link)","log","Poisson with a log link was specified for species-richness count metrics",TRUE,TRUE,TRUE,TRUE,159.67074127714534,-68.83537063857267,1,NA,NA,NA
"The Pages - The Pages Sanctuary Zone","Shark and ray richness","Period","n_species_sample ~ Period * Status + (1 | start_date_fct) + (1 |     uwa_site_code)",181,8,2,2,6,"poisson","Poisson (log link)","log","Poisson with a log link was specified for species-richness count metrics",TRUE,TRUE,TRUE,TRUE,382.147820265876,-185.073910132938,1,NA,NA,NA
"The Pages - The Pages Sanctuary Zone","Shark and ray richness","Temporal","n_species_sample ~ start_date_fct * Status + (1 | uwa_site_code)",157,7,2,2,6,"poisson","Poisson (log link)","log","Poisson with a log link was specified for species-richness count metrics",TRUE,TRUE,TRUE,TRUE,359.0989717606776,-164.5494858803388,1,NA,NA,NA
"Victor Harbor - Encounter Bay Sanctuary Zone","Shark and ray richness","Period","n_species_sample ~ Period * Status + (1 | start_date_fct) + (1 |     uwa_site_code)",72,5,2,2,4,"poisson","Poisson (log link)","log","Poisson with a log link was specified for species-richness count metrics",TRUE,TRUE,TRUE,TRUE,89.40149280254515,-38.700746401272575,1,NA,NA,NA
"Victor Harbor - Encounter Bay Sanctuary Zone","Shark and ray richness","Temporal","n_species_sample ~ start_date_fct + (1 | uwa_site_code)",52,4,2,2,4,"poisson","Poisson (log link)","log","Poisson with a log link was specified for species-richness count metrics",TRUE,TRUE,TRUE,TRUE,86.6880488917562,-38.3440244458781,1,NA,NA,NA
"Windara Reef - Windara Shell fish Reef Sanctuary Zone","Shark and ray richness","Period","n_species_sample ~ Period + (1 | start_date_fct) + (1 | uwa_site_code)",84,7,2,1,3,"poisson","Poisson (log link)","log","Poisson with a log link was specified for species-richness count metrics",TRUE,TRUE,TRUE,TRUE,173.01313985635804,-82.50656992817902,1,NA,NA,NA
"Windara Reef - Windara Shell fish Reef Sanctuary Zone","Shark and ray richness","Temporal","n_species_sample ~ start_date_fct + (1 | uwa_site_code)",72,6,1,1,3,"poisson","Poisson (log link)","log","Poisson with a log link was specified for species-richness count metrics",TRUE,TRUE,TRUE,TRUE,176.83054663463773,-81.41527331731886,1,NA,NA,NA
"Aldinga - Aldinga Reef Sanctuary Zone","Species richness","Period","n_species_sample ~ Period * Status + (1 | start_date_fct) + (1 |     uwa_site_code)",125,9,2,2,3,"poisson","Poisson (log link)","log","Poisson with a log link was specified for species-richness count metrics",TRUE,TRUE,TRUE,TRUE,778.4192567841485,-383.20962839207425,1,NA,NA,NA
"Aldinga - Aldinga Reef Sanctuary Zone","Species richness","Temporal","n_species_sample ~ start_date_fct + (1 | uwa_site_code)",125,9,2,2,3,"poisson","Poisson (log link)","log","Poisson with a log link was specified for species-richness count metrics",TRUE,TRUE,TRUE,TRUE,766.9480644333418,-373.4740322166709,1,NA,NA,NA
"Bay of Shoals - Bay of Shoals Sanctuary Zone","Species richness","Period","n_species_sample ~ Period * Status + (1 | start_date_fct) + (1 |     uwa_site_code)",96,4,2,2,6,"poisson","Poisson (log link)","log","Poisson with a log link was specified for species-richness count metrics",TRUE,TRUE,TRUE,TRUE,445.5527051613766,-216.7763525806883,1,NA,NA,NA
"Bay of Shoals - Bay of Shoals Sanctuary Zone","Species richness","Temporal","n_species_sample ~ start_date_fct * Status + (1 | uwa_site_code)",96,4,2,2,6,"poisson","Poisson (log link)","log","Poisson with a log link was specified for species-richness count metrics",TRUE,TRUE,TRUE,TRUE,438.0983712533457,-210.04918562667285,1,NA,NA,NA
"Boston Bay","Species richness","Period","n_species_sample ~ Period + (1 | start_date_fct) + (1 | uwa_site_code)",141,6,2,1,3,"poisson","Poisson (log link)","log","Poisson with a log link was specified for species-richness count metrics",TRUE,TRUE,TRUE,TRUE,633.487276221259,-312.7436381106295,1,NA,NA,NA
"Boston Bay","Species richness","Temporal","n_species_sample ~ start_date_fct + (1 | uwa_site_code)",141,6,2,1,3,"poisson","Poisson (log link)","log","Poisson with a log link was specified for species-richness count metrics",TRUE,TRUE,TRUE,TRUE,623.6867108802319,-304.84335544011594,1,NA,NA,NA
"Cape Elizabeth - Cape Elizabeth Sanctuary Zone","Species richness","Period","n_species_sample ~ Period * Status + (1 | uwa_site_code)",48,2,2,2,6,"poisson","Poisson (log link)","log","Poisson with a log link was specified for species-richness count metrics",TRUE,TRUE,TRUE,TRUE,227.3899092290219,-108.69495461451095,1,NA,NA,NA
"Cape Elizabeth - Cape Elizabeth Sanctuary Zone","Species richness","Temporal","n_species_sample ~ start_date_fct * Status + (1 | uwa_site_code)",48,2,2,2,6,"poisson","Poisson (log link)","log","Poisson with a log link was specified for species-richness count metrics",TRUE,TRUE,TRUE,TRUE,227.3899092290219,-108.69495461451095,1,NA,NA,NA
"Carrickalinga - Carrickalinga Cliffs Sanctuary Zone","Species richness","Period","n_species_sample ~ Period * Status + (1 | start_date_fct) + (1 |     uwa_site_code)",165,8,2,2,6,"poisson","Poisson (log link)","log","Poisson with a log link was specified for species-richness count metrics",TRUE,TRUE,TRUE,TRUE,907.1557044842989,-447.57785224214945,1,NA,NA,NA
"Carrickalinga - Carrickalinga Cliffs Sanctuary Zone","Species richness","Temporal","n_species_sample ~ start_date_fct + (1 | uwa_site_code)",165,8,2,2,6,"poisson","Poisson (log link)","log","Poisson with a log link was specified for species-richness count metrics",TRUE,TRUE,TRUE,TRUE,886.8987389749344,-434.4493694874672,1,NA,NA,NA
"Chinamans Hat - Chinamans Hat Sanctuary Zone","Species richness","Period","n_species_sample ~ Period * Status + (1 | uwa_site_code)",46,2,2,2,6,"poisson","Poisson (log link)","log","Poisson with a log link was specified for species-richness count metrics",TRUE,TRUE,TRUE,TRUE,259.2880708227013,-124.64403541135064,1,NA,NA,NA
"Chinamans Hat - Chinamans Hat Sanctuary Zone","Species richness","Temporal","n_species_sample ~ start_date_fct * Status + (1 | uwa_site_code)",46,2,2,2,6,"poisson","Poisson (log link)","log","Poisson with a log link was specified for species-richness count metrics",TRUE,TRUE,TRUE,TRUE,259.2880708227013,-124.64403541135064,1,NA,NA,NA
"Cuttlefish Coast - Fairway Bank Sanctuary Zone","Species richness","Period","n_species_sample ~ Period * Status + (1 | uwa_site_code)",36,2,2,2,4,"poisson","Poisson (log link)","log","Poisson with a log link was specified for species-richness count metrics",TRUE,TRUE,TRUE,TRUE,151.54938639248087,-70.77469319624043,1,NA,NA,NA
"Cuttlefish Coast - Fairway Bank Sanctuary Zone","Species richness","Temporal","n_species_sample ~ start_date_fct * Status + (1 | uwa_site_code)",36,2,2,2,4,"poisson","Poisson (log link)","log","Poisson with a log link was specified for species-richness count metrics",TRUE,TRUE,TRUE,TRUE,151.54938639248087,-70.77469319624043,1,NA,NA,NA
"Dangerous Reef - Dangerous Reef Sanctuary Zone","Species richness","Period","n_species_sample ~ Period + (1 | start_date_fct)",77,7,2,1,1,"poisson","Poisson (log link)","log","Poisson with a log link was specified for species-richness count metrics",TRUE,TRUE,TRUE,TRUE,577.7076738324695,-285.85383691623474,1,NA,NA,NA
"Dangerous Reef - Dangerous Reef Sanctuary Zone","Species richness","Temporal","n_species_sample ~ start_date_fct",77,7,2,1,1,"poisson","Poisson (log link)","log","Poisson with a log link was specified for species-richness count metrics",TRUE,TRUE,TRUE,TRUE,565.2600412136578,-275.6300206068289,1,NA,NA,NA
"Glenelg","Species richness","Period","n_species_sample ~ Period + (1 | start_date_fct) + (1 | uwa_site_code)",98,6,2,1,4,"poisson","Poisson (log link)","log","Poisson with a log link was specified for species-richness count metrics",TRUE,TRUE,TRUE,TRUE,471.1313007704636,-231.5656503852318,1,NA,NA,NA
"Glenelg","Species richness","Temporal","n_species_sample ~ start_date_fct + (1 | uwa_site_code)",98,6,2,1,4,"poisson","Poisson (log link)","log","Poisson with a log link was specified for species-richness count metrics",TRUE,TRUE,TRUE,TRUE,456.9190382787496,-221.4595191393748,1,NA,NA,NA
"Middle/Long Spit - Middle Spit Sanctuary Zone","Species richness","Period","n_species_sample ~ Period * Status + (1 | start_date_fct) + (1 |     uwa_site_code)",80,5,2,2,5,"poisson","Poisson (log link)","log","Poisson with a log link was specified for species-richness count metrics",TRUE,TRUE,TRUE,TRUE,358.3003131433716,-173.1501565716858,1,NA,NA,NA
"Middle/Long Spit - Middle Spit Sanctuary Zone","Species richness","Temporal","n_species_sample ~ start_date_fct + (1 | uwa_site_code)",80,5,2,2,5,"poisson","Poisson (log link)","log","Poisson with a log link was specified for species-richness count metrics",TRUE,TRUE,TRUE,TRUE,352.98618806095715,-170.49309403047857,1,NA,NA,NA
"O'Sullivan","Species richness","Period","n_species_sample ~ Period + (1 | start_date_fct) + (1 | uwa_site_code)",98,9,2,1,5,"poisson","Poisson (log link)","log","Poisson with a log link was specified for species-richness count metrics",TRUE,TRUE,TRUE,TRUE,476.5249257508183,-234.26246287540914,1,NA,NA,NA
"O'Sullivan","Species richness","Temporal","n_species_sample ~ start_date_fct + (1 | uwa_site_code)",98,9,2,1,5,"poisson","Poisson (log link)","log","Poisson with a log link was specified for species-richness count metrics",TRUE,TRUE,TRUE,TRUE,467.00206087236086,-223.50103043618043,1,NA,NA,NA
"Offshore Ardrossan - Offshore Ardrossan Sanctuary Zone","Species richness","Period","n_species_sample ~ Period * Status + (1 | start_date_fct) + (1 |     uwa_site_code)",57,4,2,2,4,"poisson","Poisson (log link)","log","Poisson with a log link was specified for species-richness count metrics",TRUE,TRUE,TRUE,TRUE,254.57405964570498,-121.28702982285249,1,NA,NA,NA
"Offshore Ardrossan - Offshore Ardrossan Sanctuary Zone","Species richness","Temporal","n_species_sample ~ start_date_fct * Status + (1 | uwa_site_code)",57,4,2,2,4,"poisson","Poisson (log link)","log","Poisson with a log link was specified for species-richness count metrics",TRUE,TRUE,TRUE,TRUE,257.99623861842576,-119.99811930921287,1,NA,NA,NA
"Orcades Bank - Orcades Bank Sanctuary Zone","Species richness","Period","n_species_sample ~ 1",12,1,1,1,1,"poisson","Poisson (log link)","log","Poisson with a log link was specified for species-richness count metrics",TRUE,TRUE,TRUE,TRUE,73.10246069512735,-35.551230347563674,1,NA,NA,NA
"Orcades Bank - Orcades Bank Sanctuary Zone","Species richness","Temporal","n_species_sample ~ 1",12,1,1,1,1,"poisson","Poisson (log link)","log","Poisson with a log link was specified for species-richness count metrics",TRUE,TRUE,TRUE,TRUE,73.10246069512735,-35.551230347563674,1,NA,NA,NA
"Port Gibbon - Port Gibbon Sanctuary Zone","Species richness","Period","n_species_sample ~ Period * Status + (1 | uwa_site_code)",48,2,2,2,6,"poisson","Poisson (log link)","log","Poisson with a log link was specified for species-richness count metrics",TRUE,TRUE,TRUE,TRUE,236.64604809731577,-113.32302404865789,1,NA,NA,NA
"Port Gibbon - Port Gibbon Sanctuary Zone","Species richness","Temporal","n_species_sample ~ start_date_fct * Status + (1 | uwa_site_code)",48,2,2,2,6,"poisson","Poisson (log link)","log","Poisson with a log link was specified for species-richness count metrics",TRUE,TRUE,TRUE,TRUE,236.64604809731577,-113.32302404865789,1,NA,NA,NA
"Port Noarlunga - Port Noarlunga Reef Sanctuary Zone","Species richness","Period","n_species_sample ~ Period + (1 | start_date_fct)",37,8,2,1,1,"poisson","Poisson (log link)","log","Poisson with a log link was specified for species-richness count metrics",TRUE,TRUE,TRUE,TRUE,205.79558813827006,-99.89779406913503,1,NA,NA,NA
"Port Noarlunga - Port Noarlunga Reef Sanctuary Zone","Species richness","Temporal","n_species_sample ~ start_date_fct",37,8,2,1,1,"poisson","Poisson (log link)","log","Poisson with a log link was specified for species-richness count metrics",TRUE,TRUE,TRUE,TRUE,197.92658963570628,-90.96329481785314,1,NA,NA,NA
"Rapid Head - Rapid Head Sanctuary Zone","Species richness","Period","n_species_sample ~ Period * Status + (1 | start_date_fct) + (1 |     uwa_site_code)",164,7,2,2,6,"poisson","Poisson (log link)","log","Poisson with a log link was specified for species-richness count metrics",TRUE,TRUE,TRUE,TRUE,871.7834248246465,-429.8917124123233,1,NA,NA,NA
"Rapid Head - Rapid Head Sanctuary Zone","Species richness","Temporal","n_species_sample ~ start_date_fct * Status + (1 | uwa_site_code)",164,7,2,2,6,"poisson","Poisson (log link)","log","Poisson with a log link was specified for species-richness count metrics",TRUE,TRUE,TRUE,TRUE,861.4274743357543,-415.7137371678771,1,NA,NA,NA
"Sponge Gardens - Sponge Gardens Sanctuary Zone","Species richness","Period","n_species_sample ~ Period * Status + (1 | start_date_fct) + (1 |     uwa_site_code)",163,8,2,2,6,"poisson","Poisson (log link)","log","Poisson with a log link was specified for species-richness count metrics",TRUE,TRUE,TRUE,TRUE,959.559087891771,-473.7795439458855,1,NA,NA,NA
"Sponge Gardens - Sponge Gardens Sanctuary Zone","Species richness","Temporal","n_species_sample ~ start_date_fct * Status + (1 | uwa_site_code)",163,8,2,2,6,"poisson","Poisson (log link)","log","Poisson with a log link was specified for species-richness count metrics",TRUE,TRUE,TRUE,TRUE,955.4164293743866,-460.7082146871933,1,NA,NA,NA
"The Pages - The Pages Sanctuary Zone","Species richness","Period","n_species_sample ~ Period * Status + (1 | start_date_fct) + (1 |     uwa_site_code)",181,8,2,2,6,"poisson","Poisson (log link)","log","Poisson with a log link was specified for species-richness count metrics",TRUE,TRUE,TRUE,TRUE,944.6507697623547,-466.32538488117734,1,NA,NA,NA
"The Pages - The Pages Sanctuary Zone","Species richness","Temporal","n_species_sample ~ start_date_fct * Status + (1 | uwa_site_code)",181,8,2,2,6,"poisson","Poisson (log link)","log","Poisson with a log link was specified for species-richness count metrics",TRUE,TRUE,TRUE,TRUE,928.0965507553677,-447.04827537768386,1,NA,NA,NA
"Victor Harbor - Encounter Bay Sanctuary Zone","Species richness","Period","n_species_sample ~ Period * Status + (1 | start_date_fct) + (1 |     uwa_site_code)",72,5,2,2,4,"poisson","Poisson (log link)","log","Poisson with a log link was specified for species-richness count metrics",TRUE,TRUE,TRUE,TRUE,362.4080761984891,-175.20403809924454,1,NA,NA,NA
"Victor Harbor - Encounter Bay Sanctuary Zone","Species richness","Temporal","n_species_sample ~ start_date_fct + (1 | uwa_site_code)",72,5,2,2,4,"poisson","Poisson (log link)","log","Poisson with a log link was specified for species-richness count metrics",TRUE,TRUE,TRUE,TRUE,363.7858402792482,-175.8929201396241,1,NA,NA,NA
"Windara Reef - Windara Shell fish Reef Sanctuary Zone","Species richness","Period","n_species_sample ~ Period + (1 | start_date_fct) + (1 | uwa_site_code)",84,7,2,1,3,"poisson","Poisson (log link)","log","Poisson with a log link was specified for species-richness count metrics",TRUE,TRUE,TRUE,TRUE,389.5443347748249,-190.77216738741245,1,NA,NA,NA
"Windara Reef - Windara Shell fish Reef Sanctuary Zone","Species richness","Temporal","n_species_sample ~ start_date_fct + (1 | uwa_site_code)",84,7,2,1,3,"poisson","Poisson (log link)","log","Poisson with a log link was specified for species-richness count metrics",TRUE,TRUE,TRUE,TRUE,388.86222208715895,-186.43111104357948,1,NA,NA,NA
"Aldinga - Aldinga Reef Sanctuary Zone","Total abundance","Period","total_abundance_sample ~ Period * Status + (1 | start_date_fct) +     (1 | uwa_site_code)",125,9,2,2,3,"tweedie","Tweedie (log link)","log","Tweedie with a log link was specified for non-richness metrics",TRUE,TRUE,TRUE,TRUE,1310.7670996450709,-647.3835498225354,0.5459761429564476,1.999998518179012,NA,NA
"Aldinga - Aldinga Reef Sanctuary Zone","Total abundance","Temporal","total_abundance_sample ~ start_date_fct + (1 | uwa_site_code)",125,9,2,2,3,"tweedie","Tweedie (log link)","log","Tweedie with a log link was specified for non-richness metrics",FALSE,FALSE,TRUE,TRUE,1301.7537352545942,-638.8768676272971,0.5123388721043468,1.9999989192660026,"Model convergence problem; false convergence (8). See vignette('troubleshooting'), help('diagnose')","Model did not converge"
"Bay of Shoals - Bay of Shoals Sanctuary Zone","Total abundance","Period","total_abundance_sample ~ Period * Status + (1 | start_date_fct) +     (1 | uwa_site_code)",96,4,2,2,6,"tweedie","Tweedie (log link)","log","Tweedie with a log link was specified for non-richness metrics",FALSE,TRUE,FALSE,TRUE,NA,NA,0.6384362159574715,1.9999990674332677,"Model convergence problem; non-positive-definite Hessian matrix. See vignette('troubleshooting')","Model Hessian was not positive definite | Model AIC was not finite"
"Bay of Shoals - Bay of Shoals Sanctuary Zone","Total abundance","Temporal","total_abundance_sample ~ start_date_fct * Status + (1 | uwa_site_code)",96,4,2,2,6,"tweedie","Tweedie (log link)","log","Tweedie with a log link was specified for non-richness metrics",TRUE,TRUE,TRUE,TRUE,936.4150695904441,-457.20753479522205,0.6231723618963422,1.9999990499182227,NA,NA
"Boston Bay","Total abundance","Period","total_abundance_sample ~ Period + (1 | start_date_fct) + (1 |     uwa_site_code)",141,6,2,1,3,"tweedie","Tweedie (log link)","log","Tweedie with a log link was specified for non-richness metrics",TRUE,TRUE,TRUE,TRUE,1360.0645199882624,-674.0322599941312,0.8902575229310811,1.7902886840953203,NA,NA
"Boston Bay","Total abundance","Temporal","total_abundance_sample ~ start_date_fct + (1 | uwa_site_code)",141,6,2,1,3,"tweedie","Tweedie (log link)","log","Tweedie with a log link was specified for non-richness metrics",TRUE,TRUE,TRUE,TRUE,1337.429692907349,-659.7148464536745,0.930020743309322,1.7688944859097724,NA,NA
"Cape Elizabeth - Cape Elizabeth Sanctuary Zone","Total abundance","Period","total_abundance_sample ~ Period * Status + (1 | uwa_site_code)",48,2,2,2,6,"tweedie","Tweedie (log link)","log","Tweedie with a log link was specified for non-richness metrics",FALSE,FALSE,TRUE,TRUE,321.4185693974697,-153.70928469873485,0.11541248068042852,1.999995339118653,"Model convergence problem; false convergence (8). See vignette('troubleshooting'), help('diagnose')","Model did not converge"
"Cape Elizabeth - Cape Elizabeth Sanctuary Zone","Total abundance","Temporal","total_abundance_sample ~ start_date_fct * Status + (1 | uwa_site_code)",48,2,2,2,6,"tweedie","Tweedie (log link)","log","Tweedie with a log link was specified for non-richness metrics",FALSE,FALSE,TRUE,TRUE,321.4185693974697,-153.70928469873485,0.11541248068042852,1.999995339118653,"Model convergence problem; false convergence (8). See vignette('troubleshooting'), help('diagnose')","Model did not converge"
"Carrickalinga - Carrickalinga Cliffs Sanctuary Zone","Total abundance","Period","total_abundance_sample ~ Period * Status + (1 | start_date_fct) +     (1 | uwa_site_code)",165,8,2,2,6,"tweedie","Tweedie (log link)","log","Tweedie with a log link was specified for non-richness metrics",FALSE,TRUE,FALSE,TRUE,NA,NA,0.5542648199645622,1.999998761591354,"Model convergence problem; non-positive-definite Hessian matrix. See vignette('troubleshooting')","Model Hessian was not positive definite | Model AIC was not finite"
"Carrickalinga - Carrickalinga Cliffs Sanctuary Zone","Total abundance","Temporal","total_abundance_sample ~ start_date_fct + (1 | uwa_site_code)",165,8,2,2,6,"tweedie","Tweedie (log link)","log","Tweedie with a log link was specified for non-richness metrics",FALSE,FALSE,TRUE,TRUE,1606.6460084012804,-792.3230042006402,0.5386087559261127,1.9999990382656727,"Model convergence problem; false convergence (8). See vignette('troubleshooting'), help('diagnose')","Model did not converge"
"Chinamans Hat - Chinamans Hat Sanctuary Zone","Total abundance","Period","total_abundance_sample ~ Period * Status + (1 | uwa_site_code)",46,2,2,2,6,"tweedie","Tweedie (log link)","log","Tweedie with a log link was specified for non-richness metrics",TRUE,TRUE,TRUE,TRUE,354.96359851840856,-170.48179925920428,1.0466721489295598,1.4353855992870812,NA,NA
"Chinamans Hat - Chinamans Hat Sanctuary Zone","Total abundance","Temporal","total_abundance_sample ~ start_date_fct * Status + (1 | uwa_site_code)",46,2,2,2,6,"tweedie","Tweedie (log link)","log","Tweedie with a log link was specified for non-richness metrics",TRUE,TRUE,TRUE,TRUE,354.96359851840856,-170.48179925920428,1.0466721489295598,1.4353855992870812,NA,NA
"Cuttlefish Coast - Fairway Bank Sanctuary Zone","Total abundance","Period","total_abundance_sample ~ Period * Status + (1 | uwa_site_code)",36,2,2,2,4,"tweedie","Tweedie (log link)","log","Tweedie with a log link was specified for non-richness metrics",FALSE,FALSE,TRUE,TRUE,431.1908363145787,-208.59541815728934,0.7885499244958127,1.9999993294286529,"Model convergence problem; false convergence (8). See vignette('troubleshooting'), help('diagnose')","Model did not converge"
"Cuttlefish Coast - Fairway Bank Sanctuary Zone","Total abundance","Temporal","total_abundance_sample ~ start_date_fct * Status + (1 | uwa_site_code)",36,2,2,2,4,"tweedie","Tweedie (log link)","log","Tweedie with a log link was specified for non-richness metrics",FALSE,FALSE,TRUE,TRUE,431.1908363145787,-208.59541815728934,0.7885499244958127,1.9999993294286529,"Model convergence problem; false convergence (8). See vignette('troubleshooting'), help('diagnose')","Model did not converge"
"Dangerous Reef - Dangerous Reef Sanctuary Zone","Total abundance","Period","total_abundance_sample ~ Period + (1 | start_date_fct)",77,7,2,1,1,"tweedie","Tweedie (log link)","log","Tweedie with a log link was specified for non-richness metrics",TRUE,TRUE,TRUE,TRUE,793.3390730096143,-391.6695365048071,4.625964380008409,1.3438192163214038,NA,NA
"Dangerous Reef - Dangerous Reef Sanctuary Zone","Total abundance","Temporal","total_abundance_sample ~ start_date_fct",77,7,2,1,1,"tweedie","Tweedie (log link)","log","Tweedie with a log link was specified for non-richness metrics",TRUE,TRUE,TRUE,TRUE,789.6364916569637,-385.81824582848185,4.767703185292632,1.314572476924705,NA,NA
"Glenelg","Total abundance","Period","total_abundance_sample ~ Period + (1 | start_date_fct) + (1 |     uwa_site_code)",98,6,2,1,4,"tweedie","Tweedie (log link)","log","Tweedie with a log link was specified for non-richness metrics",TRUE,TRUE,TRUE,TRUE,927.3578392924842,-457.6789196462421,2.5750988652631595,1.7107712846127554,NA,NA
"Glenelg","Total abundance","Temporal","total_abundance_sample ~ start_date_fct + (1 | uwa_site_code)",98,6,2,1,4,"tweedie","Tweedie (log link)","log","Tweedie with a log link was specified for non-richness metrics",TRUE,TRUE,TRUE,TRUE,913.0267039252756,-447.5133519626378,2.512988444988823,1.7054103307013926,NA,NA
"Middle/Long Spit - Middle Spit Sanctuary Zone","Total abundance","Period","total_abundance_sample ~ Period * Status + (1 | start_date_fct) +     (1 | uwa_site_code)",80,5,2,2,5,"tweedie","Tweedie (log link)","log","Tweedie with a log link was specified for non-richness metrics",FALSE,FALSE,TRUE,TRUE,773.6280640560062,-378.8140320280031,0.5124659051839789,1.999998924059133,"Model convergence problem; false convergence (8). See vignette('troubleshooting'), help('diagnose')","Model did not converge"
"Middle/Long Spit - Middle Spit Sanctuary Zone","Total abundance","Temporal","total_abundance_sample ~ start_date_fct + (1 | uwa_site_code)",80,5,2,2,5,"tweedie","Tweedie (log link)","log","Tweedie with a log link was specified for non-richness metrics",FALSE,FALSE,TRUE,TRUE,776.7210146276598,-380.3605073138299,0.5516336243347191,1.99999899224649,"Model convergence problem; false convergence (8). See vignette('troubleshooting'), help('diagnose')","Model did not converge"
"O'Sullivan","Total abundance","Period","total_abundance_sample ~ Period + (1 | start_date_fct) + (1 |     uwa_site_code)",98,9,2,1,5,"tweedie","Tweedie (log link)","log","Tweedie with a log link was specified for non-richness metrics",FALSE,FALSE,TRUE,TRUE,981.0301691725614,-484.5150845862807,0.6261655858107701,1.9999991080342108,"Model convergence problem; false convergence (8). See vignette('troubleshooting'), help('diagnose')","Model did not converge"
"O'Sullivan","Total abundance","Temporal","total_abundance_sample ~ start_date_fct + (1 | uwa_site_code)",98,9,2,1,5,"tweedie","Tweedie (log link)","log","Tweedie with a log link was specified for non-richness metrics",TRUE,TRUE,TRUE,TRUE,965.7079015653585,-470.85395078267925,0.6098945054849148,1.9999990322883177,NA,NA
"Offshore Ardrossan - Offshore Ardrossan Sanctuary Zone","Total abundance","Period","total_abundance_sample ~ Period * Status + (1 | start_date_fct) +     (1 | uwa_site_code)",57,4,2,2,4,"tweedie","Tweedie (log link)","log","Tweedie with a log link was specified for non-richness metrics",TRUE,TRUE,TRUE,TRUE,579.97746365338,-281.98873182669,7.149246746935853,1.1765911280229306,NA,NA
"Offshore Ardrossan - Offshore Ardrossan Sanctuary Zone","Total abundance","Temporal","total_abundance_sample ~ start_date_fct * Status + (1 | uwa_site_code)",57,4,2,2,4,"tweedie","Tweedie (log link)","log","Tweedie with a log link was specified for non-richness metrics",TRUE,TRUE,TRUE,TRUE,575.9600224712646,-276.9800112356323,7.380252847187757,1.1354413731115278,NA,NA
"Orcades Bank - Orcades Bank Sanctuary Zone","Total abundance","Period","total_abundance_sample ~ 1",12,1,1,1,1,"tweedie","Tweedie (log link)","log","Tweedie with a log link was specified for non-richness metrics",TRUE,TRUE,TRUE,TRUE,105.00473316815524,-49.50236658407762,1.169050591965874,1.5139138190463928,NA,NA
"Orcades Bank - Orcades Bank Sanctuary Zone","Total abundance","Temporal","total_abundance_sample ~ 1",12,1,1,1,1,"tweedie","Tweedie (log link)","log","Tweedie with a log link was specified for non-richness metrics",TRUE,TRUE,TRUE,TRUE,105.00473316815524,-49.50236658407762,1.169050591965874,1.5139138190463928,NA,NA
"Port Gibbon - Port Gibbon Sanctuary Zone","Total abundance","Period","total_abundance_sample ~ Period * Status + (1 | uwa_site_code)",48,2,2,2,6,"tweedie","Tweedie (log link)","log","Tweedie with a log link was specified for non-richness metrics",FALSE,TRUE,FALSE,TRUE,NA,NA,0.555221606981597,1.9999989651963737,"Model convergence problem; non-positive-definite Hessian matrix. See vignette('troubleshooting')","Model Hessian was not positive definite | Model AIC was not finite"
"Port Gibbon - Port Gibbon Sanctuary Zone","Total abundance","Temporal","total_abundance_sample ~ start_date_fct * Status + (1 | uwa_site_code)",48,2,2,2,6,"tweedie","Tweedie (log link)","log","Tweedie with a log link was specified for non-richness metrics",FALSE,TRUE,FALSE,TRUE,NA,NA,0.555221606981597,1.9999989651963737,"Model convergence problem; non-positive-definite Hessian matrix. See vignette('troubleshooting')","Model Hessian was not positive definite | Model AIC was not finite"
"Port Noarlunga - Port Noarlunga Reef Sanctuary Zone","Total abundance","Period","total_abundance_sample ~ Period + (1 | start_date_fct)",37,8,2,1,1,"tweedie","Tweedie (log link)","log","Tweedie with a log link was specified for non-richness metrics",FALSE,FALSE,TRUE,TRUE,365.77826680655403,-177.88913340327701,0.5954948628801341,1.9999991389365102,"Model convergence problem; false convergence (8). See vignette('troubleshooting'), help('diagnose')","Model did not converge"
"Port Noarlunga - Port Noarlunga Reef Sanctuary Zone","Total abundance","Temporal","total_abundance_sample ~ start_date_fct",37,8,2,1,1,"tweedie","Tweedie (log link)","log","Tweedie with a log link was specified for non-richness metrics",FALSE,FALSE,TRUE,TRUE,360.90837614424527,-170.45418807212263,0.4785809391699355,1.9999988597393257,"Model convergence problem; false convergence (8). See vignette('troubleshooting'), help('diagnose')","Model did not converge"
"Rapid Head - Rapid Head Sanctuary Zone","Total abundance","Period","total_abundance_sample ~ Period * Status + (1 | start_date_fct) +     (1 | uwa_site_code)",164,7,2,2,6,"tweedie","Tweedie (log link)","log","Tweedie with a log link was specified for non-richness metrics",TRUE,TRUE,TRUE,TRUE,1390.544265717518,-687.272132858759,1.5949652808879735,1.4985294206069208,NA,NA
"Rapid Head - Rapid Head Sanctuary Zone","Total abundance","Temporal","total_abundance_sample ~ start_date_fct * Status + (1 | uwa_site_code)",164,7,2,2,6,"tweedie","Tweedie (log link)","log","Tweedie with a log link was specified for non-richness metrics",TRUE,TRUE,TRUE,TRUE,1392.8215116230285,-679.4107558115143,1.5415972884758238,1.4941077068904889,NA,NA
"Sponge Gardens - Sponge Gardens Sanctuary Zone","Total abundance","Period","total_abundance_sample ~ Period * Status + (1 | start_date_fct) +     (1 | uwa_site_code)",163,8,2,2,6,"tweedie","Tweedie (log link)","log","Tweedie with a log link was specified for non-richness metrics",TRUE,TRUE,TRUE,TRUE,1453.2639287670065,-718.6319643835033,0.20996784966434567,1.9999939009870467,NA,NA
"Sponge Gardens - Sponge Gardens Sanctuary Zone","Total abundance","Temporal","total_abundance_sample ~ start_date_fct * Status + (1 | uwa_site_code)",163,8,2,2,6,"tweedie","Tweedie (log link)","log","Tweedie with a log link was specified for non-richness metrics",FALSE,TRUE,FALSE,TRUE,NA,NA,0.19511841752991646,1.9999952428450252,"Model convergence problem; non-positive-definite Hessian matrix. See vignette('troubleshooting')","Model Hessian was not positive definite | Model AIC was not finite"
"The Pages - The Pages Sanctuary Zone","Total abundance","Period","total_abundance_sample ~ Period * Status + (1 | start_date_fct) +     (1 | uwa_site_code)",181,8,2,2,6,"tweedie","Tweedie (log link)","log","Tweedie with a log link was specified for non-richness metrics",FALSE,FALSE,TRUE,TRUE,1801.709228654968,-892.854614327484,0.6256662845762938,1.9999991130952401,"Model convergence problem; false convergence (8). See vignette('troubleshooting'), help('diagnose')","Model did not converge"
"The Pages - The Pages Sanctuary Zone","Total abundance","Temporal","total_abundance_sample ~ start_date_fct * Status + (1 | uwa_site_code)",181,8,2,2,6,"tweedie","Tweedie (log link)","log","Tweedie with a log link was specified for non-richness metrics",FALSE,FALSE,TRUE,TRUE,1798.9202292657465,-880.4601146328732,0.5938209558544615,1.9999990610615925,"Model convergence problem; false convergence (8). See vignette('troubleshooting'), help('diagnose')","Model did not converge"
"Victor Harbor - Encounter Bay Sanctuary Zone","Total abundance","Period","total_abundance_sample ~ Period * Status + (1 | start_date_fct) +     (1 | uwa_site_code)",72,5,2,2,4,"tweedie","Tweedie (log link)","log","Tweedie with a log link was specified for non-richness metrics",FALSE,FALSE,TRUE,TRUE,655.5631201807417,-319.7815600903709,0.5193393818118349,1.9999988828702402,"Model convergence problem; false convergence (8). See vignette('troubleshooting'), help('diagnose')","Model did not converge"
"Victor Harbor - Encounter Bay Sanctuary Zone","Total abundance","Temporal","total_abundance_sample ~ start_date_fct + (1 | uwa_site_code)",72,5,2,2,4,"tweedie","Tweedie (log link)","log","Tweedie with a log link was specified for non-richness metrics",FALSE,FALSE,TRUE,TRUE,654.2242631404662,-319.1121315702331,0.5111130366591045,1.9999988748442616,"Model convergence problem; false convergence (8). See vignette('troubleshooting'), help('diagnose')","Model did not converge"
"Windara Reef - Windara Shell fish Reef Sanctuary Zone","Total abundance","Period","total_abundance_sample ~ Period + (1 | start_date_fct) + (1 |     uwa_site_code)",84,7,2,1,3,"tweedie","Tweedie (log link)","log","Tweedie with a log link was specified for non-richness metrics",FALSE,TRUE,FALSE,FALSE,NA,NA,0.44700123149158294,1.9999987513806379,"Model convergence problem; non-positive-definite Hessian matrix. See vignette('troubleshooting')","Model Hessian was not positive definite | Model standard errors were not finite | Model AIC was not finite"
"Windara Reef - Windara Shell fish Reef Sanctuary Zone","Total abundance","Temporal","total_abundance_sample ~ start_date_fct + (1 | uwa_site_code)",84,7,2,1,3,"tweedie","Tweedie (log link)","log","Tweedie with a log link was specified for non-richness metrics",FALSE,FALSE,FALSE,TRUE,NA,NA,0.4146648166623483,1.99999861457842,"Model convergence problem; non-positive-definite Hessian matrix. See vignette('troubleshooting') | Model convergence problem; false convergence (8). See vignette('troubleshooting'), help('diagnose')","Model did not converge | Model Hessian was not positive definite | Model AIC was not finite"
