"Period","response","SE","df","asymp.LCL","asymp.UCL","reporting_name","metric","model_family","family_code","model_link","family_selection_reason","1","metric_id"
"Pre-bloom",67.52030119861719,10.590303003524607,Inf,49.65084444211273,91.82101785332682,"Aldinga - Aldinga Reef Sanctuary Zone","Total abundance","Tweedie (log link)","tweedie","log","Tweedie with a log link was specified for non-richness metrics",NA,"total_abundance"
"Bloom",59.79251179342382,24.204746695823633,Inf,27.043936539925394,132.1976355509,"Aldinga - Aldinga Reef Sanctuary Zone","Total abundance","Tweedie (log link)","tweedie","log","Tweedie with a log link was specified for non-richness metrics",NA,"total_abundance"
"Pre-bloom",54.350210593222094,26.08642653378171,Inf,21.21537517644848,139.23606662430424,"Boston Bay","Total abundance","Tweedie (log link)","tweedie","log","Tweedie with a log link was specified for non-richness metrics",NA,"total_abundance"
"Bloom",37.05107687601266,24.941277601412892,Inf,9.903907732929946,138.61016627888958,"Boston Bay","Total abundance","Tweedie (log link)","tweedie","log","Tweedie with a log link was specified for non-richness metrics",NA,"total_abundance"
"Pre-bloom",21.381354518673263,3.322982442012844,Inf,15.766879820952601,28.995104056394634,"Chinamans Hat - Chinamans Hat Sanctuary Zone","Total abundance","Tweedie (log link)","tweedie","log","Tweedie with a log link was specified for non-richness metrics",NA,"total_abundance"
"Bloom",21.04612889939606,3.3266946949712843,Inf,15.439225263892341,28.689233693992087,"Chinamans Hat - Chinamans Hat Sanctuary Zone","Total abundance","Tweedie (log link)","tweedie","log","Tweedie with a log link was specified for non-richness metrics",NA,"total_abundance"
"Pre-bloom",65.24089472677748,6.38308200771571,Inf,53.85666864894183,79.03151924407214,"Dangerous Reef - Dangerous Reef Sanctuary Zone","Total abundance","Tweedie (log link)","tweedie","log","Tweedie with a log link was specified for non-richness metrics",NA,"total_abundance"
"Bloom",112.57505477214595,15.09593440488204,Inf,86.55634645501053,146.41494790377723,"Dangerous Reef - Dangerous Reef Sanctuary Zone","Total abundance","Tweedie (log link)","tweedie","log","Tweedie with a log link was specified for non-richness metrics",NA,"total_abundance"
"Pre-bloom",42.4086610400043,19.408331851395513,Inf,17.294261099063768,103.99371912474136,"Glenelg","Total abundance","Tweedie (log link)","tweedie","log","Tweedie with a log link was specified for non-richness metrics",NA,"total_abundance"
"Bloom",19.996228221309337,12.713816965544702,Inf,5.7510214686684265,69.52663022683308,"Glenelg","Total abundance","Tweedie (log link)","tweedie","log","Tweedie with a log link was specified for non-richness metrics",NA,"total_abundance"
"Pre-bloom",72.47043336445161,6.775869737845866,Inf,60.33577200677545,87.0456039153961,"Offshore Ardrossan - Offshore Ardrossan Sanctuary Zone","Total abundance","Tweedie (log link)","tweedie","log","Tweedie with a log link was specified for non-richness metrics",NA,"total_abundance"
"Bloom",105.40448612660117,16.337225703007967,Inf,77.79051537479916,142.82082644759112,"Offshore Ardrossan - Offshore Ardrossan Sanctuary Zone","Total abundance","Tweedie (log link)","tweedie","log","Tweedie with a log link was specified for non-richness metrics",NA,"total_abundance"
"Pre-bloom",34.16666554968225,4.520610601653829,Inf,26.36207825449358,44.28182875092028,"Orcades Bank - Orcades Bank Sanctuary Zone","Total abundance","Tweedie (log link)","tweedie","log","Tweedie with a log link was specified for non-richness metrics","overall","total_abundance"
"Pre-bloom",30.766519050696342,4.026641909762941,Inf,23.805391093701527,39.763207030331394,"Rapid Head - Rapid Head Sanctuary Zone","Total abundance","Tweedie (log link)","tweedie","log","Tweedie with a log link was specified for non-richness metrics",NA,"total_abundance"
"Bloom",26.028025905489866,5.670454422175643,Inf,16.982390840296976,39.89179962395712,"Rapid Head - Rapid Head Sanctuary Zone","Total abundance","Tweedie (log link)","tweedie","log","Tweedie with a log link was specified for non-richness metrics",NA,"total_abundance"
"Pre-bloom",43.33016288458224,3.2960721318502793,Inf,37.32849396158502,50.29677911829442,"Sponge Gardens - Sponge Gardens Sanctuary Zone","Total abundance","Tweedie (log link)","tweedie","log","Tweedie with a log link was specified for non-richness metrics",NA,"total_abundance"
"Bloom",51.74215893869432,6.566792052935782,Inf,40.347381567281936,66.3550125842147,"Sponge Gardens - Sponge Gardens Sanctuary Zone","Total abundance","Tweedie (log link)","tweedie","log","Tweedie with a log link was specified for non-richness metrics",NA,"total_abundance"
"Pre-bloom",9.843780377999218,1.2117026541226679,Inf,7.733654644832936,12.529653389038254,"Aldinga - Aldinga Reef Sanctuary Zone","Species richness","Poisson (log link)","poisson","log","Poisson with a log link was specified for species-richness count metrics",NA,"richness"
"Bloom",7.48753945866123,1.4173626957795815,Inf,5.1666603752641205,10.85096427344384,"Aldinga - Aldinga Reef Sanctuary Zone","Species richness","Poisson (log link)","poisson","log","Poisson with a log link was specified for species-richness count metrics",NA,"richness"
"Pre-bloom",5.903668803485769,0.7566394898728614,Inf,4.592279879135707,7.589542941318004,"Bay of Shoals - Bay of Shoals Sanctuary Zone","Species richness","Poisson (log link)","poisson","log","Poisson with a log link was specified for species-richness count metrics",NA,"richness"
"Bloom",5.527957580602978,1.204488857585116,Inf,3.606584083923427,8.47292460174754,"Bay of Shoals - Bay of Shoals Sanctuary Zone","Species richness","Poisson (log link)","poisson","log","Poisson with a log link was specified for species-richness count metrics",NA,"richness"
"Pre-bloom",6.46718785879118,1.0193055407521414,Inf,4.748495312884814,8.807952002691723,"Boston Bay","Species richness","Poisson (log link)","poisson","log","Poisson with a log link was specified for species-richness count metrics",NA,"richness"
"Bloom",6.24334598028838,1.2007600454549445,Inf,4.282613706898672,9.10177095048123,"Boston Bay","Species richness","Poisson (log link)","poisson","log","Poisson with a log link was specified for species-richness count metrics",NA,"richness"
"Pre-bloom",9.157192073257447,0.6180164935905756,Inf,8.022596589211037,10.452247689893559,"Cape Elizabeth - Cape Elizabeth Sanctuary Zone","Species richness","Poisson (log link)","poisson","log","Poisson with a log link was specified for species-richness count metrics",NA,"richness"
"Bloom",7.540630683905047,0.5605676252692121,Inf,6.518229854082728,8.723397668376952,"Cape Elizabeth - Cape Elizabeth Sanctuary Zone","Species richness","Poisson (log link)","poisson","log","Poisson with a log link was specified for species-richness count metrics",NA,"richness"
"Pre-bloom",10.928351208535094,1.2574432373435815,Inf,8.721943712422839,13.692918009432407,"Carrickalinga - Carrickalinga Cliffs Sanctuary Zone","Species richness","Poisson (log link)","poisson","log","Poisson with a log link was specified for species-richness count metrics",NA,"richness"
"Bloom",12.462190816974328,3.7402134290056477,Inf,6.920343347607717,22.44197898249758,"Carrickalinga - Carrickalinga Cliffs Sanctuary Zone","Species richness","Poisson (log link)","poisson","log","Poisson with a log link was specified for species-richness count metrics",NA,"richness"
"Pre-bloom",10.21941582967511,0.9151491937037296,Inf,8.574344540703404,12.18011002520861,"Chinamans Hat - Chinamans Hat Sanctuary Zone","Species richness","Poisson (log link)","poisson","log","Poisson with a log link was specified for species-richness count metrics",NA,"richness"
"Bloom",8.910802260624386,0.8473356932460446,Inf,7.395632709366283,10.736389981534456,"Chinamans Hat - Chinamans Hat Sanctuary Zone","Species richness","Poisson (log link)","poisson","log","Poisson with a log link was specified for species-richness count metrics",NA,"richness"
"Pre-bloom",4.562071891394754,0.5340001898966712,Inf,3.626829829506026,5.738482619982414,"Cuttlefish Coast - Fairway Bank Sanctuary Zone","Species richness","Poisson (log link)","poisson","log","Poisson with a log link was specified for species-richness count metrics",NA,"richness"
"Bloom",4.373213900046938,0.4787135135784994,Inf,3.528775343380263,5.41972722957298,"Cuttlefish Coast - Fairway Bank Sanctuary Zone","Species richness","Poisson (log link)","poisson","log","Poisson with a log link was specified for species-richness count metrics",NA,"richness"
"Pre-bloom",12.231621169869642,1.156700246834688,Inf,10.16222872665195,14.722415767992125,"Dangerous Reef - Dangerous Reef Sanctuary Zone","Species richness","Poisson (log link)","poisson","log","Poisson with a log link was specified for species-richness count metrics",NA,"richness"
"Bloom",20.92050620852003,2.96862868356665,Inf,15.841136261289961,27.628547144703706,"Dangerous Reef - Dangerous Reef Sanctuary Zone","Species richness","Poisson (log link)","poisson","log","Poisson with a log link was specified for species-richness count metrics",NA,"richness"
"Pre-bloom",6.963268075907586,1.9294331907713942,Inf,4.045348794396277,11.985889168350411,"Glenelg","Species richness","Poisson (log link)","poisson","log","Poisson with a log link was specified for species-richness count metrics",NA,"richness"
"Bloom",3.1030216563368307,1.1117315191676136,Inf,1.5375227535589797,6.262504653935847,"Glenelg","Species richness","Poisson (log link)","poisson","log","Poisson with a log link was specified for species-richness count metrics",NA,"richness"
"Pre-bloom",8.309520389361872,0.392527091962523,Inf,7.574721988055722,9.115599121670725,"Middle/Long Spit - Middle Spit Sanctuary Zone","Species richness","Poisson (log link)","poisson","log","Poisson with a log link was specified for species-richness count metrics",NA,"richness"
"Bloom",7.343683557069971,0.5863019256548679,Inf,6.279948512266998,8.587600373002388,"Middle/Long Spit - Middle Spit Sanctuary Zone","Species richness","Poisson (log link)","poisson","log","Poisson with a log link was specified for species-richness count metrics",NA,"richness"
"Pre-bloom",6.792275592974342,1.1110284211719836,Inf,4.929266167551895,9.359406889936267,"O'Sullivan","Species richness","Poisson (log link)","poisson","log","Poisson with a log link was specified for species-richness count metrics",NA,"richness"
"Bloom",4.355204772976995,0.8831029253101551,Inf,2.9269198028436176,6.480467485352222,"O'Sullivan","Species richness","Poisson (log link)","poisson","log","Poisson with a log link was specified for species-richness count metrics",NA,"richness"
"Pre-bloom",4.857374979047335,0.7638972252705352,Inf,3.568921898578252,6.61098571433414,"Offshore Ardrossan - Offshore Ardrossan Sanctuary Zone","Species richness","Poisson (log link)","poisson","log","Poisson with a log link was specified for species-richness count metrics",NA,"richness"
"Bloom",2.746275639583369,0.5862431862399873,Inf,1.8073383168073494,4.173003924296801,"Offshore Ardrossan - Offshore Ardrossan Sanctuary Zone","Species richness","Poisson (log link)","poisson","log","Poisson with a log link was specified for species-richness count metrics",NA,"richness"
"Pre-bloom",12.91666669528423,1.0374915478574653,Inf,11.035202464290322,15.118914134738928,"Orcades Bank - Orcades Bank Sanctuary Zone","Species richness","Poisson (log link)","poisson","log","Poisson with a log link was specified for species-richness count metrics","overall","richness"
"Pre-bloom",7.645813135397567,0.6520527304570285,Inf,6.468911830531137,9.036830309776873,"Port Gibbon - Port Gibbon Sanctuary Zone","Species richness","Poisson (log link)","poisson","log","Poisson with a log link was specified for species-richness count metrics",NA,"richness"
"Bloom",9.197671380770256,0.7331713813524414,Inf,7.867310676154483,10.752995821691771,"Port Gibbon - Port Gibbon Sanctuary Zone","Species richness","Poisson (log link)","poisson","log","Poisson with a log link was specified for species-richness count metrics",NA,"richness"
"Pre-bloom",8.490521446853522,0.9471004919119795,Inf,6.82314425262565,10.56535693375363,"Port Noarlunga - Port Noarlunga Reef Sanctuary Zone","Species richness","Poisson (log link)","poisson","log","Poisson with a log link was specified for species-richness count metrics",NA,"richness"
"Bloom",8.43762608347453,2.366481718774109,Inf,4.869515164064201,14.620250995400973,"Port Noarlunga - Port Noarlunga Reef Sanctuary Zone","Species richness","Poisson (log link)","poisson","log","Poisson with a log link was specified for species-richness count metrics",NA,"richness"
"Pre-bloom",9.520844327768208,0.7432809146757842,Inf,8.170021118129867,11.095011310612767,"Rapid Head - Rapid Head Sanctuary Zone","Species richness","Poisson (log link)","poisson","log","Poisson with a log link was specified for species-richness count metrics",NA,"richness"
"Bloom",8.91966669466613,1.602241105604879,Inf,6.2725937582369236,12.68382060283444,"Rapid Head - Rapid Head Sanctuary Zone","Species richness","Poisson (log link)","poisson","log","Poisson with a log link was specified for species-richness count metrics",NA,"richness"
"Pre-bloom",12.78262945521959,0.7708914022133022,Inf,11.357589411629238,14.386469687145388,"Sponge Gardens - Sponge Gardens Sanctuary Zone","Species richness","Poisson (log link)","poisson","log","Poisson with a log link was specified for species-richness count metrics",NA,"richness"
"Bloom",14.062779014724176,1.2520881400359622,Inf,11.81092472591061,16.743968673606073,"Sponge Gardens - Sponge Gardens Sanctuary Zone","Species richness","Poisson (log link)","poisson","log","Poisson with a log link was specified for species-richness count metrics",NA,"richness"
"Pre-bloom",10.265587553100422,0.9180938104508961,Inf,8.615040999541442,12.232360567521335,"The Pages - The Pages Sanctuary Zone","Species richness","Poisson (log link)","poisson","log","Poisson with a log link was specified for species-richness count metrics",NA,"richness"
"Bloom",8.60801380108332,0.9636028099581176,Inf,6.91221604225913,10.71984746232315,"The Pages - The Pages Sanctuary Zone","Species richness","Poisson (log link)","poisson","log","Poisson with a log link was specified for species-richness count metrics",NA,"richness"
"Pre-bloom",6.501454959296201,1.5707882369119395,Inf,4.049071613664815,10.439162509526371,"Victor Harbor - Encounter Bay Sanctuary Zone","Species richness","Poisson (log link)","poisson","log","Poisson with a log link was specified for species-richness count metrics",NA,"richness"
"Bloom",8.899476583642313,2.1132631718029713,Inf,5.587773214786494,14.173925894704386,"Victor Harbor - Encounter Bay Sanctuary Zone","Species richness","Poisson (log link)","poisson","log","Poisson with a log link was specified for species-richness count metrics",NA,"richness"
"Pre-bloom",7.131741244418774,0.8779245895509561,Inf,5.6028862208603725,9.077773699558291,"Windara Reef - Windara Shell fish Reef Sanctuary Zone","Species richness","Poisson (log link)","poisson","log","Poisson with a log link was specified for species-richness count metrics",NA,"richness"
"Bloom",4.086835838599143,0.8153877319055085,Inf,2.7641344212986505,6.042480077293523,"Windara Reef - Windara Shell fish Reef Sanctuary Zone","Species richness","Poisson (log link)","poisson","log","Poisson with a log link was specified for species-richness count metrics",NA,"richness"
"Pre-bloom",0.3853056609415666,0.18597872896799758,Inf,0.14960591712783491,0.9923434527443279,"Aldinga - Aldinga Reef Sanctuary Zone","Shark and ray richness","Poisson (log link)","poisson","log","Poisson with a log link was specified for species-richness count metrics",NA,"sharks_rays"
"Bloom",0.22874210156776242,0.16994416085417915,Inf,0.05332674979271615,0.9811764120824648,"Aldinga - Aldinga Reef Sanctuary Zone","Shark and ray richness","Poisson (log link)","poisson","log","Poisson with a log link was specified for species-richness count metrics",NA,"sharks_rays"
"Pre-bloom",0.36187691487304885,0.13560343959934046,Inf,0.17361868719979462,0.754267317822403,"Bay of Shoals - Bay of Shoals Sanctuary Zone","Shark and ray richness","Poisson (log link)","poisson","log","Poisson with a log link was specified for species-richness count metrics",NA,"sharks_rays"
"Bloom",0.2514564886849392,0.1680103403414472,Inf,0.06787871212873221,0.9315198199671546,"Bay of Shoals - Bay of Shoals Sanctuary Zone","Shark and ray richness","Poisson (log link)","poisson","log","Poisson with a log link was specified for species-richness count metrics",NA,"sharks_rays"
"Pre-bloom",0.27109689543972953,0.0786291296114775,Inf,0.15354704551227358,0.47863849461815294,"Boston Bay","Shark and ray richness","Poisson (log link)","poisson","log","Poisson with a log link was specified for species-richness count metrics",NA,"sharks_rays"
"Bloom",0.18276002480972725,0.08210070329309911,Inf,0.07577023823899033,0.4408225108531373,"Boston Bay","Shark and ray richness","Poisson (log link)","poisson","log","Poisson with a log link was specified for species-richness count metrics",NA,"sharks_rays"
"Pre-bloom",0.7312470322849938,0.17677668056647575,Inf,0.4552907306620076,1.1744632302267766,"Cape Elizabeth - Cape Elizabeth Sanctuary Zone","Shark and ray richness","Poisson (log link)","poisson","log","Poisson with a log link was specified for species-richness count metrics",NA,"sharks_rays"
"Bloom",6.220213099169356e-6,0.05892555618922796,Inf,2.220446049250313e-16,NA,"Cape Elizabeth - Cape Elizabeth Sanctuary Zone","Shark and ray richness","Poisson (log link)","poisson","log","Poisson with a log link was specified for species-richness count metrics",NA,"sharks_rays"
"Pre-bloom",0.27468758874098775,0.1054175850799134,Inf,0.12947060020701195,0.582783051037803,"Carrickalinga - Carrickalinga Cliffs Sanctuary Zone","Shark and ray richness","Poisson (log link)","poisson","log","Poisson with a log link was specified for species-richness count metrics",NA,"sharks_rays"
"Bloom",0.1228316429704299,0.0821603028000692,Inf,0.03310959784784193,0.45568697584765633,"Carrickalinga - Carrickalinga Cliffs Sanctuary Zone","Shark and ray richness","Poisson (log link)","poisson","log","Poisson with a log link was specified for species-richness count metrics",NA,"sharks_rays"
"Pre-bloom",0.6276363977518153,0.19647820547083825,Inf,0.33981617481425563,1.1592368962371986,"Chinamans Hat - Chinamans Hat Sanctuary Zone","Shark and ray richness","Poisson (log link)","poisson","log","Poisson with a log link was specified for species-richness count metrics",NA,"sharks_rays"
"Bloom",0.7716976323288166,0.22245241085686546,Inf,0.438608118234667,1.357743304293524,"Chinamans Hat - Chinamans Hat Sanctuary Zone","Shark and ray richness","Poisson (log link)","poisson","log","Poisson with a log link was specified for species-richness count metrics",NA,"sharks_rays"
"Pre-bloom",0.6603773584907039,0.11162413777951062,Inf,0.4741468451983411,0.919753574285061,"Dangerous Reef - Dangerous Reef Sanctuary Zone","Shark and ray richness","Poisson (log link)","poisson","log","Poisson with a log link was specified for species-richness count metrics",NA,"sharks_rays"
"Bloom",1.0833333333333706,0.21245912946206008,Inf,0.7376116419268597,1.5910962414386147,"Dangerous Reef - Dangerous Reef Sanctuary Zone","Shark and ray richness","Poisson (log link)","poisson","log","Poisson with a log link was specified for species-richness count metrics",NA,"sharks_rays"
"Pre-bloom",0.5530887366626986,0.10414996213186155,Inf,0.3823916528041215,0.7999838604736481,"Glenelg","Shark and ray richness","Poisson (log link)","poisson","log","Poisson with a log link was specified for species-richness count metrics",NA,"sharks_rays"
"Bloom",0.05421966931208451,0.038521724299809164,Inf,0.01347098565178732,0.21822995111881455,"Glenelg","Shark and ray richness","Poisson (log link)","poisson","log","Poisson with a log link was specified for species-richness count metrics",NA,"sharks_rays"
"Pre-bloom",1.3868996670825287,0.18211319342366225,Inf,1.072195891298116,1.7939731929254494,"Middle/Long Spit - Middle Spit Sanctuary Zone","Shark and ray richness","Poisson (log link)","poisson","log","Poisson with a log link was specified for species-richness count metrics",NA,"sharks_rays"
"Bloom",0.43117434172847124,0.1519610800876169,Inf,0.21610230296130092,0.8602930668363726,"Middle/Long Spit - Middle Spit Sanctuary Zone","Shark and ray richness","Poisson (log link)","poisson","log","Poisson with a log link was specified for species-richness count metrics",NA,"sharks_rays"
"Pre-bloom",0.39988258093474605,0.13222767835812363,Inf,0.2091552902319308,0.7645327945456939,"O'Sullivan","Shark and ray richness","Poisson (log link)","poisson","log","Poisson with a log link was specified for species-richness count metrics",NA,"sharks_rays"
"Bloom",0.024534905648419286,0.027585677230531687,Inf,0.002708575405792451,0.2222428786326219,"O'Sullivan","Shark and ray richness","Poisson (log link)","poisson","log","Poisson with a log link was specified for species-richness count metrics",NA,"sharks_rays"
"Pre-bloom",0.4534820197957839,0.3008178549062898,Inf,0.12357040866822434,1.6642005516887537,"Offshore Ardrossan - Offshore Ardrossan Sanctuary Zone","Shark and ray richness","Poisson (log link)","poisson","log","Poisson with a log link was specified for species-richness count metrics",NA,"sharks_rays"
"Bloom",5.028856389981745e-11,4.23786376737945e-6,Inf,2.220446049250313e-16,NA,"Offshore Ardrossan - Offshore Ardrossan Sanctuary Zone","Shark and ray richness","Poisson (log link)","poisson","log","Poisson with a log link was specified for species-richness count metrics",NA,"sharks_rays"
"Pre-bloom",1.0833333368392286,0.3004625817363041,Inf,0.6290443938462291,1.8657047581829471,"Orcades Bank - Orcades Bank Sanctuary Zone","Shark and ray richness","Poisson (log link)","poisson","log","Poisson with a log link was specified for species-richness count metrics","overall","sharks_rays"
"Pre-bloom",0.5137011669305221,0.1909406380623829,Inf,0.24792618326017035,1.064384912620781,"Port Gibbon - Port Gibbon Sanctuary Zone","Shark and ray richness","Poisson (log link)","poisson","log","Poisson with a log link was specified for species-richness count metrics",NA,"sharks_rays"
"Bloom",0.25000000000345723,0.10206206412708943,Inf,0.11231518136218048,0.5564697420572748,"Port Gibbon - Port Gibbon Sanctuary Zone","Shark and ray richness","Poisson (log link)","poisson","log","Poisson with a log link was specified for species-richness count metrics",NA,"sharks_rays"
"Pre-bloom",0.14126047156073057,0.06497556486293317,Inf,0.057344736788538964,0.347974756587393,"Rapid Head - Rapid Head Sanctuary Zone","Shark and ray richness","Poisson (log link)","poisson","log","Poisson with a log link was specified for species-richness count metrics",NA,"sharks_rays"
"Bloom",0.09346214060972645,0.0938297657154591,Inf,0.013064297274167112,0.668629283614428,"Rapid Head - Rapid Head Sanctuary Zone","Shark and ray richness","Poisson (log link)","poisson","log","Poisson with a log link was specified for species-richness count metrics",NA,"sharks_rays"
"Pre-bloom",0.7015843864555319,0.21094492760522945,Inf,0.3891792646922348,1.2647658700610271,"The Pages - The Pages Sanctuary Zone","Shark and ray richness","Poisson (log link)","poisson","log","Poisson with a log link was specified for species-richness count metrics",NA,"sharks_rays"
"Bloom",0.48069344311320206,0.20039867201700076,Inf,0.212327657250581,1.088252888220444,"The Pages - The Pages Sanctuary Zone","Shark and ray richness","Poisson (log link)","poisson","log","Poisson with a log link was specified for species-richness count metrics",NA,"sharks_rays"
"Pre-bloom",0.3048522903335106,0.19882993482733688,Inf,0.0849026211046168,1.094606005238317,"Victor Harbor - Encounter Bay Sanctuary Zone","Shark and ray richness","Poisson (log link)","poisson","log","Poisson with a log link was specified for species-richness count metrics",NA,"sharks_rays"
"Bloom",0.136173060554642,0.1183681251585184,Inf,0.024784843483907495,0.7481629824637792,"Victor Harbor - Encounter Bay Sanctuary Zone","Shark and ray richness","Poisson (log link)","poisson","log","Poisson with a log link was specified for species-richness count metrics",NA,"sharks_rays"
"Pre-bloom",0.792345719647242,0.23865722305702083,Inf,0.4390661123746903,1.42987974190899,"Windara Reef - Windara Shell fish Reef Sanctuary Zone","Shark and ray richness","Poisson (log link)","poisson","log","Poisson with a log link was specified for species-richness count metrics",NA,"sharks_rays"
"Bloom",7.46350590261399e-10,7.504713413920781e-6,Inf,2.220446049250313e-16,NA,"Windara Reef - Windara Shell fish Reef Sanctuary Zone","Shark and ray richness","Poisson (log link)","poisson","log","Poisson with a log link was specified for species-richness count metrics",NA,"sharks_rays"
"Pre-bloom",5.449595150481906,0.5250709761135575,Inf,4.511807722259988,6.582303398620891,"Aldinga - Aldinga Reef Sanctuary Zone","Reef associated species richness","Poisson (log link)","poisson","log","Poisson with a log link was specified for species-richness count metrics",NA,"reef_associated_richness"
"Bloom",2.3532250116674525,0.6540625146241767,Inf,1.3648279594905688,4.057410985047707,"Aldinga - Aldinga Reef Sanctuary Zone","Reef associated species richness","Poisson (log link)","poisson","log","Poisson with a log link was specified for species-richness count metrics",NA,"reef_associated_richness"
"Pre-bloom",0.36409668071732626,0.1058668198491642,Inf,0.20592853130472888,0.6437495186774559,"Bay of Shoals - Bay of Shoals Sanctuary Zone","Reef associated species richness","Poisson (log link)","poisson","log","Poisson with a log link was specified for species-richness count metrics",NA,"reef_associated_richness"
"Bloom",0.1718615863495586,0.10722707038270515,Inf,0.05059425018401326,0.5837897538783898,"Bay of Shoals - Bay of Shoals Sanctuary Zone","Reef associated species richness","Poisson (log link)","poisson","log","Poisson with a log link was specified for species-richness count metrics",NA,"reef_associated_richness"
"Pre-bloom",0.2755638942042951,0.11250974882639865,Inf,0.12379011225938129,0.6134210431114724,"Boston Bay","Reef associated species richness","Poisson (log link)","poisson","log","Poisson with a log link was specified for species-richness count metrics",NA,"reef_associated_richness"
"Bloom",0.1525475179616144,0.09321830263128483,Inf,0.04605272489317997,0.5053065869658295,"Boston Bay","Reef associated species richness","Poisson (log link)","poisson","log","Poisson with a log link was specified for species-richness count metrics",NA,"reef_associated_richness"
"Pre-bloom",2.8282288629453456,0.3510334841115362,Inf,2.2175085617066044,3.6071466145957745,"Cape Elizabeth - Cape Elizabeth Sanctuary Zone","Reef associated species richness","Poisson (log link)","poisson","log","Poisson with a log link was specified for species-richness count metrics",NA,"reef_associated_richness"
"Bloom",1.969326244476448,0.2928618542775733,Inf,1.471411140264883,2.6357322919857396,"Cape Elizabeth - Cape Elizabeth Sanctuary Zone","Reef associated species richness","Poisson (log link)","poisson","log","Poisson with a log link was specified for species-richness count metrics",NA,"reef_associated_richness"
"Pre-bloom",6.662508373706082,0.7550253875355039,Inf,5.3355081059214156,8.319548381988243,"Carrickalinga - Carrickalinga Cliffs Sanctuary Zone","Reef associated species richness","Poisson (log link)","poisson","log","Poisson with a log link was specified for species-richness count metrics",NA,"reef_associated_richness"
"Bloom",6.342658131503057,1.651431203017755,Inf,3.8075433468397084,10.565687244640957,"Carrickalinga - Carrickalinga Cliffs Sanctuary Zone","Reef associated species richness","Poisson (log link)","poisson","log","Poisson with a log link was specified for species-richness count metrics",NA,"reef_associated_richness"
"Pre-bloom",6.931321462963904,0.944740765767508,Inf,5.306364369369147,9.053885839478403,"Chinamans Hat - Chinamans Hat Sanctuary Zone","Reef associated species richness","Poisson (log link)","poisson","log","Poisson with a log link was specified for species-richness count metrics",NA,"reef_associated_richness"
"Bloom",5.324510017552161,0.7727598524949055,Inf,4.006291781764978,7.076470829222402,"Chinamans Hat - Chinamans Hat Sanctuary Zone","Reef associated species richness","Poisson (log link)","poisson","log","Poisson with a log link was specified for species-richness count metrics",NA,"reef_associated_richness"
"Pre-bloom",1.1143656834033517e-5,0.10825315061987226,Inf,2.220446049250313e-16,NA,"Cuttlefish Coast - Fairway Bank Sanctuary Zone","Reef associated species richness","Poisson (log link)","poisson","log","Poisson with a log link was specified for species-richness count metrics",NA,"reef_associated_richness"
"Bloom",0.5590169943785603,0.16925078255614628,Inf,0.3088239490653614,1.0119033868642744,"Cuttlefish Coast - Fairway Bank Sanctuary Zone","Reef associated species richness","Poisson (log link)","poisson","log","Poisson with a log link was specified for species-richness count metrics",NA,"reef_associated_richness"
"Pre-bloom",2.9125477053083624,1.9981451357831197,Inf,0.7591168480003361,11.174740961213988,"Dangerous Reef - Dangerous Reef Sanctuary Zone","Reef associated species richness","Poisson (log link)","poisson","log","Poisson with a log link was specified for species-richness count metrics",NA,"reef_associated_richness"
"Bloom",15.37426687367795,15.851857896615673,Inf,2.0377499068454292,115.99464738486215,"Dangerous Reef - Dangerous Reef Sanctuary Zone","Reef associated species richness","Poisson (log link)","poisson","log","Poisson with a log link was specified for species-richness count metrics",NA,"reef_associated_richness"
"Pre-bloom",0.7814664179931924,0.5341636371826495,Inf,0.20468213002629618,2.9836007783026965,"Glenelg","Reef associated species richness","Poisson (log link)","poisson","log","Poisson with a log link was specified for species-richness count metrics",NA,"reef_associated_richness"
"Bloom",0.27034427720265203,0.19763347616982987,Inf,0.06451365824183662,1.1328768234201392,"Glenelg","Reef associated species richness","Poisson (log link)","poisson","log","Poisson with a log link was specified for species-richness count metrics",NA,"reef_associated_richness"
"Pre-bloom",1.1864880982162829,0.14852211951784028,Inf,0.9283500010094472,1.5164043794669697,"Middle/Long Spit - Middle Spit Sanctuary Zone","Reef associated species richness","Poisson (log link)","poisson","log","Poisson with a log link was specified for species-richness count metrics",NA,"reef_associated_richness"
"Bloom",0.4841229174680572,0.1465754802320179,Inf,0.2674493813034075,0.8763340489911136,"Middle/Long Spit - Middle Spit Sanctuary Zone","Reef associated species richness","Poisson (log link)","poisson","log","Poisson with a log link was specified for species-richness count metrics",NA,"reef_associated_richness"
"Pre-bloom",1.0568333794197846,0.8131629238187806,Inf,0.23391798022916532,4.77473681485125,"O'Sullivan","Reef associated species richness","Poisson (log link)","poisson","log","Poisson with a log link was specified for species-richness count metrics",NA,"reef_associated_richness"
"Bloom",0.3964895370349113,0.31176460005475864,Inf,0.08490269724779949,1.851577842330948,"O'Sullivan","Reef associated species richness","Poisson (log link)","poisson","log","Poisson with a log link was specified for species-richness count metrics",NA,"reef_associated_richness"
"Pre-bloom",0.6110702374983972,0.24720476088030227,Inf,0.2765302883620069,1.3503288821205697,"Offshore Ardrossan - Offshore Ardrossan Sanctuary Zone","Reef associated species richness","Poisson (log link)","poisson","log","Poisson with a log link was specified for species-richness count metrics",NA,"reef_associated_richness"
"Bloom",0.20280618212846435,0.15017943136955375,Inf,0.047507299721884555,0.865769002875507,"Offshore Ardrossan - Offshore Ardrossan Sanctuary Zone","Reef associated species richness","Poisson (log link)","poisson","log","Poisson with a log link was specified for species-richness count metrics",NA,"reef_associated_richness"
"Pre-bloom",7.499999976992593,0.7905693479487735,Inf,6.100097107242981,9.221164625084441,"Orcades Bank - Orcades Bank Sanctuary Zone","Reef associated species richness","Poisson (log link)","poisson","log","Poisson with a log link was specified for species-richness count metrics","overall","reef_associated_richness"
"Pre-bloom",2.1650635094608233,0.300462581553591,Inf,1.6494639542560232,2.8418323346223553,"Port Gibbon - Port Gibbon Sanctuary Zone","Reef associated species richness","Poisson (log link)","poisson","log","Poisson with a log link was specified for species-richness count metrics",NA,"reef_associated_richness"
"Bloom",1.1547005383784454,0.2204792576585867,Inf,0.7942192377986238,1.6787975786473475,"Port Gibbon - Port Gibbon Sanctuary Zone","Reef associated species richness","Poisson (log link)","poisson","log","Poisson with a log link was specified for species-richness count metrics",NA,"reef_associated_richness"
"Pre-bloom",5.115994058558963,1.1811681864380361,Inf,3.2539187355897505,8.043653617079915,"Port Noarlunga - Port Noarlunga Reef Sanctuary Zone","Reef associated species richness","Poisson (log link)","poisson","log","Poisson with a log link was specified for species-richness count metrics",NA,"reef_associated_richness"
"Bloom",4.259564697836998,2.537636007987438,Inf,1.3251402084840347,13.692054092763417,"Port Noarlunga - Port Noarlunga Reef Sanctuary Zone","Reef associated species richness","Poisson (log link)","poisson","log","Poisson with a log link was specified for species-richness count metrics",NA,"reef_associated_richness"
"Pre-bloom",6.6214819387067685,0.6101000389331875,Inf,5.527463884909062,7.932032479546681,"Rapid Head - Rapid Head Sanctuary Zone","Reef associated species richness","Poisson (log link)","poisson","log","Poisson with a log link was specified for species-richness count metrics",NA,"reef_associated_richness"
"Bloom",6.2538253315582475,1.1332957654151956,Inf,4.384237382624002,8.920669175589158,"Rapid Head - Rapid Head Sanctuary Zone","Reef associated species richness","Poisson (log link)","poisson","log","Poisson with a log link was specified for species-richness count metrics",NA,"reef_associated_richness"
"Pre-bloom",10.711742533872137,0.6504629083085751,Inf,9.509802995928835,12.065594645976,"Sponge Gardens - Sponge Gardens Sanctuary Zone","Reef associated species richness","Poisson (log link)","poisson","log","Poisson with a log link was specified for species-richness count metrics",NA,"reef_associated_richness"
"Bloom",10.477535723092982,0.9315933462817463,Inf,8.80188976584326,12.472180150982874,"Sponge Gardens - Sponge Gardens Sanctuary Zone","Reef associated species richness","Poisson (log link)","poisson","log","Poisson with a log link was specified for species-richness count metrics",NA,"reef_associated_richness"
"Pre-bloom",6.400112361951158,1.5105012317666104,Inf,4.029898405020837,10.164384837733458,"The Pages - The Pages Sanctuary Zone","Reef associated species richness","Poisson (log link)","poisson","log","Poisson with a log link was specified for species-richness count metrics",NA,"reef_associated_richness"
"Bloom",4.66338195318409,1.1607975099013879,Inf,2.863004320231097,7.595912827518077,"The Pages - The Pages Sanctuary Zone","Reef associated species richness","Poisson (log link)","poisson","log","Poisson with a log link was specified for species-richness count metrics",NA,"reef_associated_richness"
"Pre-bloom",2.955641817805716,2.5940184991724164,Inf,0.5291696458391969,16.508540548103362,"Victor Harbor - Encounter Bay Sanctuary Zone","Reef associated species richness","Poisson (log link)","poisson","log","Poisson with a log link was specified for species-richness count metrics",NA,"reef_associated_richness"
"Bloom",3.4822643760157117,3.0543235285361714,Inf,0.6241165068193635,19.429329383171943,"Victor Harbor - Encounter Bay Sanctuary Zone","Reef associated species richness","Poisson (log link)","poisson","log","Poisson with a log link was specified for species-richness count metrics",NA,"reef_associated_richness"
"Pre-bloom",0.4027777777756472,0.07479394964348753,Inf,0.2798990057272509,0.5796016954342972,"Windara Reef - Windara Shell fish Reef Sanctuary Zone","Reef associated species richness","Poisson (log link)","poisson","log","Poisson with a log link was specified for species-richness count metrics",NA,"reef_associated_richness"
"Bloom",0.7500000000044944,0.24999998039385848,Inf,0.3902360957187021,1.4414350855237499,"Windara Reef - Windara Shell fish Reef Sanctuary Zone","Reef associated species richness","Poisson (log link)","poisson","log","Poisson with a log link was specified for species-richness count metrics",NA,"reef_associated_richness"
"Pre-bloom",1.4780019277191054,0.09503132375156491,Inf,1.303002233731392,1.67650495278561,"Aldinga - Aldinga Reef Sanctuary Zone","Shannon diversity","Tweedie (log link)","tweedie","log","Tweedie with a log link was specified for non-richness metrics",NA,"shannon_diversity"
"Bloom",1.333327670516983,0.1893939385737817,Inf,1.0093157934266748,1.7613542644870899,"Aldinga - Aldinga Reef Sanctuary Zone","Shannon diversity","Tweedie (log link)","tweedie","log","Tweedie with a log link was specified for non-richness metrics",NA,"shannon_diversity"
"Pre-bloom",1.1068201418728492,0.1231027339469303,Inf,0.8900301689609954,1.376414945445653,"Bay of Shoals - Bay of Shoals Sanctuary Zone","Shannon diversity","Tweedie (log link)","tweedie","log","Tweedie with a log link was specified for non-richness metrics",NA,"shannon_diversity"
"Bloom",1.1579580640612421,0.2222194628213932,Inf,0.7949537852844593,1.6867230560386046,"Bay of Shoals - Bay of Shoals Sanctuary Zone","Shannon diversity","Tweedie (log link)","tweedie","log","Tweedie with a log link was specified for non-richness metrics",NA,"shannon_diversity"
"Pre-bloom",1.1228710969698776,0.26662953330514416,Inf,0.7050326386852047,1.7883420301812412,"Boston Bay","Shannon diversity","Tweedie (log link)","tweedie","log","Tweedie with a log link was specified for non-richness metrics",NA,"shannon_diversity"
"Bloom",1.4401552709392342,0.46273679545497665,Inf,0.7672015149195718,2.703392999206327,"Boston Bay","Shannon diversity","Tweedie (log link)","tweedie","log","Tweedie with a log link was specified for non-richness metrics",NA,"shannon_diversity"
"Pre-bloom",1.9234288707667457,0.06766522175767802,Inf,1.7952763320210754,2.060729345623439,"Cape Elizabeth - Cape Elizabeth Sanctuary Zone","Shannon diversity","Tweedie (log link)","tweedie","log","Tweedie with a log link was specified for non-richness metrics",NA,"shannon_diversity"
"Bloom",1.8028362359268821,0.06528634539414593,Inf,1.6793128270898414,1.935445523395103,"Cape Elizabeth - Cape Elizabeth Sanctuary Zone","Shannon diversity","Tweedie (log link)","tweedie","log","Tweedie with a log link was specified for non-richness metrics",NA,"shannon_diversity"
"Pre-bloom",1.767623049826113,0.054469948198561165,Inf,1.664023941478079,1.8776720505001998,"Carrickalinga - Carrickalinga Cliffs Sanctuary Zone","Shannon diversity","Tweedie (log link)","tweedie","log","Tweedie with a log link was specified for non-richness metrics",NA,"shannon_diversity"
"Bloom",1.7788931141629982,0.1324896761121709,Inf,1.5372816936542897,2.0584781076097083,"Carrickalinga - Carrickalinga Cliffs Sanctuary Zone","Shannon diversity","Tweedie (log link)","tweedie","log","Tweedie with a log link was specified for non-richness metrics",NA,"shannon_diversity"
"Pre-bloom",1.9947291503012297,0.09617746581360605,Inf,1.814857661818856,2.1924277957279332,"Chinamans Hat - Chinamans Hat Sanctuary Zone","Shannon diversity","Tweedie (log link)","tweedie","log","Tweedie with a log link was specified for non-richness metrics",NA,"shannon_diversity"
"Bloom",1.863904846946313,0.0968513551752718,Inf,1.6834258809001197,2.0637328425842854,"Chinamans Hat - Chinamans Hat Sanctuary Zone","Shannon diversity","Tweedie (log link)","tweedie","log","Tweedie with a log link was specified for non-richness metrics",NA,"shannon_diversity"
"Pre-bloom",0.4834219058705256,0.07148737320803028,Inf,0.3617866233928852,0.6459518510768885,"Cuttlefish Coast - Fairway Bank Sanctuary Zone","Shannon diversity","Tweedie (log link)","tweedie","log","Tweedie with a log link was specified for non-richness metrics",NA,"shannon_diversity"
"Bloom",0.554999608803183,0.06947502519876025,Inf,0.43424917367056765,0.7093267746903335,"Cuttlefish Coast - Fairway Bank Sanctuary Zone","Shannon diversity","Tweedie (log link)","tweedie","log","Tweedie with a log link was specified for non-richness metrics",NA,"shannon_diversity"
"Pre-bloom",1.8674788354431395,0.07724515892531134,Inf,1.722055527507804,2.0251827801831785,"Dangerous Reef - Dangerous Reef Sanctuary Zone","Shannon diversity","Tweedie (log link)","tweedie","log","Tweedie with a log link was specified for non-richness metrics",NA,"shannon_diversity"
"Bloom",2.3791708525956334,0.12849330808752757,Inf,2.140199597498134,2.6448252548302658,"Dangerous Reef - Dangerous Reef Sanctuary Zone","Shannon diversity","Tweedie (log link)","tweedie","log","Tweedie with a log link was specified for non-richness metrics",NA,"shannon_diversity"
"Pre-bloom",1.2601034798944735,0.2059999436686014,Inf,0.9146458757754835,1.736038856235909,"Glenelg","Shannon diversity","Tweedie (log link)","tweedie","log","Tweedie with a log link was specified for non-richness metrics",NA,"shannon_diversity"
"Bloom",0.7097699287058268,0.14507085805368716,Inf,0.47548775130575294,1.0594875479161039,"Glenelg","Shannon diversity","Tweedie (log link)","tweedie","log","Tweedie with a log link was specified for non-richness metrics",NA,"shannon_diversity"
"Pre-bloom",1.170368465400928,0.20683948144590625,Inf,0.8277316695139046,1.6548386334055973,"O'Sullivan","Shannon diversity","Tweedie (log link)","tweedie","log","Tweedie with a log link was specified for non-richness metrics",NA,"shannon_diversity"
"Bloom",0.8786552549732474,0.20457092937244606,Inf,0.5567233412249405,1.3867481384800904,"O'Sullivan","Shannon diversity","Tweedie (log link)","tweedie","log","Tweedie with a log link was specified for non-richness metrics",NA,"shannon_diversity"
"Pre-bloom",0.5189522882253541,0.11553486422259829,Inf,0.33544674713142647,0.802844206293096,"Offshore Ardrossan - Offshore Ardrossan Sanctuary Zone","Shannon diversity","Tweedie (log link)","tweedie","log","Tweedie with a log link was specified for non-richness metrics",NA,"shannon_diversity"
"Bloom",0.1439358956697315,0.04716785798049348,Inf,0.0757233789091704,0.2735950555917263,"Offshore Ardrossan - Offshore Ardrossan Sanctuary Zone","Shannon diversity","Tweedie (log link)","tweedie","log","Tweedie with a log link was specified for non-richness metrics",NA,"shannon_diversity"
"Pre-bloom",2.1275252973437246,0.1360757213322241,Inf,1.8768613922762911,2.411666577758227,"Orcades Bank - Orcades Bank Sanctuary Zone","Shannon diversity","Tweedie (log link)","tweedie","log","Tweedie with a log link was specified for non-richness metrics","overall","shannon_diversity"
"Pre-bloom",1.630065530200741,0.10303091012315713,Inf,1.4401359873082096,1.8450435626673654,"Port Gibbon - Port Gibbon Sanctuary Zone","Shannon diversity","Tweedie (log link)","tweedie","log","Tweedie with a log link was specified for non-richness metrics",NA,"shannon_diversity"
"Bloom",1.7384162249586845,0.10783117675558583,Inf,1.5394128129271225,1.9631452628052624,"Port Gibbon - Port Gibbon Sanctuary Zone","Shannon diversity","Tweedie (log link)","tweedie","log","Tweedie with a log link was specified for non-richness metrics",NA,"shannon_diversity"
"Pre-bloom",1.415181855413621,0.18216493919335944,Inf,1.0996233328553795,1.8212960966292406,"Port Noarlunga - Port Noarlunga Reef Sanctuary Zone","Shannon diversity","Tweedie (log link)","tweedie","log","Tweedie with a log link was specified for non-richness metrics",NA,"shannon_diversity"
"Bloom",1.6139484324241027,0.5111594143267434,Inf,0.8675660554175549,3.0024567308255596,"Port Noarlunga - Port Noarlunga Reef Sanctuary Zone","Shannon diversity","Tweedie (log link)","tweedie","log","Tweedie with a log link was specified for non-richness metrics",NA,"shannon_diversity"
"Pre-bloom",1.9013859430599291,0.06302463285749905,Inf,1.7817869468856122,2.029012790100987,"Rapid Head - Rapid Head Sanctuary Zone","Shannon diversity","Tweedie (log link)","tweedie","log","Tweedie with a log link was specified for non-richness metrics",NA,"shannon_diversity"
"Bloom",1.7309675163012368,0.13358915133241073,Inf,1.4879782614923922,2.0136373091129274,"Rapid Head - Rapid Head Sanctuary Zone","Shannon diversity","Tweedie (log link)","tweedie","log","Tweedie with a log link was specified for non-richness metrics",NA,"shannon_diversity"
"Pre-bloom",2.008740364999524,0.049349527057777925,Inf,1.9143088110644533,2.107830163376166,"Sponge Gardens - Sponge Gardens Sanctuary Zone","Shannon diversity","Tweedie (log link)","tweedie","log","Tweedie with a log link was specified for non-richness metrics",NA,"shannon_diversity"
"Bloom",2.0380577128555966,0.07083442820394784,Inf,1.9038478805022325,2.181728531711499,"Sponge Gardens - Sponge Gardens Sanctuary Zone","Shannon diversity","Tweedie (log link)","tweedie","log","Tweedie with a log link was specified for non-richness metrics",NA,"shannon_diversity"
"Pre-bloom",1.883681025798231,0.13397541754375655,Inf,1.638574847222541,2.1654514061208308,"The Pages - The Pages Sanctuary Zone","Shannon diversity","Tweedie (log link)","tweedie","log","Tweedie with a log link was specified for non-richness metrics",NA,"shannon_diversity"
"Bloom",1.382871631084788,0.11065512550788491,Inf,1.182143265573648,1.6176837476049244,"The Pages - The Pages Sanctuary Zone","Shannon diversity","Tweedie (log link)","tweedie","log","Tweedie with a log link was specified for non-richness metrics",NA,"shannon_diversity"
"Pre-bloom",1.3431414969121886,0.22351298131847522,Inf,0.9693325760253323,1.8611043571080486,"Victor Harbor - Encounter Bay Sanctuary Zone","Shannon diversity","Tweedie (log link)","tweedie","log","Tweedie with a log link was specified for non-richness metrics",NA,"shannon_diversity"
"Bloom",1.4944690294551262,0.2464209532498622,Inf,1.0817663345212372,2.06462117439531,"Victor Harbor - Encounter Bay Sanctuary Zone","Shannon diversity","Tweedie (log link)","tweedie","log","Tweedie with a log link was specified for non-richness metrics",NA,"shannon_diversity"
"Pre-bloom",1.4655550364738266,0.14280869410532987,Inf,1.2107602191439246,1.7739693879705187,"Windara Reef - Windara Shell fish Reef Sanctuary Zone","Shannon diversity","Tweedie (log link)","tweedie","log","Tweedie with a log link was specified for non-richness metrics",NA,"shannon_diversity"
"Bloom",0.42382053584113427,0.07424512492382497,Inf,0.30065471631714397,0.5974423045843424,"Windara Reef - Windara Shell fish Reef Sanctuary Zone","Shannon diversity","Tweedie (log link)","tweedie","log","Tweedie with a log link was specified for non-richness metrics",NA,"shannon_diversity"
"Pre-bloom",5.8416607202029756,1.4660781922066166,Inf,3.571994436353122,9.553486316401642,"Aldinga - Aldinga Reef Sanctuary Zone","Abundance > 200 mm","Tweedie (log link)","tweedie","log","Tweedie with a log link was specified for non-richness metrics",NA,"large_fish"
"Bloom",4.5360508795131,1.2215855173728485,Inf,2.67574222492409,7.689738342457593,"Aldinga - Aldinga Reef Sanctuary Zone","Abundance > 200 mm","Tweedie (log link)","tweedie","log","Tweedie with a log link was specified for non-richness metrics",NA,"large_fish"
"Pre-bloom",2.1286264942345867,0.4656722815497627,Inf,1.3863887817058957,3.2682396249500454,"Cape Elizabeth - Cape Elizabeth Sanctuary Zone","Abundance > 200 mm","Tweedie (log link)","tweedie","log","Tweedie with a log link was specified for non-richness metrics",NA,"large_fish"
"Bloom",3.1681149603082814,0.6206843165413822,Inf,2.1579280288919724,4.6511988663879595,"Cape Elizabeth - Cape Elizabeth Sanctuary Zone","Abundance > 200 mm","Tweedie (log link)","tweedie","log","Tweedie with a log link was specified for non-richness metrics",NA,"large_fish"
"Pre-bloom",9.04498716943711,1.3831488241016126,Inf,6.7025986387274035,12.20598118803892,"Carrickalinga - Carrickalinga Cliffs Sanctuary Zone","Abundance > 200 mm","Tweedie (log link)","tweedie","log","Tweedie with a log link was specified for non-richness metrics",NA,"large_fish"
"Bloom",10.351230177062002,3.5074461429889014,Inf,5.328045580211558,20.11018197300492,"Carrickalinga - Carrickalinga Cliffs Sanctuary Zone","Abundance > 200 mm","Tweedie (log link)","tweedie","log","Tweedie with a log link was specified for non-richness metrics",NA,"large_fish"
"Pre-bloom",10.489234448155752,1.865457365554118,Inf,7.402218448765387,14.863657438632897,"Chinamans Hat - Chinamans Hat Sanctuary Zone","Abundance > 200 mm","Tweedie (log link)","tweedie","log","Tweedie with a log link was specified for non-richness metrics",NA,"large_fish"
"Bloom",9.470724266441861,1.7556740854849684,Inf,6.585492197958983,13.620032555618158,"Chinamans Hat - Chinamans Hat Sanctuary Zone","Abundance > 200 mm","Tweedie (log link)","tweedie","log","Tweedie with a log link was specified for non-richness metrics",NA,"large_fish"
"Pre-bloom",0.6998541581654619,0.3055393016811569,Inf,0.2974360868632299,1.6467263534391183,"Cuttlefish Coast - Fairway Bank Sanctuary Zone","Abundance > 200 mm","Tweedie (log link)","tweedie","log","Tweedie with a log link was specified for non-richness metrics",NA,"large_fish"
"Bloom",6.2201668699389465,0.9246566149127761,Inf,4.648009252401459,8.3240961428586,"Cuttlefish Coast - Fairway Bank Sanctuary Zone","Abundance > 200 mm","Tweedie (log link)","tweedie","log","Tweedie with a log link was specified for non-richness metrics",NA,"large_fish"
"Bloom",38.8695649549226,1.9792035408264346,Inf,35.17768513167749,42.94890565224924,"Dangerous Reef - Dangerous Reef Sanctuary Zone","Abundance > 200 mm","Tweedie (log link)","tweedie","log","Tweedie with a log link was specified for non-richness metrics","overall","large_fish"
"Pre-bloom",1.5539871671623968,1.1561972956930258,Inf,0.3615235437293232,6.67972019413888,"Glenelg","Abundance > 200 mm","Tweedie (log link)","tweedie","log","Tweedie with a log link was specified for non-richness metrics",NA,"large_fish"
"Bloom",0.36264352006944767,0.29047125624779857,Inf,0.07545396148584786,1.7429213795888765,"Glenelg","Abundance > 200 mm","Tweedie (log link)","tweedie","log","Tweedie with a log link was specified for non-richness metrics",NA,"large_fish"
"Pre-bloom",0.7007486930784753,0.7218041127432037,Inf,0.09306463356977915,5.276426844608018,"O'Sullivan","Abundance > 200 mm","Tweedie (log link)","tweedie","log","Tweedie with a log link was specified for non-richness metrics",NA,"large_fish"
"Bloom",0.45820974281350024,0.4703205930081662,Inf,0.06128650254761437,3.4258141626877143,"O'Sullivan","Abundance > 200 mm","Tweedie (log link)","tweedie","log","Tweedie with a log link was specified for non-richness metrics",NA,"large_fish"
"Pre-bloom",8.642857142872726,1.0256590179141398,Inf,6.849267820069698,10.906126253849127,"Port Noarlunga - Port Noarlunga Reef Sanctuary Zone","Abundance > 200 mm","Tweedie (log link)","tweedie","log","Tweedie with a log link was specified for non-richness metrics",NA,"large_fish"
"Bloom",5.00000000000376,1.3007598979634094,Inf,3.002812657459476,8.32552771413612,"Port Noarlunga - Port Noarlunga Reef Sanctuary Zone","Abundance > 200 mm","Tweedie (log link)","tweedie","log","Tweedie with a log link was specified for non-richness metrics",NA,"large_fish"
"Pre-bloom",9.177058606830538,0.9832485848816501,Inf,7.438820060160292,11.321473565982147,"Rapid Head - Rapid Head Sanctuary Zone","Abundance > 200 mm","Tweedie (log link)","tweedie","log","Tweedie with a log link was specified for non-richness metrics",NA,"large_fish"
"Bloom",6.585134004139864,1.1220055548421053,Inf,4.715556639175669,9.195942954480048,"Rapid Head - Rapid Head Sanctuary Zone","Abundance > 200 mm","Tweedie (log link)","tweedie","log","Tweedie with a log link was specified for non-richness metrics",NA,"large_fish"
"Pre-bloom",11.678094896482088,0.9285273217676359,Inf,9.992929415117882,13.647439579120878,"Sponge Gardens - Sponge Gardens Sanctuary Zone","Abundance > 200 mm","Tweedie (log link)","tweedie","log","Tweedie with a log link was specified for non-richness metrics",NA,"large_fish"
"Bloom",15.170790847633668,1.9081363823541704,Inf,11.856231060451712,19.411977867937814,"Sponge Gardens - Sponge Gardens Sanctuary Zone","Abundance > 200 mm","Tweedie (log link)","tweedie","log","Tweedie with a log link was specified for non-richness metrics",NA,"large_fish"
"Pre-bloom",7.440853659545644,2.85149798499066,Inf,3.510942372394949,15.769641683126318,"The Pages - The Pages Sanctuary Zone","Abundance > 200 mm","Tweedie (log link)","tweedie","log","Tweedie with a log link was specified for non-richness metrics",NA,"large_fish"
"Bloom",5.022809656398239,2.0385686978338904,Inf,2.2671286704304356,11.128003969716243,"The Pages - The Pages Sanctuary Zone","Abundance > 200 mm","Tweedie (log link)","tweedie","log","Tweedie with a log link was specified for non-richness metrics",NA,"large_fish"
"Bloom",4.663943171587312,3.2629174421057923,Inf,1.1837186479510047,18.376297395879387,"Victor Harbor - Encounter Bay Sanctuary Zone","Abundance > 200 mm","Tweedie (log link)","tweedie","log","Tweedie with a log link was specified for non-richness metrics","overall","large_fish"
