"Period","Status","response","SE","df","asymp.LCL","asymp.UCL","reporting_name","metric","model_family","family_code","model_link","family_selection_reason","1","metric_id"
"Pre-bloom","Fished",59.22505997644817,11.628994160861525,Inf,40.30601647794895,87.02442056343776,"Aldinga - Aldinga Reef Sanctuary Zone","Total abundance","Tweedie (log link)","tweedie","log","Tweedie with a log link was specified for non-richness metrics",NA,"total_abundance"
"Bloom","Fished",41.4877778051472,17.92375243521762,Inf,17.79016289373615,96.75210494083255,"Aldinga - Aldinga Reef Sanctuary Zone","Total abundance","Tweedie (log link)","tweedie","log","Tweedie with a log link was specified for non-richness metrics",NA,"total_abundance"
"Pre-bloom","No-take",76.97739902272686,12.494952563548463,Inf,56.00108051481495,105.81081482412698,"Aldinga - Aldinga Reef Sanctuary Zone","Total abundance","Tweedie (log link)","tweedie","log","Tweedie with a log link was specified for non-richness metrics",NA,"total_abundance"
"Bloom","No-take",86.17343843668517,37.224787002801804,Inf,36.95519329470507,200.9422987665754,"Aldinga - Aldinga Reef Sanctuary Zone","Total abundance","Tweedie (log link)","tweedie","log","Tweedie with a log link was specified for non-richness metrics",NA,"total_abundance"
"Pre-bloom","Fished",54.350210593222094,26.08642653378171,Inf,21.21537517644848,139.23606662430424,"Boston Bay","Total abundance","Tweedie (log link)","tweedie","log","Tweedie with a log link was specified for non-richness metrics",NA,"total_abundance"
"Bloom","Fished",37.05107687601266,24.941277601412892,Inf,9.903907732929946,138.61016627888958,"Boston Bay","Total abundance","Tweedie (log link)","tweedie","log","Tweedie with a log link was specified for non-richness metrics",NA,"total_abundance"
"Pre-bloom","Fished",21.621182993825204,4.742446342626553,Inf,14.066132329994714,33.23412172482042,"Chinamans Hat - Chinamans Hat Sanctuary Zone","Total abundance","Tweedie (log link)","tweedie","log","Tweedie with a log link was specified for non-richness metrics",NA,"total_abundance"
"Bloom","Fished",19.586598323888946,4.428022021969281,Inf,12.575475598166447,30.50658648308337,"Chinamans Hat - Chinamans Hat Sanctuary Zone","Total abundance","Tweedie (log link)","tweedie","log","Tweedie with a log link was specified for non-richness metrics",NA,"total_abundance"
"Pre-bloom","No-take",21.144186290997617,4.6552399727953775,Inf,13.73361830696235,32.55344687144561,"Chinamans Hat - Chinamans Hat Sanctuary Zone","Total abundance","Tweedie (log link)","tweedie","log","Tweedie with a log link was specified for non-richness metrics",NA,"total_abundance"
"Bloom","No-take",22.61441901883287,5.013884083439091,Inf,14.644143918841134,34.92262507071977,"Chinamans Hat - Chinamans Hat Sanctuary Zone","Total abundance","Tweedie (log link)","tweedie","log","Tweedie with a log link was specified for non-richness metrics",NA,"total_abundance"
"Pre-bloom","No-take",65.24089472677748,6.38308200771571,Inf,53.85666864894183,79.03151924407214,"Dangerous Reef - Dangerous Reef Sanctuary Zone","Total abundance","Tweedie (log link)","tweedie","log","Tweedie with a log link was specified for non-richness metrics",NA,"total_abundance"
"Bloom","No-take",112.57505477214595,15.09593440488204,Inf,86.55634645501053,146.41494790377723,"Dangerous Reef - Dangerous Reef Sanctuary Zone","Total abundance","Tweedie (log link)","tweedie","log","Tweedie with a log link was specified for non-richness metrics",NA,"total_abundance"
"Pre-bloom","Fished",42.4086610400043,19.408331851395513,Inf,17.294261099063768,103.99371912474136,"Glenelg","Total abundance","Tweedie (log link)","tweedie","log","Tweedie with a log link was specified for non-richness metrics",NA,"total_abundance"
"Bloom","Fished",19.996228221309337,12.713816965544702,Inf,5.7510214686684265,69.52663022683308,"Glenelg","Total abundance","Tweedie (log link)","tweedie","log","Tweedie with a log link was specified for non-richness metrics",NA,"total_abundance"
"Pre-bloom","Fished",97.07698721405255,11.040453229572426,Inf,77.68016237158008,121.31722126787352,"Offshore Ardrossan - Offshore Ardrossan Sanctuary Zone","Total abundance","Tweedie (log link)","tweedie","log","Tweedie with a log link was specified for non-richness metrics",NA,"total_abundance"
"Bloom","Fished",121.4336164763734,22.375053672106883,Inf,84.6249971807735,174.25256959277291,"Offshore Ardrossan - Offshore Ardrossan Sanctuary Zone","Total abundance","Tweedie (log link)","tweedie","log","Tweedie with a log link was specified for non-richness metrics",NA,"total_abundance"
"Pre-bloom","No-take",54.10101675746235,6.626098666946272,Inf,42.55526627984137,68.7792668231456,"Offshore Ardrossan - Offshore Ardrossan Sanctuary Zone","Total abundance","Tweedie (log link)","tweedie","log","Tweedie with a log link was specified for non-richness metrics",NA,"total_abundance"
"Bloom","No-take",91.49118685577889,18.287055433828584,Inf,61.83622739659592,135.36785190003118,"Offshore Ardrossan - Offshore Ardrossan Sanctuary Zone","Total abundance","Tweedie (log link)","tweedie","log","Tweedie with a log link was specified for non-richness metrics",NA,"total_abundance"
"Pre-bloom","No-take",34.16666554968225,4.520610601653829,Inf,26.36207825449358,44.28182875092028,"Orcades Bank - Orcades Bank Sanctuary Zone","Total abundance","Tweedie (log link)","tweedie","log","Tweedie with a log link was specified for non-richness metrics","overall","total_abundance"
"Pre-bloom","Fished",27.771114258372403,4.856473586244244,Inf,19.712396950296714,39.12435352718312,"Rapid Head - Rapid Head Sanctuary Zone","Total abundance","Tweedie (log link)","tweedie","log","Tweedie with a log link was specified for non-richness metrics",NA,"total_abundance"
"Bloom","Fished",25.293887170730198,6.777243824879272,Inf,14.96044961010614,42.7648061976321,"Rapid Head - Rapid Head Sanctuary Zone","Total abundance","Tweedie (log link)","tweedie","log","Tweedie with a log link was specified for non-richness metrics",NA,"total_abundance"
"Pre-bloom","No-take",34.08500954229764,5.907617891319923,Inf,24.267948666628367,47.87334485737284,"Rapid Head - Rapid Head Sanctuary Zone","Total abundance","Tweedie (log link)","tweedie","log","Tweedie with a log link was specified for non-richness metrics",NA,"total_abundance"
"Bloom","No-take",26.783472542757227,7.140879064935481,Inf,15.882675831120718,45.16584038333371,"Rapid Head - Rapid Head Sanctuary Zone","Total abundance","Tweedie (log link)","tweedie","log","Tweedie with a log link was specified for non-richness metrics",NA,"total_abundance"
"Pre-bloom","Fished",44.41947678423123,3.854351457635708,Inf,37.47255219115736,52.654270990660194,"Sponge Gardens - Sponge Gardens Sanctuary Zone","Total abundance","Tweedie (log link)","tweedie","log","Tweedie with a log link was specified for non-richness metrics",NA,"total_abundance"
"Bloom","Fished",48.71722421153701,6.944079651862183,Inf,36.842878282422724,64.41863517513157,"Sponge Gardens - Sponge Gardens Sanctuary Zone","Total abundance","Tweedie (log link)","tweedie","log","Tweedie with a log link was specified for non-richness metrics",NA,"total_abundance"
"Pre-bloom","No-take",42.26756259927258,3.710389790246039,Inf,35.58654702870209,50.20287151328559,"Sponge Gardens - Sponge Gardens Sanctuary Zone","Total abundance","Tweedie (log link)","tweedie","log","Tweedie with a log link was specified for non-richness metrics",NA,"total_abundance"
"Bloom","No-take",54.95491697170811,7.978990183794602,Inf,41.34464575510415,73.04556235058556,"Sponge Gardens - Sponge Gardens Sanctuary Zone","Total abundance","Tweedie (log link)","tweedie","log","Tweedie with a log link was specified for non-richness metrics",NA,"total_abundance"
"Pre-bloom","Fished",8.366233682322132,0.9174006711929605,Inf,6.748252927386758,10.372146210341626,"Aldinga - Aldinga Reef Sanctuary Zone","Species richness","Poisson (log link)","poisson","log","Poisson with a log link was specified for species-richness count metrics",NA,"richness"
"Bloom","Fished",6.274834779183843,1.2490671128481181,Inf,4.247782966541157,9.269200384339749,"Aldinga - Aldinga Reef Sanctuary Zone","Species richness","Poisson (log link)","poisson","log","Poisson with a log link was specified for species-richness count metrics",NA,"richness"
"Pre-bloom","No-take",11.582274152230815,2.1367543754577274,Inf,8.067891181956336,16.62752651367628,"Aldinga - Aldinga Reef Sanctuary Zone","Species richness","Poisson (log link)","poisson","log","Poisson with a log link was specified for species-richness count metrics",NA,"richness"
"Bloom","No-take",8.934617263707613,2.236264009802163,Inf,5.470498983444707,14.592340824945323,"Aldinga - Aldinga Reef Sanctuary Zone","Species richness","Poisson (log link)","poisson","log","Poisson with a log link was specified for species-richness count metrics",NA,"richness"
"Pre-bloom","Fished",5.95761658888316,0.8368361929483444,Inf,4.523854054179959,7.845787020326338,"Bay of Shoals - Bay of Shoals Sanctuary Zone","Species richness","Poisson (log link)","poisson","log","Poisson with a log link was specified for species-richness count metrics",NA,"richness"
"Bloom","Fished",4.394230286924202,1.0739123467961607,Inf,2.7218013607834735,7.094294276112701,"Bay of Shoals - Bay of Shoals Sanctuary Zone","Species richness","Poisson (log link)","poisson","log","Poisson with a log link was specified for species-richness count metrics",NA,"richness"
"Pre-bloom","No-take",5.850209529476426,0.8253646472380077,Inf,4.436918190312999,7.713676491376195,"Bay of Shoals - Bay of Shoals Sanctuary Zone","Species richness","Poisson (log link)","poisson","log","Poisson with a log link was specified for species-richness count metrics",NA,"richness"
"Bloom","No-take",6.954190613058564,1.5978012155990537,Inf,4.432755148639928,10.909866541487192,"Bay of Shoals - Bay of Shoals Sanctuary Zone","Species richness","Poisson (log link)","poisson","log","Poisson with a log link was specified for species-richness count metrics",NA,"richness"
"Pre-bloom","Fished",6.46718785879118,1.0193055407521414,Inf,4.748495312884814,8.807952002691723,"Boston Bay","Species richness","Poisson (log link)","poisson","log","Poisson with a log link was specified for species-richness count metrics",NA,"richness"
"Bloom","Fished",6.24334598028838,1.2007600454549445,Inf,4.282613706898672,9.10177095048123,"Boston Bay","Species richness","Poisson (log link)","poisson","log","Poisson with a log link was specified for species-richness count metrics",NA,"richness"
"Pre-bloom","Fished",8.75000000000406,0.8539124984889545,Inf,7.2266878231541405,10.594410866173936,"Cape Elizabeth - Cape Elizabeth Sanctuary Zone","Species richness","Poisson (log link)","poisson","log","Poisson with a log link was specified for species-richness count metrics",NA,"richness"
"Bloom","Fished",7.416666666659086,0.7861650333525887,Inf,6.025340360853403,9.129267584900555,"Cape Elizabeth - Cape Elizabeth Sanctuary Zone","Species richness","Poisson (log link)","poisson","log","Poisson with a log link was specified for species-richness count metrics",NA,"richness"
"Pre-bloom","No-take",9.583333333313153,0.8936503734355097,Inf,7.982549993556784,11.50513029690024,"Cape Elizabeth - Cape Elizabeth Sanctuary Zone","Species richness","Poisson (log link)","poisson","log","Poisson with a log link was specified for species-richness count metrics",NA,"richness"
"Bloom","No-take",7.666666666666306,0.7993051920389821,Inf,6.249750682590979,9.404819610084761,"Cape Elizabeth - Cape Elizabeth Sanctuary Zone","Species richness","Poisson (log link)","poisson","log","Poisson with a log link was specified for species-richness count metrics",NA,"richness"
"Pre-bloom","Fished",10.342337754312899,1.216898710515253,Inf,8.212299105079135,13.024848322698208,"Carrickalinga - Carrickalinga Cliffs Sanctuary Zone","Species richness","Poisson (log link)","poisson","log","Poisson with a log link was specified for species-richness count metrics",NA,"richness"
"Bloom","Fished",11.814355244179747,3.6178625160750686,Inf,6.4826115471372985,21.53129010133503,"Carrickalinga - Carrickalinga Cliffs Sanctuary Zone","Species richness","Poisson (log link)","poisson","log","Poisson with a log link was specified for species-richness count metrics",NA,"richness"
"Pre-bloom","No-take",11.547569125489733,1.3675467987733099,Inf,9.155564297182964,14.564514909145739,"Carrickalinga - Carrickalinga Cliffs Sanctuary Zone","Species richness","Poisson (log link)","poisson","log","Poisson with a log link was specified for species-richness count metrics",NA,"richness"
"Bloom","No-take",13.145550201327302,4.010173093613246,Inf,7.229558436333939,23.902634112083437,"Carrickalinga - Carrickalinga Cliffs Sanctuary Zone","Species richness","Poisson (log link)","poisson","log","Poisson with a log link was specified for species-richness count metrics",NA,"richness"
"Pre-bloom","Fished",11.085371970298878,1.3738779086519386,Inf,8.694721188998404,14.13334240957345,"Chinamans Hat - Chinamans Hat Sanctuary Zone","Species richness","Poisson (log link)","poisson","log","Poisson with a log link was specified for species-richness count metrics",NA,"richness"
"Bloom","Fished",9.273848138479293,1.2325544063173468,Inf,7.147098849946801,12.033450369336371,"Chinamans Hat - Chinamans Hat Sanctuary Zone","Species richness","Poisson (log link)","poisson","log","Poisson with a log link was specified for species-richness count metrics",NA,"richness"
"Pre-bloom","No-take",9.421105595701407,1.2152552052636965,Inf,7.316493037022424,12.131116669725921,"Chinamans Hat - Chinamans Hat Sanctuary Zone","Species richness","Poisson (log link)","poisson","log","Poisson with a log link was specified for species-richness count metrics",NA,"richness"
"Bloom","No-take",8.561968639370983,1.1627988412762655,Inf,6.561032090327672,11.173136477970049,"Chinamans Hat - Chinamans Hat Sanctuary Zone","Species richness","Poisson (log link)","poisson","log","Poisson with a log link was specified for species-richness count metrics",NA,"richness"
"Pre-bloom","Fished",4.624999994355493,0.760345253437969,Inf,3.351005003101049,6.3833461686846915,"Cuttlefish Coast - Fairway Bank Sanctuary Zone","Species richness","Poisson (log link)","poisson","log","Poisson with a log link was specified for species-richness count metrics",NA,"richness"
"Bloom","Fished",4.249999976464975,0.7288689249567669,Inf,3.0367502708961776,5.947970095882088,"Cuttlefish Coast - Fairway Bank Sanctuary Zone","Species richness","Poisson (log link)","poisson","log","Poisson with a log link was specified for species-richness count metrics",NA,"richness"
"Pre-bloom","No-take",4.4999999930063534,0.7499999378538806,Inf,3.245978214867518,6.238489169245294,"Cuttlefish Coast - Fairway Bank Sanctuary Zone","Species richness","Poisson (log link)","poisson","log","Poisson with a log link was specified for species-richness count metrics",NA,"richness"
"Bloom","No-take",4.499999981522673,0.6123723846030422,Inf,3.446503016142799,5.875520705728881,"Cuttlefish Coast - Fairway Bank Sanctuary Zone","Species richness","Poisson (log link)","poisson","log","Poisson with a log link was specified for species-richness count metrics",NA,"richness"
"Pre-bloom","No-take",12.231621169869642,1.156700246834688,Inf,10.16222872665195,14.722415767992125,"Dangerous Reef - Dangerous Reef Sanctuary Zone","Species richness","Poisson (log link)","poisson","log","Poisson with a log link was specified for species-richness count metrics",NA,"richness"
"Bloom","No-take",20.92050620852003,2.96862868356665,Inf,15.841136261289961,27.628547144703706,"Dangerous Reef - Dangerous Reef Sanctuary Zone","Species richness","Poisson (log link)","poisson","log","Poisson with a log link was specified for species-richness count metrics",NA,"richness"
"Pre-bloom","Fished",6.963268075907586,1.9294331907713942,Inf,4.045348794396277,11.985889168350411,"Glenelg","Species richness","Poisson (log link)","poisson","log","Poisson with a log link was specified for species-richness count metrics",NA,"richness"
"Bloom","Fished",3.1030216563368307,1.1117315191676136,Inf,1.5375227535589797,6.262504653935847,"Glenelg","Species richness","Poisson (log link)","poisson","log","Poisson with a log link was specified for species-richness count metrics",NA,"richness"
"Pre-bloom","Fished",7.911764754828328,0.48238877236092664,Inf,7.020607533155175,8.91604056203553,"Middle/Long Spit - Middle Spit Sanctuary Zone","Species richness","Poisson (log link)","poisson","log","Poisson with a log link was specified for species-richness count metrics",NA,"richness"
"Bloom","Fished",7.312500039825709,0.6760408128974084,Inf,6.100596164312624,8.765152682168392,"Middle/Long Spit - Middle Spit Sanctuary Zone","Species richness","Poisson (log link)","poisson","log","Poisson with a log link was specified for species-richness count metrics",NA,"richness"
"Pre-bloom","No-take",8.727272769211513,0.6298366110476284,Inf,7.576146687160839,10.05330191366236,"Middle/Long Spit - Middle Spit Sanctuary Zone","Species richness","Poisson (log link)","poisson","log","Poisson with a log link was specified for species-richness count metrics",NA,"richness"
"Bloom","No-take",7.375000053697812,0.9601431445592559,Inf,5.714063142867584,9.51873026813403,"Middle/Long Spit - Middle Spit Sanctuary Zone","Species richness","Poisson (log link)","poisson","log","Poisson with a log link was specified for species-richness count metrics",NA,"richness"
"Pre-bloom","Fished",6.792275592974342,1.1110284211719836,Inf,4.929266167551895,9.359406889936267,"O'Sullivan","Species richness","Poisson (log link)","poisson","log","Poisson with a log link was specified for species-richness count metrics",NA,"richness"
"Bloom","Fished",4.355204772976995,0.8831029253101551,Inf,2.9269198028436176,6.480467485352222,"O'Sullivan","Species richness","Poisson (log link)","poisson","log","Poisson with a log link was specified for species-richness count metrics",NA,"richness"
"Pre-bloom","Fished",4.2994132773699025,1.0657264925046444,Inf,2.64493951246964,6.988800478225225,"Offshore Ardrossan - Offshore Ardrossan Sanctuary Zone","Species richness","Poisson (log link)","poisson","log","Poisson with a log link was specified for species-richness count metrics",NA,"richness"
"Bloom","Fished",2.5401716549438005,0.7864214657042243,Inf,1.384638240434006,4.66004176986867,"Offshore Ardrossan - Offshore Ardrossan Sanctuary Zone","Species richness","Poisson (log link)","poisson","log","Poisson with a log link was specified for species-richness count metrics",NA,"richness"
"Pre-bloom","No-take",5.487746854033165,1.0598215015903822,Inf,3.7584234649221497,8.0127654094919,"Offshore Ardrossan - Offshore Ardrossan Sanctuary Zone","Species richness","Poisson (log link)","poisson","log","Poisson with a log link was specified for species-richness count metrics",NA,"richness"
"Bloom","No-take",2.9691024517537605,0.8715121188677799,Inf,1.6702229168944047,5.278079518512278,"Offshore Ardrossan - Offshore Ardrossan Sanctuary Zone","Species richness","Poisson (log link)","poisson","log","Poisson with a log link was specified for species-richness count metrics",NA,"richness"
"Pre-bloom","No-take",12.91666669528423,1.0374915478574653,Inf,11.035202464290322,15.118914134738928,"Orcades Bank - Orcades Bank Sanctuary Zone","Species richness","Poisson (log link)","poisson","log","Poisson with a log link was specified for species-richness count metrics","overall","richness"
"Pre-bloom","Fished",8.562954748170895,1.0151995257285944,Inf,6.787465238608024,10.802883173845887,"Port Gibbon - Port Gibbon Sanctuary Zone","Species richness","Poisson (log link)","poisson","log","Poisson with a log link was specified for species-richness count metrics",NA,"richness"
"Bloom","Fished",9.355272442864237,1.023093931967045,Inf,7.550381867192348,11.591615367231777,"Port Gibbon - Port Gibbon Sanctuary Zone","Species richness","Poisson (log link)","poisson","log","Poisson with a log link was specified for species-richness count metrics",NA,"richness"
"Pre-bloom","No-take",6.826902654589541,0.8816368691699149,Inf,5.300272688841971,8.793245667030872,"Port Gibbon - Port Gibbon Sanctuary Zone","Species richness","Poisson (log link)","poisson","log","Poisson with a log link was specified for species-richness count metrics",NA,"richness"
"Bloom","No-take",9.042725302261715,0.9934197692423196,Inf,7.291009389049979,11.215303194503086,"Port Gibbon - Port Gibbon Sanctuary Zone","Species richness","Poisson (log link)","poisson","log","Poisson with a log link was specified for species-richness count metrics",NA,"richness"
"Pre-bloom","No-take",8.490521446853522,0.9471004919119795,Inf,6.82314425262565,10.56535693375363,"Port Noarlunga - Port Noarlunga Reef Sanctuary Zone","Species richness","Poisson (log link)","poisson","log","Poisson with a log link was specified for species-richness count metrics",NA,"richness"
"Bloom","No-take",8.43762608347453,2.366481718774109,Inf,4.869515164064201,14.620250995400973,"Port Noarlunga - Port Noarlunga Reef Sanctuary Zone","Species richness","Poisson (log link)","poisson","log","Poisson with a log link was specified for species-richness count metrics",NA,"richness"
"Pre-bloom","Fished",8.89121292908112,0.7863921662554166,Inf,7.476109337916186,10.574172176606218,"Rapid Head - Rapid Head Sanctuary Zone","Species richness","Poisson (log link)","poisson","log","Poisson with a log link was specified for species-richness count metrics",NA,"richness"
"Bloom","Fished",9.04272444352391,1.7548222630444703,Inf,6.181814341900731,13.227648201476494,"Rapid Head - Rapid Head Sanctuary Zone","Species richness","Poisson (log link)","poisson","log","Poisson with a log link was specified for species-richness count metrics",NA,"richness"
"Pre-bloom","No-take",10.195063084937736,0.8880960086129063,Inf,8.594911550673313,12.09312169102167,"Rapid Head - Rapid Head Sanctuary Zone","Species richness","Poisson (log link)","poisson","log","Poisson with a log link was specified for species-richness count metrics",NA,"richness"
"Bloom","No-take",8.798283574914715,1.7132059293631594,Inf,6.006916421385556,12.886777247145165,"Rapid Head - Rapid Head Sanctuary Zone","Species richness","Poisson (log link)","poisson","log","Poisson with a log link was specified for species-richness count metrics",NA,"richness"
"Pre-bloom","Fished",12.011483181221228,0.8920606181010697,Inf,10.384370707807188,13.893545624704144,"Sponge Gardens - Sponge Gardens Sanctuary Zone","Species richness","Poisson (log link)","poisson","log","Poisson with a log link was specified for species-richness count metrics",NA,"richness"
"Bloom","Fished",13.325318312353453,1.3758878429027637,Inf,10.883984639753368,16.314255670390754,"Sponge Gardens - Sponge Gardens Sanctuary Zone","Species richness","Poisson (log link)","poisson","log","Poisson with a log link was specified for species-richness count metrics",NA,"richness"
"Pre-bloom","No-take",13.603283901267123,1.0012676859719014,Inf,11.775821096839083,15.71434648817355,"Sponge Gardens - Sponge Gardens Sanctuary Zone","Species richness","Poisson (log link)","poisson","log","Poisson with a log link was specified for species-richness count metrics",NA,"richness"
"Bloom","No-take",14.841052872532766,1.5282253942883788,Inf,12.128694865431132,18.159979520392007,"Sponge Gardens - Sponge Gardens Sanctuary Zone","Species richness","Poisson (log link)","poisson","log","Poisson with a log link was specified for species-richness count metrics",NA,"richness"
"Pre-bloom","Fished",10.080937147363459,1.0521809476125221,Inf,8.215957236939344,12.369257876876505,"The Pages - The Pages Sanctuary Zone","Species richness","Poisson (log link)","poisson","log","Poisson with a log link was specified for species-richness count metrics",NA,"richness"
"Bloom","Fished",8.891964821588807,1.1319728912840596,Inf,6.928469549413982,11.411905302385353,"The Pages - The Pages Sanctuary Zone","Species richness","Poisson (log link)","poisson","log","Poisson with a log link was specified for species-richness count metrics",NA,"richness"
"Pre-bloom","No-take",10.453620161487837,1.0892965315741938,Inf,8.522541569645004,12.822251858516525,"The Pages - The Pages Sanctuary Zone","Species richness","Poisson (log link)","poisson","log","Poisson with a log link was specified for species-richness count metrics",NA,"richness"
"Bloom","No-take",8.333130313306974,1.0680598452681067,Inf,6.482005763242242,10.712897111622098,"The Pages - The Pages Sanctuary Zone","Species richness","Poisson (log link)","poisson","log","Poisson with a log link was specified for species-richness count metrics",NA,"richness"
"Pre-bloom","Fished",7.343043880968285,1.771373401761413,Inf,4.576563669205418,11.781829629213352,"Victor Harbor - Encounter Bay Sanctuary Zone","Species richness","Poisson (log link)","poisson","log","Poisson with a log link was specified for species-richness count metrics",NA,"richness"
"Bloom","Fished",8.367990247040323,1.9858697947182167,Inf,5.255526344765507,13.323738895211697,"Victor Harbor - Encounter Bay Sanctuary Zone","Species richness","Poisson (log link)","poisson","log","Poisson with a log link was specified for species-richness count metrics",NA,"richness"
"Pre-bloom","No-take",5.756320849084103,2.410091389324209,Inf,2.5337208121130312,13.077695679488363,"Victor Harbor - Encounter Bay Sanctuary Zone","Species richness","Poisson (log link)","poisson","log","Poisson with a log link was specified for species-richness count metrics",NA,"richness"
"Bloom","No-take",9.464719858010152,3.8935004132936775,Inf,4.226190900548328,21.196610398973927,"Victor Harbor - Encounter Bay Sanctuary Zone","Species richness","Poisson (log link)","poisson","log","Poisson with a log link was specified for species-richness count metrics",NA,"richness"
"Pre-bloom","Fished",7.131741244418774,0.8779245895509561,Inf,5.6028862208603725,9.077773699558291,"Windara Reef - Windara Shell fish Reef Sanctuary Zone","Species richness","Poisson (log link)","poisson","log","Poisson with a log link was specified for species-richness count metrics",NA,"richness"
"Bloom","Fished",4.086835838599143,0.8153877319055085,Inf,2.7641344212986505,6.042480077293523,"Windara Reef - Windara Shell fish Reef Sanctuary Zone","Species richness","Poisson (log link)","poisson","log","Poisson with a log link was specified for species-richness count metrics",NA,"richness"
"Pre-bloom","Fished",0.5031823051584419,0.2692942832685455,Inf,0.1762695626974451,1.4363933758612155,"Aldinga - Aldinga Reef Sanctuary Zone","Shark and ray richness","Poisson (log link)","poisson","log","Poisson with a log link was specified for species-richness count metrics",NA,"sharks_rays"
"Bloom","Fished",0.38582923292064425,0.29114811120146544,Inf,0.0879175178071457,1.6932256584254184,"Aldinga - Aldinga Reef Sanctuary Zone","Shark and ray richness","Poisson (log link)","poisson","log","Poisson with a log link was specified for species-richness count metrics",NA,"sharks_rays"
"Pre-bloom","No-take",0.2950430705365728,0.18805525967602565,Inf,0.0845949696078518,1.029025885051791,"Aldinga - Aldinga Reef Sanctuary Zone","Shark and ray richness","Poisson (log link)","poisson","log","Poisson with a log link was specified for species-richness count metrics",NA,"sharks_rays"
"Bloom","No-take",0.135611676268185,0.13945581123423417,Inf,0.018070361460339926,1.0177177020299104,"Aldinga - Aldinga Reef Sanctuary Zone","Shark and ray richness","Poisson (log link)","poisson","log","Poisson with a log link was specified for species-richness count metrics",NA,"sharks_rays"
"Pre-bloom","Fished",0.36187691553689016,0.1508424904231896,Inf,0.15986426630532946,0.8191630626720477,"Bay of Shoals - Bay of Shoals Sanctuary Zone","Shark and ray richness","Poisson (log link)","poisson","log","Poisson with a log link was specified for species-richness count metrics",NA,"sharks_rays"
"Bloom","Fished",0.3975876140794585,0.272984585565557,Inf,0.10351323381964177,1.5271082260343922,"Bay of Shoals - Bay of Shoals Sanctuary Zone","Shark and ray richness","Poisson (log link)","poisson","log","Poisson with a log link was specified for species-richness count metrics",NA,"sharks_rays"
"Pre-bloom","No-take",0.3618769142092075,0.1508424873275624,Inf,0.15986426791995384,0.8191630483877044,"Bay of Shoals - Bay of Shoals Sanctuary Zone","Shark and ray richness","Poisson (log link)","poisson","log","Poisson with a log link was specified for species-richness count metrics",NA,"sharks_rays"
"Bloom","No-take",0.15903504903732305,0.13968155662608972,Inf,0.028436542335953517,0.8894241263054624,"Bay of Shoals - Bay of Shoals Sanctuary Zone","Shark and ray richness","Poisson (log link)","poisson","log","Poisson with a log link was specified for species-richness count metrics",NA,"sharks_rays"
"Pre-bloom","Fished",0.27109689543972953,0.0786291296114775,Inf,0.15354704551227358,0.47863849461815294,"Boston Bay","Shark and ray richness","Poisson (log link)","poisson","log","Poisson with a log link was specified for species-richness count metrics",NA,"sharks_rays"
"Bloom","Fished",0.18276002480972725,0.08210070329309911,Inf,0.07577023823899033,0.4408225108531373,"Boston Bay","Shark and ray richness","Poisson (log link)","poisson","log","Poisson with a log link was specified for species-richness count metrics",NA,"sharks_rays"
"Pre-bloom","Fished",0.5833333333153284,0.22047925754561631,Inf,0.2780948062989891,1.2236034979773336,"Cape Elizabeth - Cape Elizabeth Sanctuary Zone","Shark and ray richness","Poisson (log link)","poisson","log","Poisson with a log link was specified for species-richness count metrics",NA,"sharks_rays"
"Bloom","Fished",2.3214630600546867e-10,4.398354194954141e-6,Inf,2.220446049250313e-16,NA,"Cape Elizabeth - Cape Elizabeth Sanctuary Zone","Shark and ray richness","Poisson (log link)","poisson","log","Poisson with a log link was specified for species-richness count metrics",NA,"sharks_rays"
"Pre-bloom","No-take",0.916666666700769,0.2763853761698266,Inf,0.5076501732283056,1.655229963769559,"Cape Elizabeth - Cape Elizabeth Sanctuary Zone","Shark and ray richness","Poisson (log link)","poisson","log","Poisson with a log link was specified for species-richness count metrics",NA,"sharks_rays"
"Bloom","No-take",0.16666666665876934,0.11785112387020956,Inf,0.04168294530692491,0.666406310077386,"Cape Elizabeth - Cape Elizabeth Sanctuary Zone","Shark and ray richness","Poisson (log link)","poisson","log","Poisson with a log link was specified for species-richness count metrics",NA,"sharks_rays"
"Pre-bloom","Fished",0.4639805506352151,0.23463686612427995,Inf,0.17220417117198772,1.2501320374681868,"Carrickalinga - Carrickalinga Cliffs Sanctuary Zone","Shark and ray richness","Poisson (log link)","poisson","log","Poisson with a log link was specified for species-richness count metrics",NA,"sharks_rays"
"Bloom","Fished",0.240570459835745,0.16895315294763327,Inf,0.060735361132648026,0.9528904589730315,"Carrickalinga - Carrickalinga Cliffs Sanctuary Zone","Shark and ray richness","Poisson (log link)","poisson","log","Poisson with a log link was specified for species-richness count metrics",NA,"sharks_rays"
"Pre-bloom","No-take",0.1626216256371917,0.09181008667128604,Inf,0.05378011760861027,0.4917392207533758,"Carrickalinga - Carrickalinga Cliffs Sanctuary Zone","Shark and ray richness","Poisson (log link)","poisson","log","Poisson with a log link was specified for species-richness count metrics",NA,"sharks_rays"
"Bloom","No-take",0.06271598152622967,0.0704699797531045,Inf,0.0069332508523531405,0.5673088169690881,"Carrickalinga - Carrickalinga Cliffs Sanctuary Zone","Shark and ray richness","Poisson (log link)","poisson","log","Poisson with a log link was specified for species-richness count metrics",NA,"sharks_rays"
"Pre-bloom","Fished",1.0122861359493753,0.36313436932980625,Inf,0.5011345116602264,2.0448067279191675,"Chinamans Hat - Chinamans Hat Sanctuary Zone","Shark and ray richness","Poisson (log link)","poisson","log","Poisson with a log link was specified for species-richness count metrics",NA,"sharks_rays"
"Bloom","Fished",0.7552675962599869,0.3067381496512615,Inf,0.3407225528273418,1.6741748887089327,"Chinamans Hat - Chinamans Hat Sanctuary Zone","Shark and ray richness","Poisson (log link)","poisson","log","Poisson with a log link was specified for species-richness count metrics",NA,"sharks_rays"
"Pre-bloom","No-take",0.3891463429096843,0.19593770382796397,Inf,0.1450532500130917,1.0439950582721447,"Chinamans Hat - Chinamans Hat Sanctuary Zone","Shark and ray richness","Poisson (log link)","poisson","log","Poisson with a log link was specified for species-richness count metrics",NA,"sharks_rays"
"Bloom","No-take",0.7884850862010313,0.31555448862590185,Inf,0.359865032699145,1.7276163968984728,"Chinamans Hat - Chinamans Hat Sanctuary Zone","Shark and ray richness","Poisson (log link)","poisson","log","Poisson with a log link was specified for species-richness count metrics",NA,"sharks_rays"
"Pre-bloom","No-take",0.6603773584907039,0.11162413777951062,Inf,0.4741468451983411,0.919753574285061,"Dangerous Reef - Dangerous Reef Sanctuary Zone","Shark and ray richness","Poisson (log link)","poisson","log","Poisson with a log link was specified for species-richness count metrics",NA,"sharks_rays"
"Bloom","No-take",1.0833333333333706,0.21245912946206008,Inf,0.7376116419268597,1.5910962414386147,"Dangerous Reef - Dangerous Reef Sanctuary Zone","Shark and ray richness","Poisson (log link)","poisson","log","Poisson with a log link was specified for species-richness count metrics",NA,"sharks_rays"
"Pre-bloom","Fished",0.5530887366626986,0.10414996213186155,Inf,0.3823916528041215,0.7999838604736481,"Glenelg","Shark and ray richness","Poisson (log link)","poisson","log","Poisson with a log link was specified for species-richness count metrics",NA,"sharks_rays"
"Bloom","Fished",0.05421966931208451,0.038521724299809164,Inf,0.01347098565178732,0.21822995111881455,"Glenelg","Shark and ray richness","Poisson (log link)","poisson","log","Poisson with a log link was specified for species-richness count metrics",NA,"sharks_rays"
"Pre-bloom","Fished",1.560277888351915,0.2282379020839975,Inf,1.1713534074551177,2.0783369676356123,"Middle/Long Spit - Middle Spit Sanctuary Zone","Shark and ray richness","Poisson (log link)","poisson","log","Poisson with a log link was specified for species-richness count metrics",NA,"sharks_rays"
"Bloom","Fished",0.4978774961195383,0.18267915748808544,Inf,0.2425510377730007,1.021978728346029,"Middle/Long Spit - Middle Spit Sanctuary Zone","Shark and ray richness","Poisson (log link)","poisson","log","Poisson with a log link was specified for species-richness count metrics",NA,"sharks_rays"
"Pre-bloom","No-take",1.2327872495747325,0.25164926795594994,Inf,0.8262892109291291,1.8392644882838536,"Middle/Long Spit - Middle Spit Sanctuary Zone","Shark and ray richness","Poisson (log link)","poisson","log","Poisson with a log link was specified for species-richness count metrics",NA,"sharks_rays"
"Bloom","No-take",0.37340774470421934,0.21867826850051705,Inf,0.1184937166945988,1.1767150840956542,"Middle/Long Spit - Middle Spit Sanctuary Zone","Shark and ray richness","Poisson (log link)","poisson","log","Poisson with a log link was specified for species-richness count metrics",NA,"sharks_rays"
"Pre-bloom","Fished",0.39988258093474605,0.13222767835812363,Inf,0.2091552902319308,0.7645327945456939,"O'Sullivan","Shark and ray richness","Poisson (log link)","poisson","log","Poisson with a log link was specified for species-richness count metrics",NA,"sharks_rays"
"Bloom","Fished",0.024534905648419286,0.027585677230531687,Inf,0.002708575405792451,0.2222428786326219,"O'Sullivan","Shark and ray richness","Poisson (log link)","poisson","log","Poisson with a log link was specified for species-richness count metrics",NA,"sharks_rays"
"Pre-bloom","Fished",0.5089730644974964,0.36122115847462055,Inf,0.12664617848864765,2.0454907007493612,"Offshore Ardrossan - Offshore Ardrossan Sanctuary Zone","Shark and ray richness","Poisson (log link)","poisson","log","Poisson with a log link was specified for species-richness count metrics",NA,"sharks_rays"
"Bloom","Fished",6.506346112983221e-10,8.491978400311456e-6,Inf,2.220446049250313e-16,NA,"Offshore Ardrossan - Offshore Ardrossan Sanctuary Zone","Shark and ray richness","Poisson (log link)","poisson","log","Poisson with a log link was specified for species-richness count metrics",NA,"sharks_rays"
"Pre-bloom","No-take",0.40404091419080446,0.28205869750464535,Inf,0.10285047904365614,1.5872464752531483,"Offshore Ardrossan - Offshore Ardrossan Sanctuary Zone","Shark and ray richness","Poisson (log link)","poisson","log","Poisson with a log link was specified for species-richness count metrics",NA,"sharks_rays"
"Bloom","No-take",3.886881538717391e-12,6.531349506371961e-7,Inf,2.220446049250313e-16,NA,"Offshore Ardrossan - Offshore Ardrossan Sanctuary Zone","Shark and ray richness","Poisson (log link)","poisson","log","Poisson with a log link was specified for species-richness count metrics",NA,"sharks_rays"
"Pre-bloom","No-take",1.0833333368392286,0.3004625817363041,Inf,0.6290443938462291,1.8657047581829471,"Orcades Bank - Orcades Bank Sanctuary Zone","Shark and ray richness","Poisson (log link)","poisson","log","Poisson with a log link was specified for species-richness count metrics","overall","sharks_rays"
"Pre-bloom","Fished",1.5833333333339374,0.36324154887918975,Inf,1.009934816176705,2.482283415019653,"Port Gibbon - Port Gibbon Sanctuary Zone","Shark and ray richness","Poisson (log link)","poisson","log","Poisson with a log link was specified for species-richness count metrics",NA,"sharks_rays"
"Bloom","Fished",0.2500000000144511,0.14433755528789474,Inf,0.0806303619783287,0.775142247581921,"Port Gibbon - Port Gibbon Sanctuary Zone","Shark and ray richness","Poisson (log link)","poisson","log","Poisson with a log link was specified for species-richness count metrics",NA,"sharks_rays"
"Pre-bloom","No-take",0.16666666667727126,0.11785112037705615,Inf,0.04168294703024765,0.6664062826737137,"Port Gibbon - Port Gibbon Sanctuary Zone","Shark and ray richness","Poisson (log link)","poisson","log","Poisson with a log link was specified for species-richness count metrics",NA,"sharks_rays"
"Bloom","No-take",0.24999999999246336,0.1443375552826017,Inf,0.0806303619665584,0.7751422475587258,"Port Gibbon - Port Gibbon Sanctuary Zone","Shark and ray richness","Poisson (log link)","poisson","log","Poisson with a log link was specified for species-richness count metrics",NA,"sharks_rays"
"Pre-bloom","Fished",0.18367827909929324,0.09670862205596509,Inf,0.06544717170768022,0.5154953122125329,"Rapid Head - Rapid Head Sanctuary Zone","Shark and ray richness","Poisson (log link)","poisson","log","Poisson with a log link was specified for species-richness count metrics",NA,"sharks_rays"
"Bloom","Fished",0.13110671204005123,0.1427204523755762,Inf,0.015524654790690113,1.1072046479423723,"Rapid Head - Rapid Head Sanctuary Zone","Shark and ray richness","Poisson (log link)","poisson","log","Poisson with a log link was specified for species-richness count metrics",NA,"sharks_rays"
"Pre-bloom","No-take",0.10863843522168946,0.061167450264378066,Inf,0.03603508941565694,0.32752269520633454,"Rapid Head - Rapid Head Sanctuary Zone","Shark and ray richness","Poisson (log link)","poisson","log","Poisson with a log link was specified for species-richness count metrics",NA,"sharks_rays"
"Bloom","No-take",0.0666264266064716,0.08658435903497813,Inf,0.005217563343654953,0.8507957508069136,"Rapid Head - Rapid Head Sanctuary Zone","Shark and ray richness","Poisson (log link)","poisson","log","Poisson with a log link was specified for species-richness count metrics",NA,"sharks_rays"
"Pre-bloom","Fished",0.5852263863213022,0.19047412274862657,Inf,0.3092307109836006,1.1075546867815895,"The Pages - The Pages Sanctuary Zone","Shark and ray richness","Poisson (log link)","poisson","log","Poisson with a log link was specified for species-richness count metrics",NA,"sharks_rays"
"Bloom","Fished",0.5468334567443623,0.24034959281462268,Inf,0.23106099807486777,1.2941467054431164,"The Pages - The Pages Sanctuary Zone","Shark and ray richness","Poisson (log link)","poisson","log","Poisson with a log link was specified for species-richness count metrics",NA,"sharks_rays"
"Pre-bloom","No-take",0.8410773383139035,0.2633297295966378,Inf,0.45534068123513066,1.553586398444168,"The Pages - The Pages Sanctuary Zone","Shark and ray richness","Poisson (log link)","poisson","log","Poisson with a log link was specified for species-richness count metrics",NA,"sharks_rays"
"Bloom","No-take",0.42255312545743845,0.19204349980779226,Inf,0.1733900244581467,1.0297659533288135,"The Pages - The Pages Sanctuary Zone","Shark and ray richness","Poisson (log link)","poisson","log","Poisson with a log link was specified for species-richness count metrics",NA,"sharks_rays"
"Pre-bloom","Fished",0.4715619112667008,0.3223550756259191,Inf,0.12349965156694047,1.8005770326969082,"Victor Harbor - Encounter Bay Sanctuary Zone","Shark and ray richness","Poisson (log link)","poisson","log","Poisson with a log link was specified for species-richness count metrics",NA,"sharks_rays"
"Bloom","Fished",0.03930981065260374,0.04102039608606508,Inf,0.005084625388368267,0.30390856661309623,"Victor Harbor - Encounter Bay Sanctuary Zone","Shark and ray richness","Poisson (log link)","poisson","log","Poisson with a log link was specified for species-richness count metrics",NA,"sharks_rays"
"Pre-bloom","No-take",0.19707893428446543,0.19824578431631945,Inf,0.02744093671822974,1.415407452650774,"Victor Harbor - Encounter Bay Sanctuary Zone","Shark and ray richness","Poisson (log link)","poisson","log","Poisson with a log link was specified for species-richness count metrics",NA,"sharks_rays"
"Bloom","No-take",0.4717169101802828,0.4100389149723268,Inf,0.0858571216707469,2.591710961419856,"Victor Harbor - Encounter Bay Sanctuary Zone","Shark and ray richness","Poisson (log link)","poisson","log","Poisson with a log link was specified for species-richness count metrics",NA,"sharks_rays"
"Pre-bloom","Fished",0.792345719647242,0.23865722305702083,Inf,0.4390661123746903,1.42987974190899,"Windara Reef - Windara Shell fish Reef Sanctuary Zone","Shark and ray richness","Poisson (log link)","poisson","log","Poisson with a log link was specified for species-richness count metrics",NA,"sharks_rays"
"Bloom","Fished",7.46350590261399e-10,7.504713413920781e-6,Inf,2.220446049250313e-16,NA,"Windara Reef - Windara Shell fish Reef Sanctuary Zone","Shark and ray richness","Poisson (log link)","poisson","log","Poisson with a log link was specified for species-richness count metrics",NA,"sharks_rays"
"Pre-bloom","Fished",3.8467545927919544,0.47612390165881496,Inf,3.018136051162728,4.902867414298734,"Aldinga - Aldinga Reef Sanctuary Zone","Reef associated species richness","Poisson (log link)","poisson","log","Poisson with a log link was specified for species-richness count metrics",NA,"reef_associated_richness"
"Bloom","Fished",1.0775544949044704,0.3898787913471092,Inf,0.5302236089639061,2.1898754975429044,"Aldinga - Aldinga Reef Sanctuary Zone","Reef associated species richness","Poisson (log link)","poisson","log","Poisson with a log link was specified for species-richness count metrics",NA,"reef_associated_richness"
"Pre-bloom","No-take",7.720296834064788,0.7255769099485544,Inf,6.421485350968542,9.281806303129068,"Aldinga - Aldinga Reef Sanctuary Zone","Reef associated species richness","Poisson (log link)","poisson","log","Poisson with a log link was specified for species-richness count metrics",NA,"reef_associated_richness"
"Bloom","No-take",5.139107100126958,1.3608287363808438,Inf,3.0583742618130056,8.63544469240962,"Aldinga - Aldinga Reef Sanctuary Zone","Reef associated species richness","Poisson (log link)","poisson","log","Poisson with a log link was specified for species-richness count metrics",NA,"reef_associated_richness"
"Pre-bloom","Fished",0.3341883553229345,0.12956223423741262,Inf,0.1563101120642344,0.7144890075157335,"Bay of Shoals - Bay of Shoals Sanctuary Zone","Reef associated species richness","Poisson (log link)","poisson","log","Poisson with a log link was specified for species-richness count metrics",NA,"reef_associated_richness"
"Bloom","Fished",0.077523300263912,0.081639812435672,Inf,0.009840827837880728,0.6107069631555421,"Bay of Shoals - Bay of Shoals Sanctuary Zone","Reef associated species richness","Poisson (log link)","poisson","log","Poisson with a log link was specified for species-richness count metrics",NA,"reef_associated_richness"
"Pre-bloom","No-take",0.39668166409111555,0.1464951433301336,Inf,0.19234995931868934,0.8180731786139106,"Bay of Shoals - Bay of Shoals Sanctuary Zone","Reef associated species richness","Poisson (log link)","poisson","log","Poisson with a log link was specified for species-richness count metrics",NA,"reef_associated_richness"
"Bloom","No-take",0.3810003542423533,0.21416535049656732,Inf,0.12660583055695418,1.146560701779823,"Bay of Shoals - Bay of Shoals Sanctuary Zone","Reef associated species richness","Poisson (log link)","poisson","log","Poisson with a log link was specified for species-richness count metrics",NA,"reef_associated_richness"
"Pre-bloom","Fished",0.2755638942042951,0.11250974882639865,Inf,0.12379011225938129,0.6134210431114724,"Boston Bay","Reef associated species richness","Poisson (log link)","poisson","log","Poisson with a log link was specified for species-richness count metrics",NA,"reef_associated_richness"
"Bloom","Fished",0.1525475179616144,0.09321830263128483,Inf,0.04605272489317997,0.5053065869658295,"Boston Bay","Reef associated species richness","Poisson (log link)","poisson","log","Poisson with a log link was specified for species-richness count metrics",NA,"reef_associated_richness"
"Pre-bloom","Fished",2.7463496333737583,0.4868246139251804,Inf,1.9403039618724958,3.887244708531816,"Cape Elizabeth - Cape Elizabeth Sanctuary Zone","Reef associated species richness","Poisson (log link)","poisson","log","Poisson with a log link was specified for species-richness count metrics",NA,"reef_associated_richness"
"Bloom","Fished",1.6644547782574317,0.3763247291506327,Inf,1.0686110883792737,2.59253318535725,"Cape Elizabeth - Cape Elizabeth Sanctuary Zone","Reef associated species richness","Poisson (log link)","poisson","log","Poisson with a log link was specified for species-richness count metrics",NA,"reef_associated_richness"
"Pre-bloom","No-take",2.9125492267970583,0.5023059231643812,Inf,2.077173678652911,4.083887200042656,"Cape Elizabeth - Cape Elizabeth Sanctuary Zone","Reef associated species richness","Poisson (log link)","poisson","log","Poisson with a log link was specified for species-richness count metrics",NA,"reef_associated_richness"
"Bloom","No-take",2.3300397871091243,0.44750238381870483,Inf,1.5991286944757037,3.3950271971647243,"Cape Elizabeth - Cape Elizabeth Sanctuary Zone","Reef associated species richness","Poisson (log link)","poisson","log","Poisson with a log link was specified for species-richness count metrics",NA,"reef_associated_richness"
"Pre-bloom","Fished",5.8397928311416045,0.7623741387420397,Inf,4.521417965302628,7.542585218256922,"Carrickalinga - Carrickalinga Cliffs Sanctuary Zone","Reef associated species richness","Poisson (log link)","poisson","log","Poisson with a log link was specified for species-richness count metrics",NA,"reef_associated_richness"
"Bloom","Fished",6.098636629120334,1.7019451056826012,Inf,3.5292964652524685,10.538465413782577,"Carrickalinga - Carrickalinga Cliffs Sanctuary Zone","Reef associated species richness","Poisson (log link)","poisson","log","Poisson with a log link was specified for species-richness count metrics",NA,"reef_associated_richness"
"Pre-bloom","No-take",7.601128860769221,0.9903778823016344,Inf,5.888057528362545,9.812601130289313,"Carrickalinga - Carrickalinga Cliffs Sanctuary Zone","Reef associated species richness","Poisson (log link)","poisson","log","Poisson with a log link was specified for species-richness count metrics",NA,"reef_associated_richness"
"Bloom","No-take",6.596443536417827,1.8287222333389892,Inf,3.8311795968870217,11.357616167225505,"Carrickalinga - Carrickalinga Cliffs Sanctuary Zone","Reef associated species richness","Poisson (log link)","poisson","log","Poisson with a log link was specified for species-richness count metrics",NA,"reef_associated_richness"
"Pre-bloom","Fished",7.506844246598045,1.425057467314961,Inf,5.174519750327401,10.890423316891702,"Chinamans Hat - Chinamans Hat Sanctuary Zone","Reef associated species richness","Poisson (log link)","poisson","log","Poisson with a log link was specified for species-richness count metrics",NA,"reef_associated_richness"
"Bloom","Fished",5.745940121061639,1.1600039037944332,Inf,3.8682855605467656,8.535002744254276,"Chinamans Hat - Chinamans Hat Sanctuary Zone","Reef associated species richness","Poisson (log link)","poisson","log","Poisson with a log link was specified for species-richness count metrics",NA,"reef_associated_richness"
"Pre-bloom","No-take",6.399921943860274,1.2478000153037334,Inf,4.367319353264197,9.378522057676165,"Chinamans Hat - Chinamans Hat Sanctuary Zone","Reef associated species richness","Poisson (log link)","poisson","log","Poisson with a log link was specified for species-richness count metrics",NA,"reef_associated_richness"
"Bloom","No-take",4.933989274112935,1.0262442001717895,Inf,3.282106665667969,7.417263555664177,"Chinamans Hat - Chinamans Hat Sanctuary Zone","Reef associated species richness","Poisson (log link)","poisson","log","Poisson with a log link was specified for species-richness count metrics",NA,"reef_associated_richness"
"Pre-bloom","Fished",0.3750000000057216,0.21650633290559848,Inf,0.1209455429731136,1.1627133712199083,"Cuttlefish Coast - Fairway Bank Sanctuary Zone","Reef associated species richness","Poisson (log link)","poisson","log","Poisson with a log link was specified for species-richness count metrics",NA,"reef_associated_richness"
"Bloom","Fished",0.625000000006205,0.2795084738965264,Inf,0.2601424022952339,1.5015814283303135,"Cuttlefish Coast - Fairway Bank Sanctuary Zone","Reef associated species richness","Poisson (log link)","poisson","log","Poisson with a log link was specified for species-richness count metrics",NA,"reef_associated_richness"
"Pre-bloom","No-take",3.31149567020819e-10,6.433791792852032e-6,Inf,2.220446049250313e-16,NA,"Cuttlefish Coast - Fairway Bank Sanctuary Zone","Reef associated species richness","Poisson (log link)","poisson","log","Poisson with a log link was specified for species-richness count metrics",NA,"reef_associated_richness"
"Bloom","No-take",0.5000000000014989,0.20412410830777447,Inf,0.22463038028348595,1.11293939709311,"Cuttlefish Coast - Fairway Bank Sanctuary Zone","Reef associated species richness","Poisson (log link)","poisson","log","Poisson with a log link was specified for species-richness count metrics",NA,"reef_associated_richness"
"Pre-bloom","No-take",2.9125477053083624,1.9981451357831197,Inf,0.7591168480003361,11.174740961213988,"Dangerous Reef - Dangerous Reef Sanctuary Zone","Reef associated species richness","Poisson (log link)","poisson","log","Poisson with a log link was specified for species-richness count metrics",NA,"reef_associated_richness"
"Bloom","No-take",15.37426687367795,15.851857896615673,Inf,2.0377499068454292,115.99464738486215,"Dangerous Reef - Dangerous Reef Sanctuary Zone","Reef associated species richness","Poisson (log link)","poisson","log","Poisson with a log link was specified for species-richness count metrics",NA,"reef_associated_richness"
"Pre-bloom","Fished",0.7814664179931924,0.5341636371826495,Inf,0.20468213002629618,2.9836007783026965,"Glenelg","Reef associated species richness","Poisson (log link)","poisson","log","Poisson with a log link was specified for species-richness count metrics",NA,"reef_associated_richness"
"Bloom","Fished",0.27034427720265203,0.19763347616982987,Inf,0.06451365824183662,1.1328768234201392,"Glenelg","Reef associated species richness","Poisson (log link)","poisson","log","Poisson with a log link was specified for species-richness count metrics",NA,"reef_associated_richness"
"Pre-bloom","Fished",0.7941176462955176,0.15282799998688992,Inf,0.5445917356662092,1.1579735696621987,"Middle/Long Spit - Middle Spit Sanctuary Zone","Reef associated species richness","Poisson (log link)","poisson","log","Poisson with a log link was specified for species-richness count metrics",NA,"reef_associated_richness"
"Bloom","Fished",0.3749999990250943,0.15309309604619037,Inf,0.16847277137782166,0.8347046120197739,"Middle/Long Spit - Middle Spit Sanctuary Zone","Reef associated species richness","Poisson (log link)","poisson","log","Poisson with a log link was specified for species-richness count metrics",NA,"reef_associated_richness"
"Pre-bloom","No-take",1.7727272700410681,0.28386352301955753,Inf,1.295211239476286,2.4262930077860827,"Middle/Long Spit - Middle Spit Sanctuary Zone","Reef associated species richness","Poisson (log link)","poisson","log","Poisson with a log link was specified for species-richness count metrics",NA,"reef_associated_richness"
"Bloom","No-take",0.6249999995389317,0.2795084739463691,Inf,0.2601424018896037,1.5015814284263957,"Middle/Long Spit - Middle Spit Sanctuary Zone","Reef associated species richness","Poisson (log link)","poisson","log","Poisson with a log link was specified for species-richness count metrics",NA,"reef_associated_richness"
"Pre-bloom","Fished",1.0568333794197846,0.8131629238187806,Inf,0.23391798022916532,4.77473681485125,"O'Sullivan","Reef associated species richness","Poisson (log link)","poisson","log","Poisson with a log link was specified for species-richness count metrics",NA,"reef_associated_richness"
"Bloom","Fished",0.3964895370349113,0.31176460005475864,Inf,0.08490269724779949,1.851577842330948,"O'Sullivan","Reef associated species richness","Poisson (log link)","poisson","log","Poisson with a log link was specified for species-richness count metrics",NA,"reef_associated_richness"
"Pre-bloom","Fished",0.5295720918170025,0.3007007007171763,Inf,0.17401925922034994,1.6115836930228706,"Offshore Ardrossan - Offshore Ardrossan Sanctuary Zone","Reef associated species richness","Poisson (log link)","poisson","log","Poisson with a log link was specified for species-richness count metrics",NA,"reef_associated_richness"
"Bloom","Fished",0.2936267355062746,0.2530580469300949,Inf,0.05422500390084382,1.5899797805773899,"Offshore Ardrossan - Offshore Ardrossan Sanctuary Zone","Reef associated species richness","Poisson (log link)","poisson","log","Poisson with a log link was specified for species-richness count metrics",NA,"reef_associated_richness"
"Pre-bloom","No-take",0.7051104862326864,0.3388570538919466,Inf,0.2749113709746667,1.8085130347013216,"Offshore Ardrossan - Offshore Ardrossan Sanctuary Zone","Reef associated species richness","Poisson (log link)","poisson","log","Poisson with a log link was specified for species-richness count metrics",NA,"reef_associated_richness"
"Bloom","No-take",0.1400769839252084,0.1562475226495005,Inf,0.01573628522179187,1.2468991981926472,"Offshore Ardrossan - Offshore Ardrossan Sanctuary Zone","Reef associated species richness","Poisson (log link)","poisson","log","Poisson with a log link was specified for species-richness count metrics",NA,"reef_associated_richness"
"Pre-bloom","No-take",7.499999976992593,0.7905693479487735,Inf,6.100097107242981,9.221164625084441,"Orcades Bank - Orcades Bank Sanctuary Zone","Reef associated species richness","Poisson (log link)","poisson","log","Poisson with a log link was specified for species-richness count metrics","overall","reef_associated_richness"
"Pre-bloom","Fished",2.083333333332776,0.41666663236261803,Inf,1.4077270894660792,3.083181257399565,"Port Gibbon - Port Gibbon Sanctuary Zone","Reef associated species richness","Poisson (log link)","poisson","log","Poisson with a log link was specified for species-richness count metrics",NA,"reef_associated_richness"
"Bloom","Fished",0.9999999999993331,0.28867511063788936,Inf,0.5679097179960836,1.7608432613677556,"Port Gibbon - Port Gibbon Sanctuary Zone","Reef associated species richness","Poisson (log link)","poisson","log","Poisson with a log link was specified for species-richness count metrics",NA,"reef_associated_richness"
"Pre-bloom","No-take",2.2500000000000333,0.4330126662837243,Inf,1.5430099202283214,3.280925115018732,"Port Gibbon - Port Gibbon Sanctuary Zone","Reef associated species richness","Poisson (log link)","poisson","log","Poisson with a log link was specified for species-richness count metrics",NA,"reef_associated_richness"
"Bloom","No-take",1.333333333332361,0.3333333057404544,Inf,0.816842580083675,2.1764019422115264,"Port Gibbon - Port Gibbon Sanctuary Zone","Reef associated species richness","Poisson (log link)","poisson","log","Poisson with a log link was specified for species-richness count metrics",NA,"reef_associated_richness"
"Pre-bloom","No-take",5.115994058558963,1.1811681864380361,Inf,3.2539187355897505,8.043653617079915,"Port Noarlunga - Port Noarlunga Reef Sanctuary Zone","Reef associated species richness","Poisson (log link)","poisson","log","Poisson with a log link was specified for species-richness count metrics",NA,"reef_associated_richness"
"Bloom","No-take",4.259564697836998,2.537636007987438,Inf,1.3251402084840347,13.692054092763417,"Port Noarlunga - Port Noarlunga Reef Sanctuary Zone","Reef associated species richness","Poisson (log link)","poisson","log","Poisson with a log link was specified for species-richness count metrics",NA,"reef_associated_richness"
"Pre-bloom","Fished",5.953222156153409,0.6900113344585683,Inf,4.743436907178823,7.4715559064101535,"Rapid Head - Rapid Head Sanctuary Zone","Reef associated species richness","Poisson (log link)","poisson","log","Poisson with a log link was specified for species-richness count metrics",NA,"reef_associated_richness"
"Bloom","Fished",6.146913463509961,1.2780970373905722,Inf,4.089507514924899,9.2393876255229,"Rapid Head - Rapid Head Sanctuary Zone","Reef associated species richness","Poisson (log link)","poisson","log","Poisson with a log link was specified for species-richness count metrics",NA,"reef_associated_richness"
"Pre-bloom","No-take",7.3647550712182985,0.8369805348099959,Inf,5.894161246110116,9.202262203944857,"Rapid Head - Rapid Head Sanctuary Zone","Reef associated species richness","Poisson (log link)","poisson","log","Poisson with a log link was specified for species-richness count metrics",NA,"reef_associated_richness"
"Bloom","No-take",6.3625966934154885,1.3169974475474187,Inf,4.2407601675706434,9.546080203411394,"Rapid Head - Rapid Head Sanctuary Zone","Reef associated species richness","Poisson (log link)","poisson","log","Poisson with a log link was specified for species-richness count metrics",NA,"reef_associated_richness"
"Pre-bloom","Fished",9.79810101749705,0.7530334117880285,Inf,8.427966233885636,11.390978663759492,"Sponge Gardens - Sponge Gardens Sanctuary Zone","Reef associated species richness","Poisson (log link)","poisson","log","Poisson with a log link was specified for species-richness count metrics",NA,"reef_associated_richness"
"Bloom","Fished",9.290958663870876,1.001186230480196,Inf,7.522041660608108,11.47586211145482,"Sponge Gardens - Sponge Gardens Sanctuary Zone","Reef associated species richness","Poisson (log link)","poisson","log","Poisson with a log link was specified for species-richness count metrics",NA,"reef_associated_richness"
"Pre-bloom","No-take",11.71057819337287,0.884468182290322,Inf,10.099256356270413,13.57898411381095,"Sponge Gardens - Sponge Gardens Sanctuary Zone","Reef associated species richness","Poisson (log link)","poisson","log","Poisson with a log link was specified for species-richness count metrics",NA,"reef_associated_richness"
"Bloom","No-take",11.815654207523153,1.2382492789810398,Inf,9.62175079521774,14.509800484663273,"Sponge Gardens - Sponge Gardens Sanctuary Zone","Reef associated species richness","Poisson (log link)","poisson","log","Poisson with a log link was specified for species-richness count metrics",NA,"reef_associated_richness"
"Pre-bloom","Fished",5.96305663519695,1.9332638609128896,Inf,3.158664908320478,11.257301887547566,"The Pages - The Pages Sanctuary Zone","Reef associated species richness","Poisson (log link)","poisson","log","Poisson with a log link was specified for species-richness count metrics",NA,"reef_associated_richness"
"Bloom","Fished",4.759530995290367,1.5969888099956353,Inf,2.4657913523831376,9.186963557657025,"The Pages - The Pages Sanctuary Zone","Reef associated species richness","Poisson (log link)","poisson","log","Poisson with a log link was specified for species-richness count metrics",NA,"reef_associated_richness"
"Pre-bloom","No-take",6.869201611104123,2.2216372546935483,Inf,3.6442708850691155,12.947975675277107,"The Pages - The Pages Sanctuary Zone","Reef associated species richness","Poisson (log link)","poisson","log","Poisson with a log link was specified for species-richness count metrics",NA,"reef_associated_richness"
"Bloom","No-take",4.56917525336051,1.5345633780163683,Inf,2.3657055259213786,8.825004746857031,"The Pages - The Pages Sanctuary Zone","Reef associated species richness","Poisson (log link)","poisson","log","Poisson with a log link was specified for species-richness count metrics",NA,"reef_associated_richness"
"Pre-bloom","Fished",2.0285409114649697,1.8183628747755107,Inf,0.3500866924992474,11.754169231942393,"Victor Harbor - Encounter Bay Sanctuary Zone","Reef associated species richness","Poisson (log link)","poisson","log","Poisson with a log link was specified for species-richness count metrics",NA,"reef_associated_richness"
"Bloom","Fished",2.4403712955061136,2.1832191933918628,Inf,0.42261900359679033,14.091680708262917,"Victor Harbor - Encounter Bay Sanctuary Zone","Reef associated species richness","Poisson (log link)","poisson","log","Poisson with a log link was specified for species-richness count metrics",NA,"reef_associated_richness"
"Pre-bloom","No-take",4.306454213365139,6.499134335773904,Inf,0.22362448218473283,82.93165270021805,"Victor Harbor - Encounter Bay Sanctuary Zone","Reef associated species richness","Poisson (log link)","poisson","log","Poisson with a log link was specified for species-richness count metrics",NA,"reef_associated_richness"
"Bloom","No-take",4.968983698012733,7.497942878795335,Inf,0.25813558163728106,95.65050596477062,"Victor Harbor - Encounter Bay Sanctuary Zone","Reef associated species richness","Poisson (log link)","poisson","log","Poisson with a log link was specified for species-richness count metrics",NA,"reef_associated_richness"
"Pre-bloom","Fished",0.4027777777756472,0.07479394964348753,Inf,0.2798990057272509,0.5796016954342972,"Windara Reef - Windara Shell fish Reef Sanctuary Zone","Reef associated species richness","Poisson (log link)","poisson","log","Poisson with a log link was specified for species-richness count metrics",NA,"reef_associated_richness"
"Bloom","Fished",0.7500000000044944,0.24999998039385848,Inf,0.3902360957187021,1.4414350855237499,"Windara Reef - Windara Shell fish Reef Sanctuary Zone","Reef associated species richness","Poisson (log link)","poisson","log","Poisson with a log link was specified for species-richness count metrics",NA,"reef_associated_richness"
"Pre-bloom","Fished",1.290989844776471,0.12973896552114014,Inf,1.060182683625972,1.5720448985412452,"Aldinga - Aldinga Reef Sanctuary Zone","Shannon diversity","Tweedie (log link)","tweedie","log","Tweedie with a log link was specified for non-richness metrics",NA,"shannon_diversity"
"Bloom","Fished",1.2456548060080455,0.2258707372753951,Inf,0.8730758231497173,1.7772292561408602,"Aldinga - Aldinga Reef Sanctuary Zone","Shannon diversity","Tweedie (log link)","tweedie","log","Tweedie with a log link was specified for non-richness metrics",NA,"shannon_diversity"
"Pre-bloom","No-take",1.6921044787301378,0.1151716825411041,Inf,1.4807810590129047,1.9335860284755566,"Aldinga - Aldinga Reef Sanctuary Zone","Shannon diversity","Tweedie (log link)","tweedie","log","Tweedie with a log link was specified for non-richness metrics",NA,"shannon_diversity"
"Bloom","No-take",1.4271712101873928,0.24922616666553749,Inf,1.0135173629881655,2.009652461387117,"Aldinga - Aldinga Reef Sanctuary Zone","Shannon diversity","Tweedie (log link)","tweedie","log","Tweedie with a log link was specified for non-richness metrics",NA,"shannon_diversity"
"Pre-bloom","Fished",1.2295707629554553,0.1459318275294538,Inf,0.9743803550005982,1.5515955892952424,"Bay of Shoals - Bay of Shoals Sanctuary Zone","Shannon diversity","Tweedie (log link)","tweedie","log","Tweedie with a log link was specified for non-richness metrics",NA,"shannon_diversity"
"Bloom","Fished",0.8952313012797756,0.1929491240055494,Inf,0.5867807590073452,1.3658237263043045,"Bay of Shoals - Bay of Shoals Sanctuary Zone","Shannon diversity","Tweedie (log link)","tweedie","log","Tweedie with a log link was specified for non-richness metrics",NA,"shannon_diversity"
"Pre-bloom","No-take",0.9963239720427662,0.12189043256257423,Inf,0.7839068296004235,1.2663003048118087,"Bay of Shoals - Bay of Shoals Sanctuary Zone","Shannon diversity","Tweedie (log link)","tweedie","log","Tweedie with a log link was specified for non-richness metrics",NA,"shannon_diversity"
"Bloom","No-take",1.4977881986561765,0.2999536111308877,Inf,1.0115446627447424,2.2177661260616186,"Bay of Shoals - Bay of Shoals Sanctuary Zone","Shannon diversity","Tweedie (log link)","tweedie","log","Tweedie with a log link was specified for non-richness metrics",NA,"shannon_diversity"
"Pre-bloom","Fished",1.1228710969698776,0.26662953330514416,Inf,0.7050326386852047,1.7883420301812412,"Boston Bay","Shannon diversity","Tweedie (log link)","tweedie","log","Tweedie with a log link was specified for non-richness metrics",NA,"shannon_diversity"
"Bloom","Fished",1.4401552709392342,0.46273679545497665,Inf,0.7672015149195718,2.703392999206327,"Boston Bay","Shannon diversity","Tweedie (log link)","tweedie","log","Tweedie with a log link was specified for non-richness metrics",NA,"shannon_diversity"
"Pre-bloom","Fished",1.8989234881587305,0.09497720395340095,Inf,1.721604860474,2.0945052472076107,"Cape Elizabeth - Cape Elizabeth Sanctuary Zone","Shannon diversity","Tweedie (log link)","tweedie","log","Tweedie with a log link was specified for non-richness metrics",NA,"shannon_diversity"
"Bloom","Fished",1.766041039352411,0.09124552414568107,Inf,1.5959600325530052,1.9542475306776577,"Cape Elizabeth - Cape Elizabeth Sanctuary Zone","Shannon diversity","Tweedie (log link)","tweedie","log","Tweedie with a log link was specified for non-richness metrics",NA,"shannon_diversity"
"Pre-bloom","No-take",1.948250492433633,0.09635723466272085,Inf,1.768258602610442,2.146563842904207,"Cape Elizabeth - Cape Elizabeth Sanctuary Zone","Shannon diversity","Tweedie (log link)","tweedie","log","Tweedie with a log link was specified for non-richness metrics",NA,"shannon_diversity"
"Bloom","No-take",1.840398054828233,0.09336297049736923,Inf,1.6662129550374296,2.032792381055192,"Cape Elizabeth - Cape Elizabeth Sanctuary Zone","Shannon diversity","Tweedie (log link)","tweedie","log","Tweedie with a log link was specified for non-richness metrics",NA,"shannon_diversity"
"Pre-bloom","Fished",1.7500689358259705,0.07636407472250004,Inf,1.6066196184933428,1.906326329448924,"Carrickalinga - Carrickalinga Cliffs Sanctuary Zone","Shannon diversity","Tweedie (log link)","tweedie","log","Tweedie with a log link was specified for non-richness metrics",NA,"shannon_diversity"
"Bloom","Fished",1.8355737699815915,0.19038979363972705,Inf,1.4979017425042336,2.2493672111039085,"Carrickalinga - Carrickalinga Cliffs Sanctuary Zone","Shannon diversity","Tweedie (log link)","tweedie","log","Tweedie with a log link was specified for non-richness metrics",NA,"shannon_diversity"
"Pre-bloom","No-take",1.7853532408435786,0.07770579706753279,Inf,1.639367876747972,1.944338570860442,"Carrickalinga - Carrickalinga Cliffs Sanctuary Zone","Shannon diversity","Tweedie (log link)","tweedie","log","Tweedie with a log link was specified for non-richness metrics",NA,"shannon_diversity"
"Bloom","No-take",1.7239626994932844,0.1843110208404414,Inf,1.3980568677023404,2.125841557596032,"Carrickalinga - Carrickalinga Cliffs Sanctuary Zone","Shannon diversity","Tweedie (log link)","tweedie","log","Tweedie with a log link was specified for non-richness metrics",NA,"shannon_diversity"
"Pre-bloom","Fished",2.0534681125814624,0.13798418527876566,Inf,1.8000762301954754,2.3425292877352017,"Chinamans Hat - Chinamans Hat Sanctuary Zone","Shannon diversity","Tweedie (log link)","tweedie","log","Tweedie with a log link was specified for non-richness metrics",NA,"shannon_diversity"
"Bloom","Fished",1.9728705883628135,0.14127101648177226,Inf,1.7145365624818696,2.2701285254558066,"Chinamans Hat - Chinamans Hat Sanctuary Zone","Shannon diversity","Tweedie (log link)","tweedie","log","Tweedie with a log link was specified for non-richness metrics",NA,"shannon_diversity"
"Pre-bloom","No-take",1.9376704019325837,0.13387328796874948,Inf,1.692273481668246,2.2186523792976547,"Chinamans Hat - Chinamans Hat Sanctuary Zone","Shannon diversity","Tweedie (log link)","tweedie","log","Tweedie with a log link was specified for non-richness metrics",NA,"shannon_diversity"
"Bloom","No-take",1.7609575098146577,0.13340130328591673,Inf,1.5179802460059801,2.042827210388101,"Chinamans Hat - Chinamans Hat Sanctuary Zone","Shannon diversity","Tweedie (log link)","tweedie","log","Tweedie with a log link was specified for non-richness metrics",NA,"shannon_diversity"
"Pre-bloom","Fished",0.4078782592576053,0.09201705407422263,Inf,0.26211994965526464,0.6346890978493399,"Cuttlefish Coast - Fairway Bank Sanctuary Zone","Shannon diversity","Tweedie (log link)","tweedie","log","Tweedie with a log link was specified for non-richness metrics",NA,"shannon_diversity"
"Bloom","Fished",0.5643866298931266,0.10873221860657267,Inf,0.3868904524010553,0.8233138502780283,"Cuttlefish Coast - Fairway Bank Sanctuary Zone","Shannon diversity","Tweedie (log link)","tweedie","log","Tweedie with a log link was specified for non-richness metrics",NA,"shannon_diversity"
"Pre-bloom","No-take",0.572957086511185,0.10957770795942752,Inf,0.393849499207782,0.8335159080910648,"Cuttlefish Coast - Fairway Bank Sanctuary Zone","Shannon diversity","Tweedie (log link)","tweedie","log","Tweedie with a log link was specified for non-richness metrics",NA,"shannon_diversity"
"Bloom","No-take",0.5457687150207906,0.0872620543601272,Inf,0.39894353772906876,0.7466306936339713,"Cuttlefish Coast - Fairway Bank Sanctuary Zone","Shannon diversity","Tweedie (log link)","tweedie","log","Tweedie with a log link was specified for non-richness metrics",NA,"shannon_diversity"
"Pre-bloom","No-take",1.8674788354431395,0.07724515892531134,Inf,1.722055527507804,2.0251827801831785,"Dangerous Reef - Dangerous Reef Sanctuary Zone","Shannon diversity","Tweedie (log link)","tweedie","log","Tweedie with a log link was specified for non-richness metrics",NA,"shannon_diversity"
"Bloom","No-take",2.3791708525956334,0.12849330808752757,Inf,2.140199597498134,2.6448252548302658,"Dangerous Reef - Dangerous Reef Sanctuary Zone","Shannon diversity","Tweedie (log link)","tweedie","log","Tweedie with a log link was specified for non-richness metrics",NA,"shannon_diversity"
"Pre-bloom","Fished",1.2601034798944735,0.2059999436686014,Inf,0.9146458757754835,1.736038856235909,"Glenelg","Shannon diversity","Tweedie (log link)","tweedie","log","Tweedie with a log link was specified for non-richness metrics",NA,"shannon_diversity"
"Bloom","Fished",0.7097699287058268,0.14507085805368716,Inf,0.47548775130575294,1.0594875479161039,"Glenelg","Shannon diversity","Tweedie (log link)","tweedie","log","Tweedie with a log link was specified for non-richness metrics",NA,"shannon_diversity"
"Pre-bloom","Fished",1.170368465400928,0.20683948144590625,Inf,0.8277316695139046,1.6548386334055973,"O'Sullivan","Shannon diversity","Tweedie (log link)","tweedie","log","Tweedie with a log link was specified for non-richness metrics",NA,"shannon_diversity"
"Bloom","Fished",0.8786552549732474,0.20457092937244606,Inf,0.5567233412249405,1.3867481384800904,"O'Sullivan","Shannon diversity","Tweedie (log link)","tweedie","log","Tweedie with a log link was specified for non-richness metrics",NA,"shannon_diversity"
"Pre-bloom","Fished",0.33200791992612533,0.13240056259288355,Inf,0.15194976253395207,0.7254322550786648,"Offshore Ardrossan - Offshore Ardrossan Sanctuary Zone","Shannon diversity","Tweedie (log link)","tweedie","log","Tweedie with a log link was specified for non-richness metrics",NA,"shannon_diversity"
"Bloom","Fished",0.12436488284310399,0.05908047911134645,Inf,0.049014889496941834,0.315549504310195,"Offshore Ardrossan - Offshore Ardrossan Sanctuary Zone","Shannon diversity","Tweedie (log link)","tweedie","log","Tweedie with a log link was specified for non-richness metrics",NA,"shannon_diversity"
"Pre-bloom","No-take",0.8111597985802721,0.18613343084660988,Inf,0.5173503854059613,1.2718270583996474,"Offshore Ardrossan - Offshore Ardrossan Sanctuary Zone","Shannon diversity","Tweedie (log link)","tweedie","log","Tweedie with a log link was specified for non-richness metrics",NA,"shannon_diversity"
"Bloom","No-take",0.1665867533392415,0.07083577128583893,Inf,0.07239253937372692,0.38334262933979746,"Offshore Ardrossan - Offshore Ardrossan Sanctuary Zone","Shannon diversity","Tweedie (log link)","tweedie","log","Tweedie with a log link was specified for non-richness metrics",NA,"shannon_diversity"
"Pre-bloom","No-take",2.1275252973437246,0.1360757213322241,Inf,1.8768613922762911,2.411666577758227,"Orcades Bank - Orcades Bank Sanctuary Zone","Shannon diversity","Tweedie (log link)","tweedie","log","Tweedie with a log link was specified for non-richness metrics","overall","shannon_diversity"
"Pre-bloom","Fished",1.9275379812895552,0.15564540804091986,Inf,1.6453938509847044,2.25806281401276,"Port Gibbon - Port Gibbon Sanctuary Zone","Shannon diversity","Tweedie (log link)","tweedie","log","Tweedie with a log link was specified for non-richness metrics",NA,"shannon_diversity"
"Bloom","Fished",1.8865446379012265,0.14888880605452065,Inf,1.6161774395996906,2.2021410419362164,"Port Gibbon - Port Gibbon Sanctuary Zone","Shannon diversity","Tweedie (log link)","tweedie","log","Tweedie with a log link was specified for non-richness metrics",NA,"shannon_diversity"
"Pre-bloom","No-take",1.378501310241871,0.12228153855400387,Inf,1.1585115683902298,1.6402649004006102,"Port Gibbon - Port Gibbon Sanctuary Zone","Shannon diversity","Tweedie (log link)","tweedie","log","Tweedie with a log link was specified for non-richness metrics",NA,"shannon_diversity"
"Bloom","No-take",1.6019186137899544,0.1325766899092404,Inf,1.3620529638630912,1.8840260351760216,"Port Gibbon - Port Gibbon Sanctuary Zone","Shannon diversity","Tweedie (log link)","tweedie","log","Tweedie with a log link was specified for non-richness metrics",NA,"shannon_diversity"
"Pre-bloom","No-take",1.415181855413621,0.18216493919335944,Inf,1.0996233328553795,1.8212960966292406,"Port Noarlunga - Port Noarlunga Reef Sanctuary Zone","Shannon diversity","Tweedie (log link)","tweedie","log","Tweedie with a log link was specified for non-richness metrics",NA,"shannon_diversity"
"Bloom","No-take",1.6139484324241027,0.5111594143267434,Inf,0.8675660554175549,3.0024567308255596,"Port Noarlunga - Port Noarlunga Reef Sanctuary Zone","Shannon diversity","Tweedie (log link)","tweedie","log","Tweedie with a log link was specified for non-richness metrics",NA,"shannon_diversity"
"Pre-bloom","Fished",1.8753046213908804,0.07303302538265079,Inf,1.7374891587691441,2.024051433795022,"Rapid Head - Rapid Head Sanctuary Zone","Shannon diversity","Tweedie (log link)","tweedie","log","Tweedie with a log link was specified for non-richness metrics",NA,"shannon_diversity"
"Bloom","Fished",1.721636838928899,0.1518502830516438,Inf,1.4483203223658714,2.0465316680188956,"Rapid Head - Rapid Head Sanctuary Zone","Shannon diversity","Tweedie (log link)","tweedie","log","Tweedie with a log link was specified for non-richness metrics",NA,"shannon_diversity"
"Pre-bloom","No-take",1.9278299979789497,0.07434649490368038,Inf,1.787484419825397,2.0791949064767516,"Rapid Head - Rapid Head Sanctuary Zone","Shannon diversity","Tweedie (log link)","tweedie","log","Tweedie with a log link was specified for non-richness metrics",NA,"shannon_diversity"
"Bloom","No-take",1.740348762724061,0.15314730922873446,Inf,1.4646444393581717,2.0679516028084195,"Rapid Head - Rapid Head Sanctuary Zone","Shannon diversity","Tweedie (log link)","tweedie","log","Tweedie with a log link was specified for non-richness metrics",NA,"shannon_diversity"
"Pre-bloom","Fished",1.943659187233216,0.06767396685716835,Inf,1.8154451714691917,2.0809281907747197,"Sponge Gardens - Sponge Gardens Sanctuary Zone","Shannon diversity","Tweedie (log link)","tweedie","log","Tweedie with a log link was specified for non-richness metrics",NA,"shannon_diversity"
"Bloom","Fished",1.9655930898175626,0.09624412569946524,Inf,1.7857268421561723,2.163576255634658,"Sponge Gardens - Sponge Gardens Sanctuary Zone","Shannon diversity","Tweedie (log link)","tweedie","log","Tweedie with a log link was specified for non-richness metrics",NA,"shannon_diversity"
"Pre-bloom","No-take",2.0760007106607334,0.07194482348623003,Inf,1.9396737597015774,2.2219091891653666,"Sponge Gardens - Sponge Gardens Sanctuary Zone","Shannon diversity","Tweedie (log link)","tweedie","log","Tweedie with a log link was specified for non-richness metrics",NA,"shannon_diversity"
"Bloom","No-take",2.1131938560669803,0.10421608854916127,Inf,1.9184953495265435,2.3276513411519475,"Sponge Gardens - Sponge Gardens Sanctuary Zone","Shannon diversity","Tweedie (log link)","tweedie","log","Tweedie with a log link was specified for non-richness metrics",NA,"shannon_diversity"
"Pre-bloom","Fished",1.8576726194515154,0.18279973614931985,Inf,1.5318236539497065,2.2528360573110446,"The Pages - The Pages Sanctuary Zone","Shannon diversity","Tweedie (log link)","tweedie","log","Tweedie with a log link was specified for non-richness metrics",NA,"shannon_diversity"
"Bloom","Fished",1.4935542913459041,0.1622984475916734,Inf,1.2070476566333834,1.8480665688209008,"The Pages - The Pages Sanctuary Zone","Shannon diversity","Tweedie (log link)","tweedie","log","Tweedie with a log link was specified for non-richness metrics",NA,"shannon_diversity"
"Pre-bloom","No-take",1.9100535636897695,0.18783380003698688,Inf,1.5752111350993043,2.3160734043020796,"The Pages - The Pages Sanctuary Zone","Shannon diversity","Tweedie (log link)","tweedie","log","Tweedie with a log link was specified for non-richness metrics",NA,"shannon_diversity"
"Bloom","No-take",1.2803913183067608,0.14189320935199826,Inf,1.030415549707356,1.591010469961293,"The Pages - The Pages Sanctuary Zone","Shannon diversity","Tweedie (log link)","tweedie","log","Tweedie with a log link was specified for non-richness metrics",NA,"shannon_diversity"
"Pre-bloom","Fished",1.4741208259867256,0.24575412297235474,Inf,1.0632301567863278,2.0438022715381745,"Victor Harbor - Encounter Bay Sanctuary Zone","Shannon diversity","Tweedie (log link)","tweedie","log","Tweedie with a log link was specified for non-richness metrics",NA,"shannon_diversity"
"Bloom","Fished",1.5201702939576291,0.24781945105103353,Inf,1.1044057112994528,2.092453614634227,"Victor Harbor - Encounter Bay Sanctuary Zone","Shannon diversity","Tweedie (log link)","tweedie","log","Tweedie with a log link was specified for non-richness metrics",NA,"shannon_diversity"
"Pre-bloom","No-take",1.2238000094191464,0.35251982272243376,Inf,0.6958552457447024,2.152296001521815,"Victor Harbor - Encounter Bay Sanctuary Zone","Shannon diversity","Tweedie (log link)","tweedie","log","Tweedie with a log link was specified for non-richness metrics",NA,"shannon_diversity"
"Bloom","No-take",1.4692022919261163,0.4211614032972574,Inf,0.8376763140783269,2.576837065013536,"Victor Harbor - Encounter Bay Sanctuary Zone","Shannon diversity","Tweedie (log link)","tweedie","log","Tweedie with a log link was specified for non-richness metrics",NA,"shannon_diversity"
"Pre-bloom","Fished",1.4655550364738266,0.14280869410532987,Inf,1.2107602191439246,1.7739693879705187,"Windara Reef - Windara Shell fish Reef Sanctuary Zone","Shannon diversity","Tweedie (log link)","tweedie","log","Tweedie with a log link was specified for non-richness metrics",NA,"shannon_diversity"
"Bloom","Fished",0.42382053584113427,0.07424512492382497,Inf,0.30065471631714397,0.5974423045843424,"Windara Reef - Windara Shell fish Reef Sanctuary Zone","Shannon diversity","Tweedie (log link)","tweedie","log","Tweedie with a log link was specified for non-richness metrics",NA,"shannon_diversity"
"Pre-bloom","Fished",3.5000000033953076,1.4413252235926637,Inf,1.561482478071951,7.845108860198616,"Aldinga - Aldinga Reef Sanctuary Zone","Abundance > 200 mm","Tweedie (log link)","tweedie","log","Tweedie with a log link was specified for non-richness metrics",NA,"large_fish"
"Bloom","Fished",1.2727272721312497,0.6384768005534784,Inf,0.4761253355478521,3.402118283335616,"Aldinga - Aldinga Reef Sanctuary Zone","Abundance > 200 mm","Tweedie (log link)","tweedie","log","Tweedie with a log link was specified for non-richness metrics",NA,"large_fish"
"Pre-bloom","No-take",9.749999981959457,2.7980532937840796,Inf,5.5555485151728705,17.11127162125977,"Aldinga - Aldinga Reef Sanctuary Zone","Abundance > 200 mm","Tweedie (log link)","tweedie","log","Tweedie with a log link was specified for non-richness metrics",NA,"large_fish"
"Bloom","No-take",16.166666678774288,3.169643566918768,Inf,11.008636872622086,23.741459957915634,"Aldinga - Aldinga Reef Sanctuary Zone","Abundance > 200 mm","Tweedie (log link)","tweedie","log","Tweedie with a log link was specified for non-richness metrics",NA,"large_fish"
"Pre-bloom","Fished",1.6880716014167758,0.5559740930855622,Inf,0.8852047734547531,3.2191260338424432,"Cape Elizabeth - Cape Elizabeth Sanctuary Zone","Abundance > 200 mm","Tweedie (log link)","tweedie","log","Tweedie with a log link was specified for non-richness metrics",NA,"large_fish"
"Bloom","Fished",3.503897755925973,0.935779812513042,Inf,2.0759769421998526,5.913986439065731,"Cape Elizabeth - Cape Elizabeth Sanctuary Zone","Abundance > 200 mm","Tweedie (log link)","tweedie","log","Tweedie with a log link was specified for non-richness metrics",NA,"large_fish"
"Pre-bloom","No-take",2.684157916142051,0.7653606151629438,Inf,1.5349580463582164,4.693746344326248,"Cape Elizabeth - Cape Elizabeth Sanctuary Zone","Abundance > 200 mm","Tweedie (log link)","tweedie","log","Tweedie with a log link was specified for non-richness metrics",NA,"large_fish"
"Bloom","No-take",2.8645106395453843,0.8078356073729539,Inf,1.6481572548550774,4.978542660233116,"Cape Elizabeth - Cape Elizabeth Sanctuary Zone","Abundance > 200 mm","Tweedie (log link)","tweedie","log","Tweedie with a log link was specified for non-richness metrics",NA,"large_fish"
"Pre-bloom","Fished",5.994315521935772,1.0757801981594752,Inf,4.216744067445302,8.521223484708493,"Carrickalinga - Carrickalinga Cliffs Sanctuary Zone","Abundance > 200 mm","Tweedie (log link)","tweedie","log","Tweedie with a log link was specified for non-richness metrics",NA,"large_fish"
"Bloom","Fished",9.094566628571645,3.346214336543182,Inf,4.421755295642353,18.7054996559943,"Carrickalinga - Carrickalinga Cliffs Sanctuary Zone","Abundance > 200 mm","Tweedie (log link)","tweedie","log","Tweedie with a log link was specified for non-richness metrics",NA,"large_fish"
"Pre-bloom","No-take",13.648229325916786,2.3074170806559557,Inf,9.798717119558331,19.010056261447737,"Carrickalinga - Carrickalinga Cliffs Sanctuary Zone","Abundance > 200 mm","Tweedie (log link)","tweedie","log","Tweedie with a log link was specified for non-richness metrics",NA,"large_fish"
"Bloom","No-take",11.78153622426617,4.285006825388298,Inf,5.775843735258436,24.031916749473,"Carrickalinga - Carrickalinga Cliffs Sanctuary Zone","Abundance > 200 mm","Tweedie (log link)","tweedie","log","Tweedie with a log link was specified for non-richness metrics",NA,"large_fish"
"Pre-bloom","Fished",10.157266602775476,2.5556204284910344,Inf,6.203119862343429,16.631963774577496,"Chinamans Hat - Chinamans Hat Sanctuary Zone","Abundance > 200 mm","Tweedie (log link)","tweedie","log","Tweedie with a log link was specified for non-richness metrics",NA,"large_fish"
"Bloom","Fished",8.792186798674924,2.3071371878636566,Inf,5.256965163636138,14.704786183008485,"Chinamans Hat - Chinamans Hat Sanctuary Zone","Abundance > 200 mm","Tweedie (log link)","tweedie","log","Tweedie with a log link was specified for non-richness metrics",NA,"large_fish"
"Pre-bloom","No-take",10.832051930025466,2.7070921647923143,Inf,6.637166416969826,17.67822917845965,"Chinamans Hat - Chinamans Hat Sanctuary Zone","Abundance > 200 mm","Tweedie (log link)","tweedie","log","Tweedie with a log link was specified for non-richness metrics",NA,"large_fish"
"Bloom","No-take",10.20162789813436,2.656455213474112,Inf,6.12379522130878,16.994887649060008,"Chinamans Hat - Chinamans Hat Sanctuary Zone","Abundance > 200 mm","Tweedie (log link)","tweedie","log","Tweedie with a log link was specified for non-richness metrics",NA,"large_fish"
"Pre-bloom","Fished",1.1428572484912924,0.5526756029804141,Inf,0.44295385918850755,2.9486653368861204,"Cuttlefish Coast - Fairway Bank Sanctuary Zone","Abundance > 200 mm","Tweedie (log link)","tweedie","log","Tweedie with a log link was specified for non-richness metrics",NA,"large_fish"
"Bloom","Fished",7.142857023355145,1.6126336583677239,Inf,4.588780431398844,11.118511164096137,"Cuttlefish Coast - Fairway Bank Sanctuary Zone","Abundance > 200 mm","Tweedie (log link)","tweedie","log","Tweedie with a log link was specified for non-richness metrics",NA,"large_fish"
"Pre-bloom","No-take",0.4285713227510052,0.3115725074367899,Inf,0.1030854307466423,1.781758851412947,"Cuttlefish Coast - Fairway Bank Sanctuary Zone","Abundance > 200 mm","Tweedie (log link)","tweedie","log","Tweedie with a log link was specified for non-richness metrics",NA,"large_fish"
"Bloom","No-take",5.4166667152064,1.0478315297557133,Inf,3.7074110045914566,7.913953502130816,"Cuttlefish Coast - Fairway Bank Sanctuary Zone","Abundance > 200 mm","Tweedie (log link)","tweedie","log","Tweedie with a log link was specified for non-richness metrics",NA,"large_fish"
"Bloom","No-take",38.8695649549226,1.9792035408264346,Inf,35.17768513167749,42.94890565224924,"Dangerous Reef - Dangerous Reef Sanctuary Zone","Abundance > 200 mm","Tweedie (log link)","tweedie","log","Tweedie with a log link was specified for non-richness metrics","overall","large_fish"
"Pre-bloom","Fished",1.5539871671623968,1.1561972956930258,Inf,0.3615235437293232,6.67972019413888,"Glenelg","Abundance > 200 mm","Tweedie (log link)","tweedie","log","Tweedie with a log link was specified for non-richness metrics",NA,"large_fish"
"Bloom","Fished",0.36264352006944767,0.29047125624779857,Inf,0.07545396148584786,1.7429213795888765,"Glenelg","Abundance > 200 mm","Tweedie (log link)","tweedie","log","Tweedie with a log link was specified for non-richness metrics",NA,"large_fish"
"Pre-bloom","Fished",0.7007486930784753,0.7218041127432037,Inf,0.09306463356977915,5.276426844608018,"O'Sullivan","Abundance > 200 mm","Tweedie (log link)","tweedie","log","Tweedie with a log link was specified for non-richness metrics",NA,"large_fish"
"Bloom","Fished",0.45820974281350024,0.4703205930081662,Inf,0.06128650254761437,3.4258141626877143,"O'Sullivan","Abundance > 200 mm","Tweedie (log link)","tweedie","log","Tweedie with a log link was specified for non-richness metrics",NA,"large_fish"
"Pre-bloom","No-take",8.642857142872726,1.0256590179141398,Inf,6.849267820069698,10.906126253849127,"Port Noarlunga - Port Noarlunga Reef Sanctuary Zone","Abundance > 200 mm","Tweedie (log link)","tweedie","log","Tweedie with a log link was specified for non-richness metrics",NA,"large_fish"
"Bloom","No-take",5.00000000000376,1.3007598979634094,Inf,3.002812657459476,8.32552771413612,"Port Noarlunga - Port Noarlunga Reef Sanctuary Zone","Abundance > 200 mm","Tweedie (log link)","tweedie","log","Tweedie with a log link was specified for non-richness metrics",NA,"large_fish"
"Pre-bloom","Fished",8.243209022926646,1.2630907653163068,Inf,6.104756808745675,11.130745601252025,"Rapid Head - Rapid Head Sanctuary Zone","Abundance > 200 mm","Tweedie (log link)","tweedie","log","Tweedie with a log link was specified for non-richness metrics",NA,"large_fish"
"Bloom","Fished",6.991258029308244,1.6263534037070622,Inf,4.4314220111278075,11.029797818765516,"Rapid Head - Rapid Head Sanctuary Zone","Abundance > 200 mm","Tweedie (log link)","tweedie","log","Tweedie with a log link was specified for non-richness metrics",NA,"large_fish"
"Pre-bloom","No-take",10.216701340335753,1.52549655300102,Inf,7.624553042623621,13.690112153997255,"Rapid Head - Rapid Head Sanctuary Zone","Abundance > 200 mm","Tweedie (log link)","tweedie","log","Tweedie with a log link was specified for non-richness metrics",NA,"large_fish"
"Bloom","No-take",6.202601830842424,1.5445131755022075,Inf,3.807288216874046,10.10490072736265,"Rapid Head - Rapid Head Sanctuary Zone","Abundance > 200 mm","Tweedie (log link)","tweedie","log","Tweedie with a log link was specified for non-richness metrics",NA,"large_fish"
"Pre-bloom","Fished",10.493607635987315,1.0194522491326907,Inf,8.674225980739417,12.694596781609864,"Sponge Gardens - Sponge Gardens Sanctuary Zone","Abundance > 200 mm","Tweedie (log link)","tweedie","log","Tweedie with a log link was specified for non-richness metrics",NA,"large_fish"
"Bloom","Fished",15.148571816677636,2.2551205650969983,Inf,11.315036921759946,20.280908464711104,"Sponge Gardens - Sponge Gardens Sanctuary Zone","Abundance > 200 mm","Tweedie (log link)","tweedie","log","Tweedie with a log link was specified for non-richness metrics",NA,"large_fish"
"Pre-bloom","No-take",12.996283560625958,1.20205553887008,Inf,10.841506400126232,15.579328199836688,"Sponge Gardens - Sponge Gardens Sanctuary Zone","Abundance > 200 mm","Tweedie (log link)","tweedie","log","Tweedie with a log link was specified for non-richness metrics",NA,"large_fish"
"Bloom","No-take",15.193042468152765,2.2031117081694185,Inf,11.434410357927586,20.18718344134447,"Sponge Gardens - Sponge Gardens Sanctuary Zone","Abundance > 200 mm","Tweedie (log link)","tweedie","log","Tweedie with a log link was specified for non-richness metrics",NA,"large_fish"
"Pre-bloom","Fished",7.608411470611526,3.97860275057065,Inf,2.730123624496383,21.203408002013624,"The Pages - The Pages Sanctuary Zone","Abundance > 200 mm","Tweedie (log link)","tweedie","log","Tweedie with a log link was specified for non-richness metrics",NA,"large_fish"
"Bloom","Fished",5.085671414334872,2.759942753490342,Inf,1.7555361465657566,14.732851718934443,"The Pages - The Pages Sanctuary Zone","Abundance > 200 mm","Tweedie (log link)","tweedie","log","Tweedie with a log link was specified for non-richness metrics",NA,"large_fish"
"Pre-bloom","No-take",7.2769859249375894,3.81027922085802,Inf,2.607694011106258,20.30703139486636,"The Pages - The Pages Sanctuary Zone","Abundance > 200 mm","Tweedie (log link)","tweedie","log","Tweedie with a log link was specified for non-richness metrics",NA,"large_fish"
"Bloom","No-take",4.960724905131709,2.697217941001176,Inf,1.7089704103941663,14.399776283264085,"The Pages - The Pages Sanctuary Zone","Abundance > 200 mm","Tweedie (log link)","tweedie","log","Tweedie with a log link was specified for non-richness metrics",NA,"large_fish"
"Bloom","Fished",3.74551151945108,2.68640996199505,Inf,0.9183327045342484,15.276442266592003,"Victor Harbor - Encounter Bay Sanctuary Zone","Abundance > 200 mm","Tweedie (log link)","tweedie","log","Tweedie with a log link was specified for non-richness metrics",NA,"large_fish"
"Bloom","No-take",5.80758216730403,6.801828854628018,Inf,0.5848840572190432,57.66614804027116,"Victor Harbor - Encounter Bay Sanctuary Zone","Abundance > 200 mm","Tweedie (log link)","tweedie","log","Tweedie with a log link was specified for non-richness metrics",NA,"large_fish"
