spatial_level,group_name,method,period_name,taxon_plot,mean_abundance,total_mean_abundance,percent
location,Carrickalinga,M1 fish,Bloom,Austrolabrus maculatus,2.2734375,22.859375,9.945317840054683
location,Carrickalinga,M1 fish,Bloom,Notolabrus parilus,3.34375,22.859375,14.627477785372522
location,Carrickalinga,M1 fish,Bloom,Other,5.5390625,22.859375,24.23103212576897
location,Carrickalinga,M1 fish,Bloom,Parapriacanthus elongatus,0,22.859375,0
location,Carrickalinga,M1 fish,Bloom,Pseudogoniistius nigripes,2.1484375,22.859375,9.398496240601503
location,Carrickalinga,M1 fish,Bloom,Scorpis aequipinnis,4.28125,22.859375,18.72863978127136
location,Carrickalinga,M1 fish,Bloom,Siphamia cephalotes,0,22.859375,0
location,Carrickalinga,M1 fish,Bloom,Siphonognathus beddomei,0.0234375,22.859375,0.10252904989747096
location,Carrickalinga,M1 fish,Bloom,Trachinops noarlungae,5.25,22.859375,22.966507177033492
location,Carrickalinga,M1 fish,Pre-bloom,Austrolabrus maculatus,2.505291005291005,134.1216931216931,1.8679237839756992
location,Carrickalinga,M1 fish,Pre-bloom,Notolabrus parilus,0.9629629629629629,134.1216931216931,0.7179770405144187
location,Carrickalinga,M1 fish,Pre-bloom,Other,20.452380952380953,134.1216931216931,15.249122253343328
location,Carrickalinga,M1 fish,Pre-bloom,Parapriacanthus elongatus,10.13888888888889,134.1216931216931,7.559469801570082
location,Carrickalinga,M1 fish,Pre-bloom,Pseudogoniistius nigripes,1.664021164021164,134.1216931216931,1.2406801057240917
location,Carrickalinga,M1 fish,Pre-bloom,Scorpis aequipinnis,3.517195767195767,134.1216931216931,2.622391415834944
location,Carrickalinga,M1 fish,Pre-bloom,Siphamia cephalotes,10.576719576719576,134.1216931216931,7.8859126592765
location,Carrickalinga,M1 fish,Pre-bloom,Siphonognathus beddomei,2.607142857142857,134.1216931216931,1.9438636632608783
location,Carrickalinga,M1 fish,Pre-bloom,Trachinops noarlungae,81.69708994708995,134.1216931216931,60.912659276500065
location,Carrickalinga,M2 fish,Bloom,Eocallionymus papilio,0.031746031746031744,0.6587301587301587,4.8192771084337345
location,Carrickalinga,M2 fish,Bloom,Helcogramma decurrens,0.16666666666666666,0.6587301587301587,25.301204819277107
location,Carrickalinga,M2 fish,Bloom,Hypoplectrodes nigroruber,0.03968253968253968,0.6587301587301587,6.024096385542168
location,Carrickalinga,M2 fish,Bloom,Other,0.19047619047619047,0.6587301587301587,28.91566265060241
location,Carrickalinga,M2 fish,Bloom,Pempheris multiradiata,0.0873015873015873,0.6587301587301587,13.25301204819277
location,Carrickalinga,M2 fish,Bloom,Trinorfolkia clarkei,0.14285714285714285,0.6587301587301587,21.686746987951807
location,Carrickalinga,M2 fish,Bloom,Tripterygiidae spp,0,0.6587301587301587,0
location,Carrickalinga,M2 fish,Pre-bloom,Eocallionymus papilio,0.32845744680851063,6.68218085106383,4.915422885572139
location,Carrickalinga,M2 fish,Pre-bloom,Helcogramma decurrens,3.375,6.68218085106383,50.507462686567166
location,Carrickalinga,M2 fish,Pre-bloom,Hypoplectrodes nigroruber,0.05319148936170213,6.68218085106383,0.7960199004975124
location,Carrickalinga,M2 fish,Pre-bloom,Other,1.190159574468085,6.68218085106383,17.810945273631837
location,Carrickalinga,M2 fish,Pre-bloom,Pempheris multiradiata,0.523936170212766,6.68218085106383,7.840796019900497
location,Carrickalinga,M2 fish,Pre-bloom,Trinorfolkia clarkei,0.3696808510638298,6.68218085106383,5.532338308457711
location,Carrickalinga,M2 fish,Pre-bloom,Tripterygiidae spp,0.8417553191489362,6.68218085106383,12.597014925373136
location,Carrickalinga,M2 invertebrates,Bloom,Cenolia trichoptera,0.0625,8.6875,0.7194244604316546
location,Carrickalinga,M2 invertebrates,Bloom,Comanthus spp,0,8.6875,0
location,Carrickalinga,M2 invertebrates,Bloom,Fusinus australis,0.4765625,8.6875,5.485611510791367
location,Carrickalinga,M2 invertebrates,Bloom,Guinusia chabrus,0.84375,8.6875,9.712230215827338
location,Carrickalinga,M2 invertebrates,Bloom,Lunella undulata,0.3359375,8.6875,3.866906474820144
location,Carrickalinga,M2 invertebrates,Bloom,Other,1.921875,8.6875,22.12230215827338
location,Carrickalinga,M2 invertebrates,Bloom,Paguridae & Diogenidae spp,3.5859375,8.6875,41.276978417266186
location,Carrickalinga,M2 invertebrates,Bloom,Phasianella ventricosa,0.015625,8.6875,0.17985611510791366
location,Carrickalinga,M2 invertebrates,Bloom,Pleuroploca australasia,1.4453125,8.6875,16.636690647482013
location,Carrickalinga,M2 invertebrates,Pre-bloom,Cenolia trichoptera,1.7949735449735449,25.599206349206348,7.01183279078179
location,Carrickalinga,M2 invertebrates,Pre-bloom,Comanthus spp,1.0753968253968254,25.599206349206348,4.2008990854131145
location,Carrickalinga,M2 invertebrates,Pre-bloom,Fusinus australis,0.09126984126984126,25.599206349206348,0.3565338707177182
location,Carrickalinga,M2 invertebrates,Pre-bloom,Guinusia chabrus,0.17195767195767195,25.599206349206348,0.6717304810623677
location,Carrickalinga,M2 invertebrates,Pre-bloom,Lunella undulata,13.350529100529101,25.599206349206348,52.1521211181729
location,Carrickalinga,M2 invertebrates,Pre-bloom,Other,4.228835978835979,25.599206349206348,16.51940267658761
location,Carrickalinga,M2 invertebrates,Pre-bloom,Paguridae & Diogenidae spp,1.007936507936508,25.599206349206348,3.9373740505348005
location,Carrickalinga,M2 invertebrates,Pre-bloom,Phasianella ventricosa,1.7103174603174602,25.599206349206348,6.6811347077972405
location,Carrickalinga,M2 invertebrates,Pre-bloom,Pleuroploca australasia,2.167989417989418,25.599206349206348,8.468971218932467
location,Eastern Spencer Gulf,M1 fish,Bloom,Girella zebra,0.9583333333333334,9.791666666666666,9.787234042553193
location,Eastern Spencer Gulf,M1 fish,Bloom,Kyphosus sydneyanus,0.3333333333333333,9.791666666666666,3.4042553191489358
location,Eastern Spencer Gulf,M1 fish,Bloom,Neoodax balteatus,0.9166666666666666,9.791666666666666,9.361702127659575
location,Eastern Spencer Gulf,M1 fish,Bloom,Notolabrus tetricus,2.3333333333333335,9.791666666666666,23.829787234042556
location,Eastern Spencer Gulf,M1 fish,Bloom,Other,1.4583333333333333,9.791666666666666,14.893617021276595
location,Eastern Spencer Gulf,M1 fish,Bloom,Scorpis aequipinnis,1.9583333333333333,9.791666666666666,20
location,Eastern Spencer Gulf,M1 fish,Bloom,Siphonognathus beddomei,0.041666666666666664,9.791666666666666,0.42553191489361697
location,Eastern Spencer Gulf,M1 fish,Bloom,Trachinops noarlungae,1.7916666666666667,9.791666666666666,18.297872340425535
location,Eastern Spencer Gulf,M1 fish,Pre-bloom,Girella zebra,0.13636363636363635,22.545454545454547,0.6048387096774193
location,Eastern Spencer Gulf,M1 fish,Pre-bloom,Kyphosus sydneyanus,2.272727272727273,22.545454545454547,10.080645161290322
location,Eastern Spencer Gulf,M1 fish,Pre-bloom,Neoodax balteatus,0.4090909090909091,22.545454545454547,1.8145161290322582
location,Eastern Spencer Gulf,M1 fish,Pre-bloom,Notolabrus tetricus,3.272727272727273,22.545454545454547,14.516129032258066
location,Eastern Spencer Gulf,M1 fish,Pre-bloom,Other,8.045454545454545,22.545454545454547,35.68548387096774
location,Eastern Spencer Gulf,M1 fish,Pre-bloom,Scorpis aequipinnis,2.272727272727273,22.545454545454547,10.080645161290322
location,Eastern Spencer Gulf,M1 fish,Pre-bloom,Siphonognathus beddomei,2.6818181818181817,22.545454545454547,11.89516129032258
location,Eastern Spencer Gulf,M1 fish,Pre-bloom,Trachinops noarlungae,3.4545454545454546,22.545454545454547,15.322580645161288
location,Eastern Spencer Gulf,M2 fish,Bloom,Callionymidae spp,0,2.4166666666666665,0
location,Eastern Spencer Gulf,M2 fish,Bloom,Eocallionymus papilio,0.20833333333333334,2.4166666666666665,8.620689655172415
location,Eastern Spencer Gulf,M2 fish,Bloom,Gobiidae spp,0.25,2.4166666666666665,10.344827586206897
location,Eastern Spencer Gulf,M2 fish,Bloom,Heteroclinus spp,0,2.4166666666666665,0
location,Eastern Spencer Gulf,M2 fish,Bloom,Other,0.041666666666666664,2.4166666666666665,1.7241379310344827
location,Eastern Spencer Gulf,M2 fish,Bloom,Parapercis haackei,1,2.4166666666666665,41.37931034482759
location,Eastern Spencer Gulf,M2 fish,Bloom,Trinorfolkia clarkei,0.5,2.4166666666666665,20.689655172413794
location,Eastern Spencer Gulf,M2 fish,Bloom,Trinorfolkia cristata,0.4166666666666667,2.4166666666666665,17.24137931034483
location,Eastern Spencer Gulf,M2 fish,Pre-bloom,Callionymidae spp,0.13333333333333333,1.8666666666666667,7.142857142857143
location,Eastern Spencer Gulf,M2 fish,Pre-bloom,Eocallionymus papilio,0.06666666666666667,1.8666666666666667,3.5714285714285716
location,Eastern Spencer Gulf,M2 fish,Pre-bloom,Gobiidae spp,0.6666666666666666,1.8666666666666667,35.71428571428571
location,Eastern Spencer Gulf,M2 fish,Pre-bloom,Heteroclinus spp,0.13333333333333333,1.8666666666666667,7.142857142857143
location,Eastern Spencer Gulf,M2 fish,Pre-bloom,Other,0.26666666666666666,1.8666666666666667,14.285714285714286
location,Eastern Spencer Gulf,M2 fish,Pre-bloom,Parapercis haackei,0.26666666666666666,1.8666666666666667,14.285714285714286
location,Eastern Spencer Gulf,M2 fish,Pre-bloom,Trinorfolkia clarkei,0.3333333333333333,1.8666666666666667,17.857142857142854
location,Eastern Spencer Gulf,M2 fish,Pre-bloom,Trinorfolkia cristata,0,1.8666666666666667,0
location,Eastern Spencer Gulf,M2 invertebrates,Bloom,Cenolia trichoptera,0,7.666666666666667,0
location,Eastern Spencer Gulf,M2 invertebrates,Bloom,Equichlamys bifrons,0.875,7.666666666666667,11.41304347826087
location,Eastern Spencer Gulf,M2 invertebrates,Bloom,Haliotis spp,1.8333333333333333,7.666666666666667,23.913043478260867
location,Eastern Spencer Gulf,M2 invertebrates,Bloom,Heliocidaris erythrogramma,0,7.666666666666667,0
location,Eastern Spencer Gulf,M2 invertebrates,Bloom,Nectocarcinus integrifrons,0.625,7.666666666666667,8.152173913043478
location,Eastern Spencer Gulf,M2 invertebrates,Bloom,Neothyonidium dearmatum,0,7.666666666666667,0
location,Eastern Spencer Gulf,M2 invertebrates,Bloom,Other,1.4583333333333333,7.666666666666667,19.021739130434778
location,Eastern Spencer Gulf,M2 invertebrates,Bloom,Paguridae & Diogenidae spp,2.4583333333333335,7.666666666666667,32.06521739130435
location,Eastern Spencer Gulf,M2 invertebrates,Bloom,Pleuroploca australasia,0.4166666666666667,7.666666666666667,5.434782608695652
location,Eastern Spencer Gulf,M2 invertebrates,Bloom,Tosia australis,0,7.666666666666667,0
location,Eastern Spencer Gulf,M2 invertebrates,Pre-bloom,Cenolia trichoptera,19.466666666666665,51.43333333333333,37.84834737524303
location,Eastern Spencer Gulf,M2 invertebrates,Pre-bloom,Equichlamys bifrons,1.1333333333333333,51.43333333333333,2.20349967595593
location,Eastern Spencer Gulf,M2 invertebrates,Pre-bloom,Haliotis spp,4.7,51.43333333333333,9.13804277381724
location,Eastern Spencer Gulf,M2 invertebrates,Pre-bloom,Heliocidaris erythrogramma,4.033333333333333,51.43333333333333,7.841866493843162
location,Eastern Spencer Gulf,M2 invertebrates,Pre-bloom,Nectocarcinus integrifrons,0,51.43333333333333,0
location,Eastern Spencer Gulf,M2 invertebrates,Pre-bloom,Neothyonidium dearmatum,10.466666666666667,51.43333333333333,20.349967595593004
location,Eastern Spencer Gulf,M2 invertebrates,Pre-bloom,Other,9.8,51.43333333333333,19.053791315618927
location,Eastern Spencer Gulf,M2 invertebrates,Pre-bloom,Paguridae & Diogenidae spp,0.2,51.43333333333333,0.38885288399222295
location,Eastern Spencer Gulf,M2 invertebrates,Pre-bloom,Pleuroploca australasia,0.3333333333333333,51.43333333333333,0.6480881399870382
location,Eastern Spencer Gulf,M2 invertebrates,Pre-bloom,Tosia australis,1.3,51.43333333333333,2.5275437459494494
location,Encounter Bay,M1 fish,Bloom,Arripis georgianus,4.361111111111111,15.041666666666666,28.993536472760848
location,Encounter Bay,M1 fish,Bloom,Enoplosus armatus,0.1527777777777778,15.041666666666666,1.0156971375807942
location,Encounter Bay,M1 fish,Bloom,Kyphosus sydneyanus,0.6388888888888888,15.041666666666666,4.247460757156048
location,Encounter Bay,M1 fish,Bloom,Notolabrus tetricus,0.8888888888888888,15.041666666666666,5.909510618651893
location,Encounter Bay,M1 fish,Bloom,Olisthops cyanomelas,0.1527777777777778,15.041666666666666,1.0156971375807942
location,Encounter Bay,M1 fish,Bloom,Other,1.5138888888888888,15.041666666666666,10.064635272391506
location,Encounter Bay,M1 fish,Bloom,Pseudogoniistius nigripes,0.5972222222222222,15.041666666666666,3.970452446906741
location,Encounter Bay,M1 fish,Bloom,Scorpis aequipinnis,6.736111111111111,15.041666666666666,44.78301015697138
location,Encounter Bay,M1 fish,Bloom,Siphamia cephalotes,0,15.041666666666666,0
location,Encounter Bay,M1 fish,Pre-bloom,Arripis georgianus,0.7635658914728682,23.348837209302324,3.270252324037185
location,Encounter Bay,M1 fish,Pre-bloom,Enoplosus armatus,1.1007751937984496,23.348837209302324,4.714475431606906
location,Encounter Bay,M1 fish,Pre-bloom,Kyphosus sydneyanus,0.9069767441860465,23.348837209302324,3.8844621513944224
location,Encounter Bay,M1 fish,Pre-bloom,Notolabrus tetricus,3.1705426356589146,23.348837209302324,13.579017264276228
location,Encounter Bay,M1 fish,Pre-bloom,Olisthops cyanomelas,1.073643410852713,23.348837209302324,4.598273572377158
location,Encounter Bay,M1 fish,Pre-bloom,Other,8.655038759689923,23.348837209302324,37.06839309428951
location,Encounter Bay,M1 fish,Pre-bloom,Pseudogoniistius nigripes,0.7635658914728682,23.348837209302324,3.270252324037185
location,Encounter Bay,M1 fish,Pre-bloom,Scorpis aequipinnis,5.368217054263566,23.348837209302324,22.991367861885788
location,Encounter Bay,M1 fish,Pre-bloom,Siphamia cephalotes,1.5465116279069768,23.348837209302324,6.623505976095619
location,Encounter Bay,M2 fish,Bloom,Bovichtus angustifrons,0.013888888888888888,0.2777777777777778,5
location,Encounter Bay,M2 fish,Bloom,Helcogramma decurrens,0.027777777777777776,0.2777777777777778,10
location,Encounter Bay,M2 fish,Bloom,Other,0.013888888888888888,0.2777777777777778,5
location,Encounter Bay,M2 fish,Bloom,Parapriacanthus elongatus,0,0.2777777777777778,0
location,Encounter Bay,M2 fish,Bloom,Pempheris klunzingeri,0.041666666666666664,0.2777777777777778,14.999999999999996
location,Encounter Bay,M2 fish,Bloom,Pempheris multiradiata,0.1388888888888889,0.2777777777777778,50
location,Encounter Bay,M2 fish,Bloom,Trinorfolkia cristata,0.041666666666666664,0.2777777777777778,14.999999999999996
location,Encounter Bay,M2 fish,Bloom,Vincentia conspersa,0,0.2777777777777778,0
location,Encounter Bay,M2 fish,Pre-bloom,Bovichtus angustifrons,0.03546099290780142,1.9042553191489362,1.86219739292365
location,Encounter Bay,M2 fish,Pre-bloom,Helcogramma decurrens,0.12056737588652482,1.9042553191489362,6.331471135940409
location,Encounter Bay,M2 fish,Pre-bloom,Other,0.1631205673758865,1.9042553191489362,8.56610800744879
location,Encounter Bay,M2 fish,Pre-bloom,Parapriacanthus elongatus,0.04964539007092199,1.9042553191489362,2.6070763500931102
location,Encounter Bay,M2 fish,Pre-bloom,Pempheris klunzingeri,0.1595744680851064,1.9042553191489362,8.379888268156424
location,Encounter Bay,M2 fish,Pre-bloom,Pempheris multiradiata,1.25177304964539,1.9042553191489362,65.73556797020484
location,Encounter Bay,M2 fish,Pre-bloom,Trinorfolkia cristata,0.0070921985815602835,1.9042553191489362,0.37243947858473
location,Encounter Bay,M2 fish,Pre-bloom,Vincentia conspersa,0.11702127659574468,1.9042553191489362,6.145251396648045
location,Encounter Bay,M2 invertebrates,Bloom,Cenolia trichoptera,0.6388888888888888,11.23611111111111,5.686032138442521
location,Encounter Bay,M2 invertebrates,Bloom,Dicathais orbita,3.5555555555555554,11.23611111111111,31.644004944375773
location,Encounter Bay,M2 invertebrates,Bloom,Guinusia chabrus,3.1527777777777777,11.23611111111111,28.059332509270703
location,Encounter Bay,M2 invertebrates,Bloom,Heliocidaris erythrogramma,0.1527777777777778,11.23611111111111,1.3597033374536467
location,Encounter Bay,M2 invertebrates,Bloom,Herdmania grandis,0,11.23611111111111,0
location,Encounter Bay,M2 invertebrates,Bloom,Lunella torquata,0,11.23611111111111,0
location,Encounter Bay,M2 invertebrates,Bloom,Lunella undulata,0.08333333333333333,11.23611111111111,0.7416563658838071
location,Encounter Bay,M2 invertebrates,Bloom,Meridiastra gunnii,0.9722222222222222,11.23611111111111,8.652657601977749
location,Encounter Bay,M2 invertebrates,Bloom,Other,2.0972222222222223,11.23611111111111,18.665018541409147
location,Encounter Bay,M2 invertebrates,Bloom,Paguridae & Diogenidae spp,0.5833333333333334,11.23611111111111,5.19159456118665
location,Encounter Bay,M2 invertebrates,Pre-bloom,Cenolia trichoptera,12.308510638297872,56.08156028368794,21.947518178944037
location,Encounter Bay,M2 invertebrates,Pre-bloom,Dicathais orbita,1.4361702127659575,56.08156028368794,2.5608599430920016
location,Encounter Bay,M2 invertebrates,Pre-bloom,Guinusia chabrus,2.0531914893617023,56.08156028368794,3.6610812519759723
location,Encounter Bay,M2 invertebrates,Pre-bloom,Heliocidaris erythrogramma,14.904255319148936,56.08156028368794,26.576035409421436
location,Encounter Bay,M2 invertebrates,Pre-bloom,Herdmania grandis,3.351063829787234,56.08156028368794,5.97533986721467
location,Encounter Bay,M2 invertebrates,Pre-bloom,Lunella torquata,3.9326241134751774,56.08156028368794,7.012330066392665
location,Encounter Bay,M2 invertebrates,Pre-bloom,Lunella undulata,4.897163120567376,56.08156028368794,8.732216250395194
location,Encounter Bay,M2 invertebrates,Pre-bloom,Meridiastra gunnii,1.3652482269503545,56.08156028368794,2.4343977236800507
location,Encounter Bay,M2 invertebrates,Pre-bloom,Other,11.067375886524824,56.08156028368794,19.734429339234907
location,Encounter Bay,M2 invertebrates,Pre-bloom,Paguridae & Diogenidae spp,0.7659574468085106,56.08156028368794,1.3657919696490675
location,Metro,M1 fish,Bloom,Aracana ornata,0.0625,1.75,3.5714285714285716
location,Metro,M1 fish,Bloom,Austrolabrus maculatus,0,1.75,0
location,Metro,M1 fish,Bloom,Notolabrus parilus,0.25,1.75,14.285714285714286
location,Metro,M1 fish,Bloom,Other,0.0625,1.75,3.5714285714285716
location,Metro,M1 fish,Bloom,Parapriacanthus elongatus,0,1.75,0
location,Metro,M1 fish,Bloom,Parma victoriae,0.1875,1.75,10.714285714285714
location,Metro,M1 fish,Bloom,Pempheris klunzingeri,0,1.75,0
location,Metro,M1 fish,Bloom,Scorpis aequipinnis,0.25,1.75,14.285714285714286
location,Metro,M1 fish,Bloom,Siphamia cephalotes,0,1.75,0
location,Metro,M1 fish,Bloom,Thamnaconus degeni,0.9375,1.75,53.57142857142857
location,Metro,M1 fish,Bloom,Trachinops noarlungae,0,1.75,0
location,Metro,M1 fish,Pre-bloom,Aracana ornata,0.041666666666666664,206,0.020226537216828475
location,Metro,M1 fish,Pre-bloom,Austrolabrus maculatus,1.7166666666666666,206,0.8333333333333333
location,Metro,M1 fish,Pre-bloom,Notolabrus parilus,0.375,206,0.1820388349514563
location,Metro,M1 fish,Pre-bloom,Other,9.433333333333334,206,4.5792880258899675
location,Metro,M1 fish,Pre-bloom,Parapriacanthus elongatus,21.658333333333335,206,10.513754045307444
location,Metro,M1 fish,Pre-bloom,Parma victoriae,0.65,206,0.3155339805825243
location,Metro,M1 fish,Pre-bloom,Pempheris klunzingeri,2.3666666666666667,206,1.1488673139158576
location,Metro,M1 fish,Pre-bloom,Scorpis aequipinnis,0.016666666666666666,206,0.008090614886731393
location,Metro,M1 fish,Pre-bloom,Siphamia cephalotes,5.9,206,2.8640776699029127
location,Metro,M1 fish,Pre-bloom,Thamnaconus degeni,0,206,0
location,Metro,M1 fish,Pre-bloom,Trachinops noarlungae,163.84166666666667,206,79.53478964401295
location,Metro,M2 fish,Bloom,Aetapcus maculatus,0,0.25,0
location,Metro,M2 fish,Bloom,Aploactisoma milesii,0,0.25,0
location,Metro,M2 fish,Bloom,Aspasmogaster spp,0,0.25,0
location,Metro,M2 fish,Bloom,Bathygobius krefftii,0,0.25,0
location,Metro,M2 fish,Bloom,Eocallionymus papilio,0,0.25,0
location,Metro,M2 fish,Bloom,Helcogramma decurrens,0,0.25,0
location,Metro,M2 fish,Bloom,Nesogobius spp,0,0.25,0
location,Metro,M2 fish,Bloom,Other,0,0.25,0
location,Metro,M2 fish,Bloom,Parapercis haackei,0,0.25,0
location,Metro,M2 fish,Bloom,Pempheris klunzingeri,0,0.25,0
location,Metro,M2 fish,Bloom,Trinorfolkia clarkei,0.25,0.25,100
location,Metro,M2 fish,Pre-bloom,Aetapcus maculatus,0.016666666666666666,8.424999999999999,0.1978239366963403
location,Metro,M2 fish,Pre-bloom,Aploactisoma milesii,0.008333333333333333,8.424999999999999,0.09891196834817015
location,Metro,M2 fish,Pre-bloom,Aspasmogaster spp,0,8.424999999999999,0
location,Metro,M2 fish,Pre-bloom,Bathygobius krefftii,0,8.424999999999999,0
location,Metro,M2 fish,Pre-bloom,Eocallionymus papilio,0.6083333333333333,8.424999999999999,7.22057368941642
location,Metro,M2 fish,Pre-bloom,Helcogramma decurrens,2.433333333333333,8.424999999999999,28.88229475766568
location,Metro,M2 fish,Pre-bloom,Nesogobius spp,1.475,8.424999999999999,17.507418397626115
location,Metro,M2 fish,Pre-bloom,Other,0.2833333333333333,8.424999999999999,3.363006923837785
location,Metro,M2 fish,Pre-bloom,Parapercis haackei,2.908333333333333,8.424999999999999,34.52027695351138
location,Metro,M2 fish,Pre-bloom,Pempheris klunzingeri,0.55,8.424999999999999,6.52818991097923
location,Metro,M2 fish,Pre-bloom,Trinorfolkia clarkei,0.14166666666666666,8.424999999999999,1.6815034619188924
location,Metro,M2 invertebrates,Bloom,Australostichopus mollis,0,6.8125,0
location,Metro,M2 invertebrates,Bloom,Equichlamys bifrons,0.0625,6.8125,0.9174311926605505
location,Metro,M2 invertebrates,Bloom,Haliotis spp,1,6.8125,14.678899082568808
location,Metro,M2 invertebrates,Bloom,Leptomithrax gaimardii,0.5,6.8125,7.339449541284404
location,Metro,M2 invertebrates,Bloom,Meridiastra gunnii,0.5,6.8125,7.339449541284404
location,Metro,M2 invertebrates,Bloom,Nectocarcinus tuberculosus,0.1875,6.8125,2.7522935779816513
location,Metro,M2 invertebrates,Bloom,Other,0.625,6.8125,9.174311926605505
location,Metro,M2 invertebrates,Bloom,Paguridae & Diogenidae spp,3.5625,6.8125,52.293577981651374
location,Metro,M2 invertebrates,Bloom,Portunus armatus,0.375,6.8125,5.504587155963303
location,Metro,M2 invertebrates,Pre-bloom,Australostichopus mollis,2.3916666666666666,30.116666666666667,7.941339236303264
location,Metro,M2 invertebrates,Pre-bloom,Equichlamys bifrons,4.033333333333333,30.116666666666667,13.3923630326508
location,Metro,M2 invertebrates,Pre-bloom,Haliotis spp,7.508333333333334,30.116666666666667,24.930824571112343
location,Metro,M2 invertebrates,Pre-bloom,Leptomithrax gaimardii,0.025,30.116666666666667,0.08301051466519092
location,Metro,M2 invertebrates,Pre-bloom,Meridiastra gunnii,2.8916666666666666,30.116666666666667,9.601549529607084
location,Metro,M2 invertebrates,Pre-bloom,Nectocarcinus tuberculosus,2.066666666666667,30.116666666666667,6.862202545655784
location,Metro,M2 invertebrates,Pre-bloom,Other,8.525,30.116666666666667,28.306585500830106
location,Metro,M2 invertebrates,Pre-bloom,Paguridae & Diogenidae spp,1.925,30.116666666666667,6.391809629219701
location,Metro,M2 invertebrates,Pre-bloom,Portunus armatus,0.75,30.116666666666667,2.4903154399557277
location,Rapid Head,M1 fish,Bloom,Notolabrus parilus,2.647727272727273,65.22727272727273,4.059233449477352
location,Rapid Head,M1 fish,Bloom,Notolabrus tetricus,6.261363636363637,65.22727272727273,9.599303135888501
location,Rapid Head,M1 fish,Bloom,Other,11.022727272727273,65.22727272727273,16.89895470383275
location,Rapid Head,M1 fish,Bloom,Parapriacanthus elongatus,0.022727272727272728,65.22727272727273,0.03484320557491289
location,Rapid Head,M1 fish,Bloom,Pempheris klunzingeri,0.03409090909090909,65.22727272727273,0.052264808362369325
location,Rapid Head,M1 fish,Bloom,Pictilabrus laticlavius,3.7613636363636362,65.22727272727273,5.766550522648083
location,Rapid Head,M1 fish,Bloom,Scorpis aequipinnis,7.75,65.22727272727273,11.881533101045296
location,Rapid Head,M1 fish,Bloom,Siphamia cephalotes,0,65.22727272727273,0
location,Rapid Head,M1 fish,Bloom,Trachinops noarlungae,33.72727272727273,65.22727272727273,51.70731707317072
location,Rapid Head,M1 fish,Pre-bloom,Notolabrus parilus,0.7441860465116279,226.7453488372093,0.32820344511053795
location,Rapid Head,M1 fish,Pre-bloom,Notolabrus tetricus,5.397674418604651,226.7453488372093,2.38050061281737
location,Rapid Head,M1 fish,Pre-bloom,Other,31.643023255813954,226.7453488372093,13.95531304967667
location,Rapid Head,M1 fish,Pre-bloom,Parapriacanthus elongatus,31.422093023255815,226.7453488372093,13.85787765190948
location,Rapid Head,M1 fish,Pre-bloom,Pempheris klunzingeri,7.0162790697674415,226.7453488372093,3.09434310593279
location,Rapid Head,M1 fish,Pre-bloom,Pictilabrus laticlavius,1.930232558139535,226.7453488372093,0.8512776857554578
location,Rapid Head,M1 fish,Pre-bloom,Scorpis aequipinnis,2.7593023255813955,226.7453488372093,1.2169168363239165
location,Rapid Head,M1 fish,Pre-bloom,Siphamia cephalotes,8.351162790697675,226.7453488372093,3.683058035599818
location,Rapid Head,M1 fish,Pre-bloom,Trachinops noarlungae,137.4813953488372,226.7453488372093,60.632509576873964
location,Rapid Head,M2 fish,Bloom,Helcogramma decurrens,0.14772727272727273,1.7272727272727273,8.552631578947368
location,Rapid Head,M2 fish,Bloom,Other,0.22727272727272727,1.7272727272727273,13.157894736842104
location,Rapid Head,M2 fish,Bloom,Paraplesiops meleagris,0.8068181818181818,1.7272727272727273,46.710526315789465
location,Rapid Head,M2 fish,Bloom,Parapriacanthus elongatus,0,1.7272727272727273,0
location,Rapid Head,M2 fish,Bloom,Pempheris klunzingeri,0.022727272727272728,1.7272727272727273,1.3157894736842106
location,Rapid Head,M2 fish,Bloom,Pempheris multiradiata,0.011363636363636364,1.7272727272727273,0.6578947368421053
location,Rapid Head,M2 fish,Bloom,Pempheris spp,0.22727272727272727,1.7272727272727273,13.157894736842104
location,Rapid Head,M2 fish,Bloom,Trinorfolkia clarkei,0.2159090909090909,1.7272727272727273,12.5
location,Rapid Head,M2 fish,Bloom,Trinorfolkia cristata,0.06818181818181818,1.7272727272727273,3.947368421052631
location,Rapid Head,M2 fish,Pre-bloom,Helcogramma decurrens,0.8811764705882353,4.308235294117647,20.453304205352268
location,Rapid Head,M2 fish,Pre-bloom,Other,0.9117647058823529,4.308235294117647,21.163298743855815
location,Rapid Head,M2 fish,Pre-bloom,Paraplesiops meleagris,0.33647058823529413,4.308235294117647,7.80993992353905
location,Rapid Head,M2 fish,Pre-bloom,Parapriacanthus elongatus,0.4505882352941176,4.308235294117647,10.458765701802292
location,Rapid Head,M2 fish,Pre-bloom,Pempheris klunzingeri,0.8870588235294118,4.308235294117647,20.589841616602946
location,Rapid Head,M2 fish,Pre-bloom,Pempheris multiradiata,0.5305882352941177,4.308235294117647,12.315674494811578
location,Rapid Head,M2 fish,Pre-bloom,Pempheris spp,0,4.308235294117647,0
location,Rapid Head,M2 fish,Pre-bloom,Trinorfolkia clarkei,0.2211764705882353,4.308235294117647,5.133806663025669
location,Rapid Head,M2 fish,Pre-bloom,Trinorfolkia cristata,0.08941176470588236,4.308235294117647,2.075368651010377
location,Rapid Head,M2 invertebrates,Bloom,Guinusia chabrus,1.1136363636363635,11.397727272727273,9.770687936191425
location,Rapid Head,M2 invertebrates,Bloom,Haliotis spp,0.3181818181818182,11.397727272727273,2.7916251246261212
location,Rapid Head,M2 invertebrates,Bloom,Heliocidaris erythrogramma,1.0909090909090908,11.397727272727273,9.571286141575273
location,Rapid Head,M2 invertebrates,Bloom,Lunella undulata,0.4318181818181818,11.397727272727273,3.788634097706879
location,Rapid Head,M2 invertebrates,Bloom,Other,3.147727272727273,11.397727272727273,27.61714855433699
location,Rapid Head,M2 invertebrates,Bloom,Paguridae & Diogenidae spp,4.090909090909091,11.397727272727273,35.89232303090727
location,Rapid Head,M2 invertebrates,Bloom,Pentagonaster duebeni,0,11.397727272727273,0
location,Rapid Head,M2 invertebrates,Bloom,Phasianella australis,0.10227272727272728,11.397727272727273,0.897308075772682
location,Rapid Head,M2 invertebrates,Bloom,Pleuroploca australasia,1.1022727272727273,11.397727272727273,9.67098703888335
location,Rapid Head,M2 invertebrates,Pre-bloom,Guinusia chabrus,0.20823529411764705,11.441176470588236,1.8200514138817478
location,Rapid Head,M2 invertebrates,Pre-bloom,Haliotis spp,1.0494117647058823,11.441176470588236,9.172236503856041
location,Rapid Head,M2 invertebrates,Pre-bloom,Heliocidaris erythrogramma,1.0058823529411764,11.441176470588236,8.791773778920309
location,Rapid Head,M2 invertebrates,Pre-bloom,Lunella undulata,0.11529411764705882,11.441176470588236,1.0077120822622108
location,Rapid Head,M2 invertebrates,Pre-bloom,Other,4.931764705882353,11.441176470588236,43.10539845758355
location,Rapid Head,M2 invertebrates,Pre-bloom,Paguridae & Diogenidae spp,0.3870588235294118,11.441176470588236,3.3830334190231364
location,Rapid Head,M2 invertebrates,Pre-bloom,Pentagonaster duebeni,1.2352941176470589,11.441176470588236,10.796915167095115
location,Rapid Head,M2 invertebrates,Pre-bloom,Phasianella australis,1.5611764705882354,11.441176470588236,13.645244215938304
location,Rapid Head,M2 invertebrates,Pre-bloom,Pleuroploca australasia,0.9470588235294117,11.441176470588236,8.277634961439588
location,Southern Fleurieu,M1 fish,Bloom,Girella zebra,1.7321428571428572,42.69642857142857,4.056879966541197
location,Southern Fleurieu,M1 fish,Bloom,Kyphosus sydneyanus,2.1607142857142856,42.69642857142857,5.060644081974069
location,Southern Fleurieu,M1 fish,Bloom,Meuschenia hippocrepis,0.42857142857142855,42.69642857142857,1.0037641154328734
location,Southern Fleurieu,M1 fish,Bloom,Notolabrus tetricus,7.392857142857143,42.69642857142857,17.314930991217064
location,Southern Fleurieu,M1 fish,Bloom,Olisthops cyanomelas,0.017857142857142856,42.69642857142857,0.04182350480970305
location,Southern Fleurieu,M1 fish,Bloom,Other,3.5,42.69642857142857,8.197406942701798
location,Southern Fleurieu,M1 fish,Bloom,Parma victoriae,1.3928571428571428,42.69642857142857,3.262233375156838
location,Southern Fleurieu,M1 fish,Bloom,Pseudogoniistius nigripes,2.6964285714285716,42.69642857142857,6.315349226265162
location,Southern Fleurieu,M1 fish,Bloom,Scorpis aequipinnis,23.375,42.69642857142857,54.7469677959013
location,Southern Fleurieu,M1 fish,Pre-bloom,Girella zebra,1.0449438202247192,28.213483146067418,3.703703703703704
location,Southern Fleurieu,M1 fish,Pre-bloom,Kyphosus sydneyanus,0.8707865168539326,28.213483146067418,3.0864197530864192
location,Southern Fleurieu,M1 fish,Pre-bloom,Meuschenia hippocrepis,1.949438202247191,28.213483146067418,6.909597769812823
location,Southern Fleurieu,M1 fish,Pre-bloom,Notolabrus tetricus,6.623595505617978,28.213483146067418,23.47670250896057
location,Southern Fleurieu,M1 fish,Pre-bloom,Olisthops cyanomelas,1.646067415730337,28.213483146067418,5.834328952608522
location,Southern Fleurieu,M1 fish,Pre-bloom,Other,4.3033707865168545,28.213483146067418,15.252887295898049
location,Southern Fleurieu,M1 fish,Pre-bloom,Parma victoriae,1.4887640449438202,28.213483146067418,5.276782158502589
location,Southern Fleurieu,M1 fish,Pre-bloom,Pseudogoniistius nigripes,1.1348314606741574,28.213483146067418,4.022301871764237
location,Southern Fleurieu,M1 fish,Pre-bloom,Scorpis aequipinnis,9.151685393258427,28.213483146067418,32.437275985663085
location,Southern Fleurieu,M2 fish,Bloom,Aetapcus maculatus,0,0.125,0
location,Southern Fleurieu,M2 fish,Bloom,Aploactisoma milesii,0,0.125,0
location,Southern Fleurieu,M2 fish,Bloom,Helcogramma decurrens,0.017857142857142856,0.125,14.285714285714285
location,Southern Fleurieu,M2 fish,Bloom,Hypoplectrodes nigroruber,0,0.125,0
location,Southern Fleurieu,M2 fish,Bloom,Other,0,0.125,0
location,Southern Fleurieu,M2 fish,Bloom,Pempheris klunzingeri,0.08928571428571429,0.125,71.42857142857143
location,Southern Fleurieu,M2 fish,Bloom,Pempheris multiradiata,0,0.125,0
location,Southern Fleurieu,M2 fish,Bloom,Trachichthys australis,0,0.125,0
location,Southern Fleurieu,M2 fish,Bloom,Trinorfolkia clarkei,0.017857142857142856,0.125,14.285714285714285
location,Southern Fleurieu,M2 fish,Pre-bloom,Aetapcus maculatus,0,1.1593406593406594,0
location,Southern Fleurieu,M2 fish,Pre-bloom,Aploactisoma milesii,0,1.1593406593406594,0
location,Southern Fleurieu,M2 fish,Pre-bloom,Helcogramma decurrens,0.09340659340659341,1.1593406593406594,8.056872037914692
location,Southern Fleurieu,M2 fish,Pre-bloom,Hypoplectrodes nigroruber,0.06043956043956044,1.1593406593406594,5.213270142180094
location,Southern Fleurieu,M2 fish,Pre-bloom,Other,0.14285714285714288,1.1593406593406594,12.32227488151659
location,Southern Fleurieu,M2 fish,Pre-bloom,Pempheris klunzingeri,0.24725274725274726,1.1593406593406594,21.327014218009477
location,Southern Fleurieu,M2 fish,Pre-bloom,Pempheris multiradiata,0.5879120879120879,1.1593406593406594,50.71090047393365
location,Southern Fleurieu,M2 fish,Pre-bloom,Trachichthys australis,0.027472527472527472,1.1593406593406594,2.3696682464454972
location,Southern Fleurieu,M2 fish,Pre-bloom,Trinorfolkia clarkei,0,1.1593406593406594,0
location,Southern Fleurieu,M2 invertebrates,Bloom,Cenolia trichoptera,0.4107142857142857,25,1.6428571428571428
location,Southern Fleurieu,M2 invertebrates,Bloom,Dicathais orbita,10.928571428571429,25,43.714285714285715
location,Southern Fleurieu,M2 invertebrates,Bloom,Guinusia chabrus,5.964285714285714,25,23.857142857142858
location,Southern Fleurieu,M2 invertebrates,Bloom,Haliotis spp,2.0357142857142856,25,8.142857142857142
location,Southern Fleurieu,M2 invertebrates,Bloom,Heliocidaris erythrogramma,0.5535714285714286,25,2.2142857142857144
location,Southern Fleurieu,M2 invertebrates,Bloom,Lunella torquata,0.017857142857142856,25,0.07142857142857142
location,Southern Fleurieu,M2 invertebrates,Bloom,Lunella undulata,0.23214285714285715,25,0.9285714285714286
location,Southern Fleurieu,M2 invertebrates,Bloom,Other,2.5535714285714284,25,10.214285714285714
location,Southern Fleurieu,M2 invertebrates,Bloom,Paguridae & Diogenidae spp,2.3035714285714284,25,9.214285714285714
location,Southern Fleurieu,M2 invertebrates,Pre-bloom,Cenolia trichoptera,3.241758241758242,36.94505494505494,8.774538964901845
location,Southern Fleurieu,M2 invertebrates,Pre-bloom,Dicathais orbita,1.5879120879120878,36.94505494505494,4.298036882807852
location,Southern Fleurieu,M2 invertebrates,Pre-bloom,Guinusia chabrus,1.2032967032967032,36.94505494505494,3.2569898869720406
location,Southern Fleurieu,M2 invertebrates,Pre-bloom,Haliotis spp,9.719780219780219,36.94505494505494,26.30874479476502
location,Southern Fleurieu,M2 invertebrates,Pre-bloom,Heliocidaris erythrogramma,2.857142857142857,36.94505494505494,7.733491969066033
location,Southern Fleurieu,M2 invertebrates,Pre-bloom,Lunella torquata,3.923076923076923,36.94505494505494,10.618679357525282
location,Southern Fleurieu,M2 invertebrates,Pre-bloom,Lunella undulata,3.934065934065934,36.94505494505494,10.648423557406307
location,Southern Fleurieu,M2 invertebrates,Pre-bloom,Other,10.340659340659341,36.94505494505494,27.989292088042834
location,Southern Fleurieu,M2 invertebrates,Pre-bloom,Paguridae & Diogenidae spp,0.13736263736263737,36.94505494505494,0.37180249851279007
location,Southern Metro,M1 fish,Bloom,Austrolabrus maculatus,1.9659090909090908,46.11363636363636,4.263183834401183
location,Southern Metro,M1 fish,Bloom,Girella zebra,4.329545454545454,46.11363636363636,9.388861508132086
location,Southern Metro,M1 fish,Bloom,Kyphosus sydneyanus,1.4659090909090908,46.11363636363636,3.1789058649581077
location,Southern Metro,M1 fish,Bloom,Notolabrus parilus,2.909090909090909,46.11363636363636,6.3085263676688035
location,Southern Metro,M1 fish,Bloom,Other,6.329545454545454,46.11363636363636,13.725973385904386
location,Southern Metro,M1 fish,Bloom,Parapriacanthus elongatus,0,46.11363636363636,0
location,Southern Metro,M1 fish,Bloom,Pempheris klunzingeri,0.10227272727272728,46.11363636363636,0.22178413011335638
location,Southern Metro,M1 fish,Bloom,Scorpis aequipinnis,7.784090909090909,46.11363636363636,16.880236569738788
location,Southern Metro,M1 fish,Bloom,Trachinops noarlungae,21.227272727272727,46.11363636363636,46.03252833908329
location,Southern Metro,M1 fish,Pre-bloom,Austrolabrus maculatus,2.119369369369369,141.481981981982,1.4979782864783977
location,Southern Metro,M1 fish,Pre-bloom,Girella zebra,0.7995495495495496,141.481981981982,0.5651246458021586
location,Southern Metro,M1 fish,Pre-bloom,Kyphosus sydneyanus,2.315315315315315,141.481981981982,1.6364736222101943
location,Southern Metro,M1 fish,Pre-bloom,Notolabrus parilus,0.7117117117117117,141.481981981982,0.5030405297844567
location,Southern Metro,M1 fish,Pre-bloom,Other,16.283783783783782,141.481981981982,11.509439969435512
location,Southern Metro,M1 fish,Pre-bloom,Parapriacanthus elongatus,6.86936936936937,141.481981981982,4.855296252666433
location,Southern Metro,M1 fish,Pre-bloom,Pempheris klunzingeri,3.277027027027027,141.481981981982,2.316215097583495
location,Southern Metro,M1 fish,Pre-bloom,Scorpis aequipinnis,4.4324324324324325,141.481981981982,3.132860008277882
location,Southern Metro,M1 fish,Pre-bloom,Trachinops noarlungae,104.67342342342343,141.481981981982,73.98357158776147
location,Southern Metro,M2 fish,Bloom,Eocallionymus papilio,0.125,0.8522727272727273,14.666666666666666
location,Southern Metro,M2 fish,Bloom,Helcogramma decurrens,0.36363636363636365,0.8522727272727273,42.66666666666667
location,Southern Metro,M2 fish,Bloom,Other,0.125,0.8522727272727273,14.666666666666666
location,Southern Metro,M2 fish,Bloom,Parablennius tasmanianus,0.045454545454545456,0.8522727272727273,5.333333333333334
location,Southern Metro,M2 fish,Bloom,Parapercis haackei,0.011363636363636364,0.8522727272727273,1.3333333333333335
location,Southern Metro,M2 fish,Bloom,Parapriacanthus elongatus,0,0.8522727272727273,0
location,Southern Metro,M2 fish,Bloom,Pempheris klunzingeri,0.011363636363636364,0.8522727272727273,1.3333333333333335
location,Southern Metro,M2 fish,Bloom,Pempheris multiradiata,0,0.8522727272727273,0
location,Southern Metro,M2 fish,Bloom,Trinorfolkia clarkei,0.125,0.8522727272727273,14.666666666666666
location,Southern Metro,M2 fish,Bloom,Trinorfolkia cristata,0.045454545454545456,0.8522727272727273,5.333333333333334
location,Southern Metro,M2 fish,Pre-bloom,Eocallionymus papilio,0.24545454545454545,8.797727272727272,2.7899767501937487
location,Southern Metro,M2 fish,Pre-bloom,Helcogramma decurrens,4.9363636363636365,8.797727272727272,56.10953242056316
location,Southern Metro,M2 fish,Pre-bloom,Other,0.6772727272727272,8.797727272727272,7.698269181090158
location,Southern Metro,M2 fish,Pre-bloom,Parablennius tasmanianus,0.0022727272727272726,8.797727272727272,0.025833118057349523
location,Southern Metro,M2 fish,Pre-bloom,Parapercis haackei,0.5659090909090909,8.797727272727272,6.432446396280032
location,Southern Metro,M2 fish,Pre-bloom,Parapriacanthus elongatus,0.6522727272727272,8.797727272727272,7.414104882459313
location,Southern Metro,M2 fish,Pre-bloom,Pempheris klunzingeri,1.2431818181818182,8.797727272727272,14.13071557737019
location,Southern Metro,M2 fish,Pre-bloom,Pempheris multiradiata,0.2863636363636364,8.797727272727272,3.25497287522604
location,Southern Metro,M2 fish,Pre-bloom,Trinorfolkia clarkei,0.13636363636363635,8.797727272727272,1.5499870834409712
location,Southern Metro,M2 fish,Pre-bloom,Trinorfolkia cristata,0.05227272727272727,8.797727272727272,0.5941617153190389
location,Southern Metro,M2 invertebrates,Bloom,Fusinus australis,0.4772727272727273,6.659090909090909,7.167235494880546
location,Southern Metro,M2 invertebrates,Bloom,Guinusia chabrus,0.25,6.659090909090909,3.7542662116040955
location,Southern Metro,M2 invertebrates,Bloom,Haliotis spp,0.2159090909090909,6.659090909090909,3.242320819112628
location,Southern Metro,M2 invertebrates,Bloom,Heliocidaris erythrogramma,0.3181818181818182,6.659090909090909,4.778156996587031
location,Southern Metro,M2 invertebrates,Bloom,Lunella undulata,0.056818181818181816,6.659090909090909,0.8532423208191126
location,Southern Metro,M2 invertebrates,Bloom,Other,1.2727272727272727,6.659090909090909,19.112627986348123
location,Southern Metro,M2 invertebrates,Bloom,Paguridae & Diogenidae spp,3.2045454545454546,6.659090909090909,48.12286689419795
location,Southern Metro,M2 invertebrates,Bloom,Pleuroploca australasia,0.8636363636363636,6.659090909090909,12.969283276450511
location,Southern Metro,M2 invertebrates,Pre-bloom,Fusinus australis,0.0990990990990991,86.61036036036036,0.11441945130672214
location,Southern Metro,M2 invertebrates,Pre-bloom,Guinusia chabrus,0.7792792792792793,86.61036036036036,0.8997529580028605
location,Southern Metro,M2 invertebrates,Pre-bloom,Haliotis spp,3.8018018018018016,86.61036036036036,4.389546222857886
location,Southern Metro,M2 invertebrates,Pre-bloom,Heliocidaris erythrogramma,19.6509009009009,86.61036036036036,22.68885710570797
location,Southern Metro,M2 invertebrates,Pre-bloom,Lunella undulata,44.48198198198198,86.61036036036036,51.358730984267325
location,Southern Metro,M2 invertebrates,Pre-bloom,Other,13.862612612612612,86.61036036036036,16.005720972565335
location,Southern Metro,M2 invertebrates,Pre-bloom,Paguridae & Diogenidae spp,1.90990990990991,86.61036036036036,2.205174879729554
location,Southern Metro,M2 invertebrates,Pre-bloom,Pleuroploca australasia,2.024774774774775,86.61036036036036,2.337797425562346
location,Southern Yorke,M1 fish,Bloom,Kyphosus sydneyanus,4.75,40.60714285714286,11.69744942832014
location,Southern Yorke,M1 fish,Bloom,Meuschenia hippocrepis,2.0357142857142856,40.60714285714286,5.013192612137202
location,Southern Yorke,M1 fish,Bloom,Notolabrus tetricus,1,40.60714285714286,2.462620932277924
location,Southern Yorke,M1 fish,Bloom,Other,11.035714285714286,40.60714285714286,27.17678100263852
location,Southern Yorke,M1 fish,Bloom,Parapriacanthus elongatus,0,40.60714285714286,0
location,Southern Yorke,M1 fish,Bloom,Pseudogoniistius nigripes,1.7142857142857142,40.60714285714286,4.221635883905012
location,Southern Yorke,M1 fish,Bloom,Scorpis aequipinnis,8.285714285714286,40.60714285714286,20.40457343887423
location,Southern Yorke,M1 fish,Bloom,Trachinops noarlungae,11.785714285714286,40.60714285714286,29.023746701846964
location,Southern Yorke,M1 fish,Pre-bloom,Kyphosus sydneyanus,3.2083333333333335,63.041666666666664,5.089226701916722
location,Southern Yorke,M1 fish,Pre-bloom,Meuschenia hippocrepis,4.666666666666667,63.041666666666664,7.402511566424323
location,Southern Yorke,M1 fish,Pre-bloom,Notolabrus tetricus,7.708333333333333,63.041666666666664,12.22736285525446
location,Southern Yorke,M1 fish,Pre-bloom,Other,16.833333333333332,63.041666666666664,26.701916721744876
location,Southern Yorke,M1 fish,Pre-bloom,Parapriacanthus elongatus,14.166666666666666,63.041666666666664,22.47191011235955
location,Southern Yorke,M1 fish,Pre-bloom,Pseudogoniistius nigripes,1.125,63.041666666666664,1.784534038334435
location,Southern Yorke,M1 fish,Pre-bloom,Scorpis aequipinnis,7.5,63.041666666666664,11.896893588896233
location,Southern Yorke,M1 fish,Pre-bloom,Trachinops noarlungae,7.833333333333333,63.041666666666664,12.425644415069398
location,Southern Yorke,M2 fish,Bloom,Aetapcus maculatus,0,4.7,0
location,Southern Yorke,M2 fish,Bloom,Gobiidae spp,0.03333333333333333,4.7,0.7092198581560284
location,Southern Yorke,M2 fish,Bloom,Helcogramma decurrens,2.6666666666666665,4.7,56.73758865248226
location,Southern Yorke,M2 fish,Bloom,Other,0.16666666666666666,4.7,3.546099290780141
location,Southern Yorke,M2 fish,Bloom,Pempheris klunzingeri,0.23333333333333334,4.7,4.964539007092198
location,Southern Yorke,M2 fish,Bloom,Pempheris multiradiata,0.3333333333333333,4.7,7.092198581560282
location,Southern Yorke,M2 fish,Bloom,Trinorfolkia clarkei,0.9,4.7,19.148936170212764
location,Southern Yorke,M2 fish,Bloom,Trinorfolkia cristata,0.36666666666666664,4.7,7.801418439716311
location,Southern Yorke,M2 fish,Bloom,Tripterygiidae spp,0,4.7,0
location,Southern Yorke,M2 fish,Pre-bloom,Aetapcus maculatus,0.05263157894736842,1.526315789473684,3.4482758620689653
location,Southern Yorke,M2 fish,Pre-bloom,Gobiidae spp,0.47368421052631576,1.526315789473684,31.03448275862069
location,Southern Yorke,M2 fish,Pre-bloom,Helcogramma decurrens,0,1.526315789473684,0
location,Southern Yorke,M2 fish,Pre-bloom,Other,0.15789473684210525,1.526315789473684,10.344827586206897
location,Southern Yorke,M2 fish,Pre-bloom,Pempheris klunzingeri,0.05263157894736842,1.526315789473684,3.4482758620689653
location,Southern Yorke,M2 fish,Pre-bloom,Pempheris multiradiata,0.21052631578947367,1.526315789473684,13.793103448275861
location,Southern Yorke,M2 fish,Pre-bloom,Trinorfolkia clarkei,0.3157894736842105,1.526315789473684,20.689655172413794
location,Southern Yorke,M2 fish,Pre-bloom,Trinorfolkia cristata,0,1.526315789473684,0
location,Southern Yorke,M2 fish,Pre-bloom,Tripterygiidae spp,0.2631578947368421,1.526315789473684,17.24137931034483
location,Southern Yorke,M2 invertebrates,Bloom,Australostichopus mollis,0.43333333333333335,22.566666666666666,1.9202363367799116
location,Southern Yorke,M2 invertebrates,Bloom,Cenolia trichoptera,1.5333333333333334,22.566666666666666,6.794682422451994
location,Southern Yorke,M2 invertebrates,Bloom,Dicathais orbita,3.2333333333333334,22.566666666666666,14.32791728212703
location,Southern Yorke,M2 invertebrates,Bloom,Guinusia chabrus,2.4,22.566666666666666,10.635155096011816
location,Southern Yorke,M2 invertebrates,Bloom,Heliocidaris erythrogramma,1.6,22.566666666666666,7.0901033973412115
location,Southern Yorke,M2 invertebrates,Bloom,Meridiastra gunnii,5.8,22.566666666666666,25.701624815361892
location,Southern Yorke,M2 invertebrates,Bloom,Other,6.6,22.566666666666666,29.246676514032497
location,Southern Yorke,M2 invertebrates,Bloom,Tosia australis,0.9666666666666667,22.566666666666666,4.283604135893649
location,Southern Yorke,M2 invertebrates,Pre-bloom,Australostichopus mollis,2.15,56.800000000000004,3.7852112676056335
location,Southern Yorke,M2 invertebrates,Pre-bloom,Cenolia trichoptera,17.05,56.800000000000004,30.017605633802816
location,Southern Yorke,M2 invertebrates,Pre-bloom,Dicathais orbita,0.6,56.800000000000004,1.056338028169014
location,Southern Yorke,M2 invertebrates,Pre-bloom,Guinusia chabrus,0.55,56.800000000000004,0.9683098591549296
location,Southern Yorke,M2 invertebrates,Pre-bloom,Heliocidaris erythrogramma,13.1,56.800000000000004,23.06338028169014
location,Southern Yorke,M2 invertebrates,Pre-bloom,Meridiastra gunnii,3.15,56.800000000000004,5.545774647887323
location,Southern Yorke,M2 invertebrates,Pre-bloom,Other,14.3,56.800000000000004,25.176056338028168
location,Southern Yorke,M2 invertebrates,Pre-bloom,Tosia australis,5.9,56.800000000000004,10.38732394366197
location,Sponge Gardens,M1 fish,Bloom,Kyphosus sydneyanus,3.575,67.9,5.265095729013255
location,Sponge Gardens,M1 fish,Bloom,Notolabrus tetricus,20.55,67.9,30.265095729013254
location,Sponge Gardens,M1 fish,Bloom,Other,12.075,67.9,17.783505154639172
location,Sponge Gardens,M1 fish,Bloom,Parapriacanthus elongatus,0,67.9,0
location,Sponge Gardens,M1 fish,Bloom,Pempheris multiradiata,1.525,67.9,2.2459499263622975
location,Sponge Gardens,M1 fish,Bloom,Pictilabrus laticlavius,4.375,67.9,6.443298969072164
location,Sponge Gardens,M1 fish,Bloom,Scorpis aequipinnis,22,67.9,32.40058910162003
location,Sponge Gardens,M1 fish,Bloom,Siphonognathus beddomei,0.675,67.9,0.9941089837997054
location,Sponge Gardens,M1 fish,Bloom,Trachinops noarlungae,3.125,67.9,4.6023564064801175
location,Sponge Gardens,M1 fish,Pre-bloom,Kyphosus sydneyanus,2.26171875,95.34765625,2.3720758736531606
location,Sponge Gardens,M1 fish,Pre-bloom,Notolabrus tetricus,13.51953125,95.34765625,14.179196198123643
location,Sponge Gardens,M1 fish,Pre-bloom,Other,30.8359375,95.34765625,32.34053013232824
location,Sponge Gardens,M1 fish,Pre-bloom,Parapriacanthus elongatus,14.39453125,95.34765625,15.096890491212259
location,Sponge Gardens,M1 fish,Pre-bloom,Pempheris multiradiata,5.59765625,95.34765625,5.8707853660535045
location,Sponge Gardens,M1 fish,Pre-bloom,Pictilabrus laticlavius,1.37890625,95.34765625,1.4461878815191118
location,Sponge Gardens,M1 fish,Pre-bloom,Scorpis aequipinnis,11.71484375,95.34765625,12.286451718628374
location,Sponge Gardens,M1 fish,Pre-bloom,Siphonognathus beddomei,12.1953125,95.34765625,12.79036420992257
location,Sponge Gardens,M1 fish,Pre-bloom,Trachinops noarlungae,3.44921875,95.34765625,3.617518128559138
location,Sponge Gardens,M2 fish,Bloom,Bovichtus angustifrons,0.125,4.575,2.73224043715847
location,Sponge Gardens,M2 fish,Bloom,Helcogramma decurrens,0.1,4.575,2.1857923497267757
location,Sponge Gardens,M2 fish,Bloom,Other,0.3,4.575,6.557377049180328
location,Sponge Gardens,M2 fish,Bloom,Othos dentex,0.05,4.575,1.0928961748633879
location,Sponge Gardens,M2 fish,Bloom,Paraplesiops meleagris,0.525,4.575,11.475409836065573
location,Sponge Gardens,M2 fish,Bloom,Parapriacanthus elongatus,0,4.575,0
location,Sponge Gardens,M2 fish,Bloom,Pempheris multiradiata,3.325,4.575,72.6775956284153
location,Sponge Gardens,M2 fish,Bloom,Pempheris ornata,0,4.575,0
location,Sponge Gardens,M2 fish,Bloom,Trinorfolkia cristata,0.15,4.575,3.278688524590164
location,Sponge Gardens,M2 fish,Pre-bloom,Bovichtus angustifrons,0,9.62890625,0
location,Sponge Gardens,M2 fish,Pre-bloom,Helcogramma decurrens,0.0703125,9.62890625,0.7302231237322515
location,Sponge Gardens,M2 fish,Pre-bloom,Other,0.4609375,9.62890625,4.787018255578094
location,Sponge Gardens,M2 fish,Pre-bloom,Othos dentex,0.12890625,9.62890625,1.3387423935091278
location,Sponge Gardens,M2 fish,Pre-bloom,Paraplesiops meleagris,0.9609375,9.62890625,9.979716024340771
location,Sponge Gardens,M2 fish,Pre-bloom,Parapriacanthus elongatus,0.359375,9.62890625,3.7322515212981746
location,Sponge Gardens,M2 fish,Pre-bloom,Pempheris multiradiata,7.4765625,9.62890625,77.6470588235294
location,Sponge Gardens,M2 fish,Pre-bloom,Pempheris ornata,0.15625,9.62890625,1.6227180527383367
location,Sponge Gardens,M2 fish,Pre-bloom,Trinorfolkia cristata,0.015625,9.62890625,0.16227180527383367
location,Sponge Gardens,M2 invertebrates,Bloom,Cenolia trichoptera,0.975,10.95,8.904109589041097
location,Sponge Gardens,M2 invertebrates,Bloom,Dicathais orbita,0.7,10.95,6.392694063926941
location,Sponge Gardens,M2 invertebrates,Bloom,Guinusia chabrus,2.625,10.95,23.972602739726028
location,Sponge Gardens,M2 invertebrates,Bloom,Heliocidaris erythrogramma,0.475,10.95,4.337899543378995
location,Sponge Gardens,M2 invertebrates,Bloom,Lunella torquata,0,10.95,0
location,Sponge Gardens,M2 invertebrates,Bloom,Other,2.775,10.95,25.34246575342466
location,Sponge Gardens,M2 invertebrates,Bloom,Paguridae & Diogenidae spp,2.45,10.95,22.374429223744297
location,Sponge Gardens,M2 invertebrates,Bloom,Petricia vernicina,0.325,10.95,2.9680365296803655
location,Sponge Gardens,M2 invertebrates,Bloom,Pleuroploca australasia,0.625,10.95,5.707762557077626
location,Sponge Gardens,M2 invertebrates,Pre-bloom,Cenolia trichoptera,10.93359375,19.03125,57.45073891625616
location,Sponge Gardens,M2 invertebrates,Pre-bloom,Dicathais orbita,0.046875,19.03125,0.24630541871921183
location,Sponge Gardens,M2 invertebrates,Pre-bloom,Guinusia chabrus,0.59765625,19.03125,3.1403940886699506
location,Sponge Gardens,M2 invertebrates,Pre-bloom,Heliocidaris erythrogramma,1.77734375,19.03125,9.339080459770114
location,Sponge Gardens,M2 invertebrates,Pre-bloom,Lunella torquata,0.734375,19.03125,3.858784893267652
location,Sponge Gardens,M2 invertebrates,Pre-bloom,Other,3.2421875,19.03125,17.036124794745483
location,Sponge Gardens,M2 invertebrates,Pre-bloom,Paguridae & Diogenidae spp,0.2109375,19.03125,1.1083743842364533
location,Sponge Gardens,M2 invertebrates,Pre-bloom,Petricia vernicina,0.9375,19.03125,4.926108374384237
location,Sponge Gardens,M2 invertebrates,Pre-bloom,Pleuroploca australasia,0.55078125,19.03125,2.894088669950739
location,Upper GSV,M1 fish,Bloom,Acanthopagrus butcheri,0.55,5.6000000000000005,9.821428571428571
location,Upper GSV,M1 fish,Bloom,Arripis truttaceus,3,5.6000000000000005,53.57142857142857
location,Upper GSV,M1 fish,Bloom,Girella zebra,0.4,5.6000000000000005,7.142857142857142
location,Upper GSV,M1 fish,Bloom,Kyphosus sydneyanus,0.4,5.6000000000000005,7.142857142857142
location,Upper GSV,M1 fish,Bloom,Neoodax balteatus,0.225,5.6000000000000005,4.017857142857142
location,Upper GSV,M1 fish,Bloom,Other,0.775,5.6000000000000005,13.839285714285714
location,Upper GSV,M1 fish,Bloom,Parapriacanthus elongatus,0,5.6000000000000005,0
location,Upper GSV,M1 fish,Bloom,Pempheris klunzingeri,0.25,5.6000000000000005,4.4642857142857135
location,Upper GSV,M1 fish,Bloom,Siphamia cephalotes,0,5.6000000000000005,0
location,Upper GSV,M1 fish,Bloom,Trachinops noarlungae,0,5.6000000000000005,0
location,Upper GSV,M1 fish,Pre-bloom,Acanthopagrus butcheri,0,38.00694444444444,0
location,Upper GSV,M1 fish,Pre-bloom,Arripis truttaceus,0,38.00694444444444,0
location,Upper GSV,M1 fish,Pre-bloom,Girella zebra,0.20833333333333334,38.00694444444444,0.5481454412570803
location,Upper GSV,M1 fish,Pre-bloom,Kyphosus sydneyanus,0,38.00694444444444,0
location,Upper GSV,M1 fish,Pre-bloom,Neoodax balteatus,3.736111111111111,38.00694444444444,9.830074913210307
location,Upper GSV,M1 fish,Pre-bloom,Other,4.826388888888889,38.00694444444444,12.698702722455693
location,Upper GSV,M1 fish,Pre-bloom,Parapriacanthus elongatus,8.45138888888889,38.00694444444444,22.236433400328888
location,Upper GSV,M1 fish,Pre-bloom,Pempheris klunzingeri,1.3958333333333333,38.00694444444444,3.672574456422437
location,Upper GSV,M1 fish,Pre-bloom,Siphamia cephalotes,15.666666666666666,38.00694444444444,41.22053718253243
location,Upper GSV,M1 fish,Pre-bloom,Trachinops noarlungae,3.7222222222222223,38.00694444444444,9.793531883793166
location,Upper GSV,M2 fish,Bloom,Eocallionymus papilio,0.025,0.775,3.225806451612903
location,Upper GSV,M2 fish,Bloom,Gobiidae spp,0.2,0.775,25.806451612903224
location,Upper GSV,M2 fish,Bloom,Helcogramma decurrens,0,0.775,0
location,Upper GSV,M2 fish,Bloom,Nesogobius spp,0,0.775,0
location,Upper GSV,M2 fish,Bloom,Other,0.025,0.775,3.225806451612903
location,Upper GSV,M2 fish,Bloom,Parapercis haackei,0.3,0.775,38.70967741935484
location,Upper GSV,M2 fish,Bloom,Pempheris klunzingeri,0.1,0.775,12.903225806451612
location,Upper GSV,M2 fish,Bloom,Trinorfolkia clarkei,0.075,0.775,9.67741935483871
location,Upper GSV,M2 fish,Bloom,Trinorfolkia cristata,0.05,0.775,6.451612903225806
location,Upper GSV,M2 fish,Pre-bloom,Eocallionymus papilio,0.3819444444444444,5.354166666666667,7.133592736705577
location,Upper GSV,M2 fish,Pre-bloom,Gobiidae spp,0.20833333333333334,5.354166666666667,3.891050583657588
location,Upper GSV,M2 fish,Pre-bloom,Helcogramma decurrens,0.2777777777777778,5.354166666666667,5.188067444876784
location,Upper GSV,M2 fish,Pre-bloom,Nesogobius spp,1.1041666666666667,5.354166666666667,20.622568093385215
location,Upper GSV,M2 fish,Pre-bloom,Other,0.4097222222222222,5.354166666666667,7.652399481193255
location,Upper GSV,M2 fish,Pre-bloom,Parapercis haackei,2.8541666666666665,5.354166666666667,53.30739299610894
location,Upper GSV,M2 fish,Pre-bloom,Pempheris klunzingeri,0,5.354166666666667,0
location,Upper GSV,M2 fish,Pre-bloom,Trinorfolkia clarkei,0.027777777777777776,5.354166666666667,0.5188067444876783
location,Upper GSV,M2 fish,Pre-bloom,Trinorfolkia cristata,0.09027777777777778,5.354166666666667,1.6861219195849544
location,Upper GSV,M2 invertebrates,Bloom,Australostichopus mollis,0,3.9,0
location,Upper GSV,M2 invertebrates,Bloom,Dicathais orbita,0.075,3.9,1.9230769230769231
location,Upper GSV,M2 invertebrates,Bloom,Equichlamys bifrons,0.2,3.9,5.128205128205129
location,Upper GSV,M2 invertebrates,Bloom,Haliotis spp,1.4,3.9,35.8974358974359
location,Upper GSV,M2 invertebrates,Bloom,Other,0.4,3.9,10.256410256410257
location,Upper GSV,M2 invertebrates,Bloom,Paguridae & Diogenidae spp,1.05,3.9,26.923076923076923
location,Upper GSV,M2 invertebrates,Bloom,Portunus armatus,0.775,3.9,19.871794871794872
location,Upper GSV,M2 invertebrates,Pre-bloom,Australostichopus mollis,1.5694444444444444,11.152777777777777,14.07222914072229
location,Upper GSV,M2 invertebrates,Pre-bloom,Dicathais orbita,0.3819444444444444,11.152777777777777,3.4246575342465757
location,Upper GSV,M2 invertebrates,Pre-bloom,Equichlamys bifrons,1.8472222222222223,11.152777777777777,16.562889165628892
location,Upper GSV,M2 invertebrates,Pre-bloom,Haliotis spp,1.0902777777777777,11.152777777777777,9.775840597758407
location,Upper GSV,M2 invertebrates,Pre-bloom,Other,4.111111111111111,11.152777777777777,36.86176836861768
location,Upper GSV,M2 invertebrates,Pre-bloom,Paguridae & Diogenidae spp,0.5763888888888888,11.152777777777777,5.168119551681196
location,Upper GSV,M2 invertebrates,Pre-bloom,Portunus armatus,1.5763888888888888,11.152777777777777,14.134495641344957
region,Adelaide Metro,M1 fish,Bloom,Austrolabrus maculatus,1.6634615384615385,39.28846153846154,4.233969652471855
region,Adelaide Metro,M1 fish,Bloom,Girella zebra,3.6634615384615383,39.28846153846154,9.324522760646108
region,Adelaide Metro,M1 fish,Bloom,Notolabrus parilus,2.5,39.28846153846154,6.363191385217816
region,Adelaide Metro,M1 fish,Bloom,Other,6.788461538461538,39.28846153846154,17.27851199216838
region,Adelaide Metro,M1 fish,Bloom,Parapriacanthus elongatus,0,39.28846153846154,0
region,Adelaide Metro,M1 fish,Bloom,Pempheris klunzingeri,0.08653846153846154,39.28846153846154,0.2202643171806167
region,Adelaide Metro,M1 fish,Bloom,Scorpis aequipinnis,6.625,39.28846153846154,16.862457170827213
region,Adelaide Metro,M1 fish,Bloom,Trachinops noarlungae,17.96153846153846,39.28846153846154,45.717082721488
region,Adelaide Metro,M1 fish,Pre-bloom,Austrolabrus maculatus,2.0336879432624113,155.20921985815602,1.3102881034522151
region,Adelaide Metro,M1 fish,Pre-bloom,Girella zebra,0.6453900709219859,155.20921985815602,0.4158194155680962
region,Adelaide Metro,M1 fish,Pre-bloom,Notolabrus parilus,0.6400709219858156,155.20921985815602,0.4123923324727547
region,Adelaide Metro,M1 fish,Pre-bloom,Other,18.0354609929078,155.20921985815602,11.620096415271084
region,Adelaide Metro,M1 fish,Pre-bloom,Parapriacanthus elongatus,10.01595744680851,155.20921985815602,6.453197468527954
region,Adelaide Metro,M1 fish,Pre-bloom,Pempheris klunzingeri,3.0833333333333335,155.20921985815602,1.986565834266262
region,Adelaide Metro,M1 fish,Pre-bloom,Scorpis aequipinnis,3.49290780141844,155.20921985815602,2.2504512326075536
region,Adelaide Metro,M1 fish,Pre-bloom,Trachinops noarlungae,117.26241134751773,155.20921985815602,75.55118919783408
region,Adelaide Metro,M2 fish,Bloom,Eocallionymus papilio,0.10576923076923077,0.7596153846153846,13.924050632911392
region,Adelaide Metro,M2 fish,Bloom,Helcogramma decurrens,0.3076923076923077,0.7596153846153846,40.50632911392405
region,Adelaide Metro,M2 fish,Bloom,Nesogobius spp,0,0.7596153846153846,0
region,Adelaide Metro,M2 fish,Bloom,Other,0.10576923076923078,0.7596153846153846,13.924050632911396
region,Adelaide Metro,M2 fish,Bloom,Parablennius tasmanianus,0.038461538461538464,0.7596153846153846,5.063291139240507
region,Adelaide Metro,M2 fish,Bloom,Parapercis haackei,0.009615384615384616,0.7596153846153846,1.2658227848101267
region,Adelaide Metro,M2 fish,Bloom,Parapriacanthus elongatus,0,0.7596153846153846,0
region,Adelaide Metro,M2 fish,Bloom,Pempheris klunzingeri,0.009615384615384616,0.7596153846153846,1.2658227848101267
region,Adelaide Metro,M2 fish,Bloom,Trinorfolkia clarkei,0.14423076923076922,0.7596153846153846,18.987341772151897
region,Adelaide Metro,M2 fish,Bloom,Trinorfolkia cristata,0.038461538461538464,0.7596153846153846,5.063291139240507
region,Adelaide Metro,M2 fish,Pre-bloom,Eocallionymus papilio,0.32321428571428573,8.717857142857143,3.7074969274887346
region,Adelaide Metro,M2 fish,Pre-bloom,Helcogramma decurrens,4.4,8.717857142857143,50.471118394100785
region,Adelaide Metro,M2 fish,Pre-bloom,Nesogobius spp,0.475,8.717857142857143,5.448586644817698
region,Adelaide Metro,M2 fish,Pre-bloom,Other,0.6571428571428571,8.717857142857143,7.537894305612452
region,Adelaide Metro,M2 fish,Pre-bloom,Parablennius tasmanianus,0.0017857142857142857,8.717857142857143,0.020483408439164276
region,Adelaide Metro,M2 fish,Pre-bloom,Parapercis haackei,1.0678571428571428,8.717857142857143,12.249078246620236
region,Adelaide Metro,M2 fish,Pre-bloom,Parapriacanthus elongatus,0.5142857142857142,8.717857142857143,5.89922163047931
region,Adelaide Metro,M2 fish,Pre-bloom,Pempheris klunzingeri,1.0946428571428573,8.717857142857143,12.556329373207701
region,Adelaide Metro,M2 fish,Pre-bloom,Trinorfolkia clarkei,0.1375,8.717857142857143,1.5772224498156495
region,Adelaide Metro,M2 fish,Pre-bloom,Trinorfolkia cristata,0.04642857142857143,8.717857142857143,0.5325686194182712
region,Adelaide Metro,M2 invertebrates,Bloom,Fusinus australis,0.4326923076923077,6.6826923076923075,6.474820143884893
region,Adelaide Metro,M2 invertebrates,Bloom,Haliotis spp,0.33653846153846156,6.6826923076923075,5.0359712230215825
region,Adelaide Metro,M2 invertebrates,Bloom,Heliocidaris erythrogramma,0.2692307692307692,6.6826923076923075,4.028776978417266
region,Adelaide Metro,M2 invertebrates,Bloom,Lunella undulata,0.04807692307692308,6.6826923076923075,0.7194244604316548
region,Adelaide Metro,M2 invertebrates,Bloom,Other,1.5865384615384617,6.6826923076923075,23.741007194244606
region,Adelaide Metro,M2 invertebrates,Bloom,Paguridae & Diogenidae spp,3.2596153846153846,6.6826923076923075,48.776978417266186
region,Adelaide Metro,M2 invertebrates,Bloom,Pleuroploca australasia,0.75,6.6826923076923075,11.223021582733812
region,Adelaide Metro,M2 invertebrates,Pre-bloom,Fusinus australis,0.11347517730496454,74.59042553191489,0.15213102284342392
region,Adelaide Metro,M2 invertebrates,Pre-bloom,Haliotis spp,4.590425531914893,74.59042553191489,6.154175283462882
region,Adelaide Metro,M2 invertebrates,Pre-bloom,Heliocidaris erythrogramma,15.49468085106383,74.59042553191489,20.77301575982315
region,Adelaide Metro,M2 invertebrates,Pre-bloom,Lunella undulata,35.138297872340424,74.59042553191489,47.10832204235898
region,Adelaide Metro,M2 invertebrates,Pre-bloom,Other,15.675531914893616,74.59042553191489,21.015474577479853
region,Adelaide Metro,M2 invertebrates,Pre-bloom,Paguridae & Diogenidae spp,1.9131205673758864,74.59042553191489,2.56483396325085
region,Adelaide Metro,M2 invertebrates,Pre-bloom,Pleuroploca australasia,1.6648936170212767,74.59042553191489,2.2320473507808605
region,Eastern Spencer Gulf,M1 fish,Bloom,Girella zebra,0.9583333333333334,9.791666666666666,9.787234042553193
region,Eastern Spencer Gulf,M1 fish,Bloom,Kyphosus sydneyanus,0.3333333333333333,9.791666666666666,3.4042553191489358
region,Eastern Spencer Gulf,M1 fish,Bloom,Neoodax balteatus,0.9166666666666666,9.791666666666666,9.361702127659575
region,Eastern Spencer Gulf,M1 fish,Bloom,Notolabrus tetricus,2.3333333333333335,9.791666666666666,23.829787234042556
region,Eastern Spencer Gulf,M1 fish,Bloom,Other,1.4583333333333333,9.791666666666666,14.893617021276595
region,Eastern Spencer Gulf,M1 fish,Bloom,Scorpis aequipinnis,1.9583333333333333,9.791666666666666,20
region,Eastern Spencer Gulf,M1 fish,Bloom,Siphonognathus beddomei,0.041666666666666664,9.791666666666666,0.42553191489361697
region,Eastern Spencer Gulf,M1 fish,Bloom,Trachinops noarlungae,1.7916666666666667,9.791666666666666,18.297872340425535
region,Eastern Spencer Gulf,M1 fish,Pre-bloom,Girella zebra,0.13636363636363635,22.545454545454547,0.6048387096774193
region,Eastern Spencer Gulf,M1 fish,Pre-bloom,Kyphosus sydneyanus,2.272727272727273,22.545454545454547,10.080645161290322
region,Eastern Spencer Gulf,M1 fish,Pre-bloom,Neoodax balteatus,0.4090909090909091,22.545454545454547,1.8145161290322582
region,Eastern Spencer Gulf,M1 fish,Pre-bloom,Notolabrus tetricus,3.272727272727273,22.545454545454547,14.516129032258066
region,Eastern Spencer Gulf,M1 fish,Pre-bloom,Other,8.045454545454545,22.545454545454547,35.68548387096774
region,Eastern Spencer Gulf,M1 fish,Pre-bloom,Scorpis aequipinnis,2.272727272727273,22.545454545454547,10.080645161290322
region,Eastern Spencer Gulf,M1 fish,Pre-bloom,Siphonognathus beddomei,2.6818181818181817,22.545454545454547,11.89516129032258
region,Eastern Spencer Gulf,M1 fish,Pre-bloom,Trachinops noarlungae,3.4545454545454546,22.545454545454547,15.322580645161288
region,Eastern Spencer Gulf,M2 fish,Bloom,Callionymidae spp,0,2.4166666666666665,0
region,Eastern Spencer Gulf,M2 fish,Bloom,Eocallionymus papilio,0.20833333333333334,2.4166666666666665,8.620689655172415
region,Eastern Spencer Gulf,M2 fish,Bloom,Gobiidae spp,0.25,2.4166666666666665,10.344827586206897
region,Eastern Spencer Gulf,M2 fish,Bloom,Heteroclinus spp,0,2.4166666666666665,0
region,Eastern Spencer Gulf,M2 fish,Bloom,Other,0.041666666666666664,2.4166666666666665,1.7241379310344827
region,Eastern Spencer Gulf,M2 fish,Bloom,Parapercis haackei,1,2.4166666666666665,41.37931034482759
region,Eastern Spencer Gulf,M2 fish,Bloom,Trinorfolkia clarkei,0.5,2.4166666666666665,20.689655172413794
region,Eastern Spencer Gulf,M2 fish,Bloom,Trinorfolkia cristata,0.4166666666666667,2.4166666666666665,17.24137931034483
region,Eastern Spencer Gulf,M2 fish,Pre-bloom,Callionymidae spp,0.13333333333333333,1.8666666666666667,7.142857142857143
region,Eastern Spencer Gulf,M2 fish,Pre-bloom,Eocallionymus papilio,0.06666666666666667,1.8666666666666667,3.5714285714285716
region,Eastern Spencer Gulf,M2 fish,Pre-bloom,Gobiidae spp,0.6666666666666666,1.8666666666666667,35.71428571428571
region,Eastern Spencer Gulf,M2 fish,Pre-bloom,Heteroclinus spp,0.13333333333333333,1.8666666666666667,7.142857142857143
region,Eastern Spencer Gulf,M2 fish,Pre-bloom,Other,0.26666666666666666,1.8666666666666667,14.285714285714286
region,Eastern Spencer Gulf,M2 fish,Pre-bloom,Parapercis haackei,0.26666666666666666,1.8666666666666667,14.285714285714286
region,Eastern Spencer Gulf,M2 fish,Pre-bloom,Trinorfolkia clarkei,0.3333333333333333,1.8666666666666667,17.857142857142854
region,Eastern Spencer Gulf,M2 fish,Pre-bloom,Trinorfolkia cristata,0,1.8666666666666667,0
region,Eastern Spencer Gulf,M2 invertebrates,Bloom,Cenolia trichoptera,0,7.666666666666667,0
region,Eastern Spencer Gulf,M2 invertebrates,Bloom,Equichlamys bifrons,0.875,7.666666666666667,11.41304347826087
region,Eastern Spencer Gulf,M2 invertebrates,Bloom,Haliotis spp,1.8333333333333333,7.666666666666667,23.913043478260867
region,Eastern Spencer Gulf,M2 invertebrates,Bloom,Heliocidaris erythrogramma,0,7.666666666666667,0
region,Eastern Spencer Gulf,M2 invertebrates,Bloom,Nectocarcinus integrifrons,0.625,7.666666666666667,8.152173913043478
region,Eastern Spencer Gulf,M2 invertebrates,Bloom,Neothyonidium dearmatum,0,7.666666666666667,0
region,Eastern Spencer Gulf,M2 invertebrates,Bloom,Other,1.4583333333333333,7.666666666666667,19.021739130434778
region,Eastern Spencer Gulf,M2 invertebrates,Bloom,Paguridae & Diogenidae spp,2.4583333333333335,7.666666666666667,32.06521739130435
region,Eastern Spencer Gulf,M2 invertebrates,Bloom,Pleuroploca australasia,0.4166666666666667,7.666666666666667,5.434782608695652
region,Eastern Spencer Gulf,M2 invertebrates,Bloom,Tosia australis,0,7.666666666666667,0
region,Eastern Spencer Gulf,M2 invertebrates,Pre-bloom,Cenolia trichoptera,19.466666666666665,51.43333333333333,37.84834737524303
region,Eastern Spencer Gulf,M2 invertebrates,Pre-bloom,Equichlamys bifrons,1.1333333333333333,51.43333333333333,2.20349967595593
region,Eastern Spencer Gulf,M2 invertebrates,Pre-bloom,Haliotis spp,4.7,51.43333333333333,9.13804277381724
region,Eastern Spencer Gulf,M2 invertebrates,Pre-bloom,Heliocidaris erythrogramma,4.033333333333333,51.43333333333333,7.841866493843162
region,Eastern Spencer Gulf,M2 invertebrates,Pre-bloom,Nectocarcinus integrifrons,0,51.43333333333333,0
region,Eastern Spencer Gulf,M2 invertebrates,Pre-bloom,Neothyonidium dearmatum,10.466666666666667,51.43333333333333,20.349967595593004
region,Eastern Spencer Gulf,M2 invertebrates,Pre-bloom,Other,9.8,51.43333333333333,19.053791315618927
region,Eastern Spencer Gulf,M2 invertebrates,Pre-bloom,Paguridae & Diogenidae spp,0.2,51.43333333333333,0.38885288399222295
region,Eastern Spencer Gulf,M2 invertebrates,Pre-bloom,Pleuroploca australasia,0.3333333333333333,51.43333333333333,0.6480881399870382
region,Eastern Spencer Gulf,M2 invertebrates,Pre-bloom,Tosia australis,1.3,51.43333333333333,2.5275437459494494
region,Fleurieu,M1 fish,Bloom,Austrolabrus maculatus,2.412037037037037,40.120370370370374,6.0120009231479346
region,Fleurieu,M1 fish,Bloom,Notolabrus parilus,3.060185185185185,40.120370370370374,7.627509808446804
region,Fleurieu,M1 fish,Bloom,Notolabrus tetricus,3.064814814814815,40.120370370370374,7.639049157627508
region,Fleurieu,M1 fish,Bloom,Other,9.01388888888889,40.120370370370374,22.467112854834987
region,Fleurieu,M1 fish,Bloom,Parapriacanthus elongatus,0.009259259259259259,40.120370370370374,0.023078698361412412
region,Fleurieu,M1 fish,Bloom,Pempheris klunzingeri,0.013888888888888888,40.120370370370374,0.03461804754211862
region,Fleurieu,M1 fish,Bloom,Scorpis aequipinnis,5.694444444444445,40.120370370370374,14.193399492268636
region,Fleurieu,M1 fish,Bloom,Siphamia cephalotes,0,40.120370370370374,0
region,Fleurieu,M1 fish,Bloom,Trachinops noarlungae,16.85185185185185,40.120370370370374,42.003231017770595
region,Fleurieu,M1 fish,Pre-bloom,Austrolabrus maculatus,1.6955445544554455,183.41398514851485,0.9244358073799668
region,Fleurieu,M1 fish,Pre-bloom,Notolabrus parilus,0.8465346534653465,183.41398514851485,0.46154313302766214
region,Fleurieu,M1 fish,Pre-bloom,Notolabrus tetricus,3.7363861386138613,183.41398514851485,2.0371326295475325
region,Fleurieu,M1 fish,Pre-bloom,Other,27.582301980198018,183.41398514851485,15.038276365820165
region,Fleurieu,M1 fish,Pre-bloom,Parapriacanthus elongatus,21.465346534653467,183.41398514851485,11.703222367297915
region,Fleurieu,M1 fish,Pre-bloom,Pempheris klunzingeri,4.19740099009901,183.41398514851485,2.2884847012621585
region,Fleurieu,M1 fish,Pre-bloom,Scorpis aequipinnis,3.113861386138614,183.41398514851485,1.6977229863999974
region,Fleurieu,M1 fish,Pre-bloom,Siphamia cephalotes,9.392326732673267,183.41398514851485,5.120834556355158
region,Fleurieu,M1 fish,Pre-bloom,Trachinops noarlungae,111.38428217821782,183.41398514851485,60.72834745290944
region,Fleurieu,M2 fish,Bloom,Helcogramma decurrens,0.1588785046728972,1.0981308411214952,14.46808510638298
region,Fleurieu,M2 fish,Bloom,Other,0.2570093457943925,1.0981308411214952,23.404255319148938
region,Fleurieu,M2 fish,Bloom,Paraplesiops meleagris,0.34579439252336447,1.0981308411214952,31.489361702127663
region,Fleurieu,M2 fish,Bloom,Parapriacanthus elongatus,0,1.0981308411214952,0
region,Fleurieu,M2 fish,Bloom,Pempheris klunzingeri,0.014018691588785047,1.0981308411214952,1.2765957446808511
region,Fleurieu,M2 fish,Bloom,Pempheris multiradiata,0.056074766355140186,1.0981308411214952,5.1063829787234045
region,Fleurieu,M2 fish,Bloom,Pempheris spp,0.09345794392523364,1.0981308411214952,8.510638297872342
region,Fleurieu,M2 fish,Bloom,Trinorfolkia clarkei,0.17289719626168223,1.0981308411214952,15.744680851063832
region,Fleurieu,M2 fish,Bloom,Tripterygiidae spp,0,1.0981308411214952,0
region,Fleurieu,M2 fish,Pre-bloom,Helcogramma decurrens,2.0518102372034956,5.4225967540574285,37.838148958213424
region,Fleurieu,M2 fish,Pre-bloom,Other,0.966916354556804,5.4225967540574285,17.831242085875445
region,Fleurieu,M2 fish,Pre-bloom,Paraplesiops meleagris,0.19350811485642946,5.4225967540574285,3.5685507079544143
region,Fleurieu,M2 fish,Pre-bloom,Parapriacanthus elongatus,0.3114856429463171,5.4225967540574285,5.744215494416944
region,Fleurieu,M2 fish,Pre-bloom,Pempheris klunzingeri,0.6048689138576779,5.4225967540574285,11.154598825831702
region,Fleurieu,M2 fish,Pre-bloom,Pempheris multiradiata,0.5274656679151061,5.4225967540574285,9.727178542649936
region,Fleurieu,M2 fish,Pre-bloom,Pempheris spp,0,5.4225967540574285,0
region,Fleurieu,M2 fish,Pre-bloom,Trinorfolkia clarkei,0.2908863920099875,5.4225967540574285,5.3643375158282485
region,Fleurieu,M2 fish,Pre-bloom,Tripterygiidae spp,0.4756554307116105,5.4225967540574285,8.771727869229883
region,Fleurieu,M2 invertebrates,Bloom,Cenolia trichoptera,0.06018518518518518,9.791666666666666,0.6146572104018913
region,Fleurieu,M2 invertebrates,Bloom,Fusinus australis,0.4027777777777778,9.791666666666666,4.113475177304965
region,Fleurieu,M2 invertebrates,Bloom,Guinusia chabrus,0.9537037037037037,9.791666666666666,9.739952718676124
region,Fleurieu,M2 invertebrates,Bloom,Heliocidaris erythrogramma,0.5185185185185185,9.791666666666666,5.295508274231678
region,Fleurieu,M2 invertebrates,Bloom,Lunella undulata,0.375,9.791666666666666,3.8297872340425534
region,Fleurieu,M2 invertebrates,Bloom,Other,2.3333333333333335,9.791666666666666,23.829787234042556
region,Fleurieu,M2 invertebrates,Bloom,Paguridae & Diogenidae spp,3.7916666666666665,9.791666666666666,38.723404255319146
region,Fleurieu,M2 invertebrates,Bloom,Phasianella australis,0.041666666666666664,9.791666666666666,0.42553191489361697
region,Fleurieu,M2 invertebrates,Bloom,Phasianella ventricosa,0.009259259259259259,9.791666666666666,0.09456264775413711
region,Fleurieu,M2 invertebrates,Bloom,Pleuroploca australasia,1.3055555555555556,9.791666666666666,13.333333333333336
region,Fleurieu,M2 invertebrates,Pre-bloom,Cenolia trichoptera,0.9059775840597758,18.10585305105853,5.0037829286746
region,Fleurieu,M2 invertebrates,Pre-bloom,Fusinus australis,0.05977584059775841,18.10585305105853,0.330146502510489
region,Fleurieu,M2 invertebrates,Pre-bloom,Guinusia chabrus,0.19115815691158156,18.10585305105853,1.0557810028200012
region,Fleurieu,M2 invertebrates,Pre-bloom,Heliocidaris erythrogramma,0.5740971357409713,18.10585305105853,3.1707820345278215
region,Fleurieu,M2 invertebrates,Pre-bloom,Lunella undulata,6.345579078455791,18.10585305105853,35.0471146571291
region,Fleurieu,M2 invertebrates,Pre-bloom,Other,5.544831880448319,18.10585305105853,30.624527133915674
region,Fleurieu,M2 invertebrates,Pre-bloom,Paguridae & Diogenidae spp,0.6793275217932753,18.10585305105853,3.751977439988995
region,Fleurieu,M2 invertebrates,Pre-bloom,Phasianella australis,1.0778331257783313,18.10585305105853,5.952954123392256
region,Fleurieu,M2 invertebrates,Pre-bloom,Phasianella ventricosa,1.2054794520547945,18.10585305105853,6.657954467294862
region,Fleurieu,M2 invertebrates,Pre-bloom,Pleuroploca australasia,1.5217932752179328,18.10585305105853,8.4049797097462
region,Kangaroo Island,M1 fish,Bloom,Kyphosus sydneyanus,3.575,67.9,5.265095729013255
region,Kangaroo Island,M1 fish,Bloom,Notolabrus tetricus,20.55,67.9,30.265095729013254
region,Kangaroo Island,M1 fish,Bloom,Other,12.075,67.9,17.783505154639172
region,Kangaroo Island,M1 fish,Bloom,Parapriacanthus elongatus,0,67.9,0
region,Kangaroo Island,M1 fish,Bloom,Pempheris multiradiata,1.525,67.9,2.2459499263622975
region,Kangaroo Island,M1 fish,Bloom,Pictilabrus laticlavius,4.375,67.9,6.443298969072164
region,Kangaroo Island,M1 fish,Bloom,Scorpis aequipinnis,22,67.9,32.40058910162003
region,Kangaroo Island,M1 fish,Bloom,Siphonognathus beddomei,0.675,67.9,0.9941089837997054
region,Kangaroo Island,M1 fish,Bloom,Trachinops noarlungae,3.125,67.9,4.6023564064801175
region,Kangaroo Island,M1 fish,Pre-bloom,Kyphosus sydneyanus,2.26171875,95.34765625,2.3720758736531606
region,Kangaroo Island,M1 fish,Pre-bloom,Notolabrus tetricus,13.51953125,95.34765625,14.179196198123643
region,Kangaroo Island,M1 fish,Pre-bloom,Other,30.8359375,95.34765625,32.34053013232824
region,Kangaroo Island,M1 fish,Pre-bloom,Parapriacanthus elongatus,14.39453125,95.34765625,15.096890491212259
region,Kangaroo Island,M1 fish,Pre-bloom,Pempheris multiradiata,5.59765625,95.34765625,5.8707853660535045
region,Kangaroo Island,M1 fish,Pre-bloom,Pictilabrus laticlavius,1.37890625,95.34765625,1.4461878815191118
region,Kangaroo Island,M1 fish,Pre-bloom,Scorpis aequipinnis,11.71484375,95.34765625,12.286451718628374
region,Kangaroo Island,M1 fish,Pre-bloom,Siphonognathus beddomei,12.1953125,95.34765625,12.79036420992257
region,Kangaroo Island,M1 fish,Pre-bloom,Trachinops noarlungae,3.44921875,95.34765625,3.617518128559138
region,Kangaroo Island,M2 fish,Bloom,Bovichtus angustifrons,0.125,4.575,2.73224043715847
region,Kangaroo Island,M2 fish,Bloom,Helcogramma decurrens,0.1,4.575,2.1857923497267757
region,Kangaroo Island,M2 fish,Bloom,Other,0.3,4.575,6.557377049180328
region,Kangaroo Island,M2 fish,Bloom,Othos dentex,0.05,4.575,1.0928961748633879
region,Kangaroo Island,M2 fish,Bloom,Paraplesiops meleagris,0.525,4.575,11.475409836065573
region,Kangaroo Island,M2 fish,Bloom,Parapriacanthus elongatus,0,4.575,0
region,Kangaroo Island,M2 fish,Bloom,Pempheris multiradiata,3.325,4.575,72.6775956284153
region,Kangaroo Island,M2 fish,Bloom,Pempheris ornata,0,4.575,0
region,Kangaroo Island,M2 fish,Bloom,Trinorfolkia cristata,0.15,4.575,3.278688524590164
region,Kangaroo Island,M2 fish,Pre-bloom,Bovichtus angustifrons,0,9.62890625,0
region,Kangaroo Island,M2 fish,Pre-bloom,Helcogramma decurrens,0.0703125,9.62890625,0.7302231237322515
region,Kangaroo Island,M2 fish,Pre-bloom,Other,0.4609375,9.62890625,4.787018255578094
region,Kangaroo Island,M2 fish,Pre-bloom,Othos dentex,0.12890625,9.62890625,1.3387423935091278
region,Kangaroo Island,M2 fish,Pre-bloom,Paraplesiops meleagris,0.9609375,9.62890625,9.979716024340771
region,Kangaroo Island,M2 fish,Pre-bloom,Parapriacanthus elongatus,0.359375,9.62890625,3.7322515212981746
region,Kangaroo Island,M2 fish,Pre-bloom,Pempheris multiradiata,7.4765625,9.62890625,77.6470588235294
region,Kangaroo Island,M2 fish,Pre-bloom,Pempheris ornata,0.15625,9.62890625,1.6227180527383367
region,Kangaroo Island,M2 fish,Pre-bloom,Trinorfolkia cristata,0.015625,9.62890625,0.16227180527383367
region,Kangaroo Island,M2 invertebrates,Bloom,Cenolia trichoptera,0.975,10.95,8.904109589041097
region,Kangaroo Island,M2 invertebrates,Bloom,Dicathais orbita,0.7,10.95,6.392694063926941
region,Kangaroo Island,M2 invertebrates,Bloom,Guinusia chabrus,2.625,10.95,23.972602739726028
region,Kangaroo Island,M2 invertebrates,Bloom,Heliocidaris erythrogramma,0.475,10.95,4.337899543378995
region,Kangaroo Island,M2 invertebrates,Bloom,Lunella torquata,0,10.95,0
region,Kangaroo Island,M2 invertebrates,Bloom,Other,2.775,10.95,25.34246575342466
region,Kangaroo Island,M2 invertebrates,Bloom,Paguridae & Diogenidae spp,2.45,10.95,22.374429223744297
region,Kangaroo Island,M2 invertebrates,Bloom,Petricia vernicina,0.325,10.95,2.9680365296803655
region,Kangaroo Island,M2 invertebrates,Bloom,Pleuroploca australasia,0.625,10.95,5.707762557077626
region,Kangaroo Island,M2 invertebrates,Pre-bloom,Cenolia trichoptera,10.93359375,19.03125,57.45073891625616
region,Kangaroo Island,M2 invertebrates,Pre-bloom,Dicathais orbita,0.046875,19.03125,0.24630541871921183
region,Kangaroo Island,M2 invertebrates,Pre-bloom,Guinusia chabrus,0.59765625,19.03125,3.1403940886699506
region,Kangaroo Island,M2 invertebrates,Pre-bloom,Heliocidaris erythrogramma,1.77734375,19.03125,9.339080459770114
region,Kangaroo Island,M2 invertebrates,Pre-bloom,Lunella torquata,0.734375,19.03125,3.858784893267652
region,Kangaroo Island,M2 invertebrates,Pre-bloom,Other,3.2421875,19.03125,17.036124794745483
region,Kangaroo Island,M2 invertebrates,Pre-bloom,Paguridae & Diogenidae spp,0.2109375,19.03125,1.1083743842364533
region,Kangaroo Island,M2 invertebrates,Pre-bloom,Petricia vernicina,0.9375,19.03125,4.926108374384237
region,Kangaroo Island,M2 invertebrates,Pre-bloom,Pleuroploca australasia,0.55078125,19.03125,2.894088669950739
region,South Coast,M1 fish,Bloom,Arripis georgianus,2.453125,27.140625,9.038572251007484
region,South Coast,M1 fish,Bloom,Kyphosus sydneyanus,1.3046875,27.140625,4.807138744962579
region,South Coast,M1 fish,Bloom,Meuschenia hippocrepis,0.234375,27.140625,0.8635578583765112
region,South Coast,M1 fish,Bloom,Notolabrus tetricus,3.734375,27.140625,13.759355210132412
region,South Coast,M1 fish,Bloom,Olisthops cyanomelas,0.09375,27.140625,0.3454231433506045
region,South Coast,M1 fish,Bloom,Other,3.7890625,27.140625,13.960852043753599
region,South Coast,M1 fish,Bloom,Pseudogoniistius nigripes,1.515625,27.140625,5.584340817501439
region,South Coast,M1 fish,Bloom,Scorpis aequipinnis,14.015625,27.140625,51.64075993091537
region,South Coast,M1 fish,Bloom,Siphamia cephalotes,0,27.140625,0
region,South Coast,M1 fish,Pre-bloom,Arripis georgianus,0.4541284403669725,25.3348623853211,1.7925040738728952
region,South Coast,M1 fish,Pre-bloom,Kyphosus sydneyanus,0.8922018348623854,25.3348623853211,3.521636791598769
region,South Coast,M1 fish,Pre-bloom,Meuschenia hippocrepis,1.3463302752293578,25.3348623853211,5.314140865471664
region,South Coast,M1 fish,Pre-bloom,Notolabrus tetricus,4.580275229357798,25.3348623853211,18.078942603657435
region,South Coast,M1 fish,Pre-bloom,Olisthops cyanomelas,1.3073394495412844,25.3348623853211,5.160239000543184
region,South Coast,M1 fish,Pre-bloom,Other,7.729357798165137,25.3348623853211,30.508781459351802
region,South Coast,M1 fish,Pre-bloom,Pseudogoniistius nigripes,0.9151376146788991,25.3348623853211,3.6121673003802286
region,South Coast,M1 fish,Pre-bloom,Scorpis aequipinnis,6.912844036697248,25.3348623853211,27.28589534673185
region,South Coast,M1 fish,Pre-bloom,Siphamia cephalotes,1.1972477064220184,25.3348623853211,4.725692558392178
region,South Coast,M2 fish,Bloom,Helcogramma decurrens,0.0234375,0.2109375,11.11111111111111
region,South Coast,M2 fish,Bloom,Other,0.0078125,0.2109375,3.7037037037037037
region,South Coast,M2 fish,Bloom,Parascyllium variolatum,0,0.2109375,0
region,South Coast,M2 fish,Bloom,Pempheris klunzingeri,0.0625,0.2109375,29.62962962962963
region,South Coast,M2 fish,Bloom,Pempheris multiradiata,0.078125,0.2109375,37.03703703703704
region,South Coast,M2 fish,Bloom,Trinorfolkia clarkei,0.015625,0.2109375,7.407407407407407
region,South Coast,M2 fish,Bloom,Trinorfolkia cristata,0.0234375,0.2109375,11.11111111111111
region,South Coast,M2 fish,Bloom,Vincentia conspersa,0,0.2109375,0
region,South Coast,M2 fish,Pre-bloom,Helcogramma decurrens,0.10991379310344827,1.6120689655172413,6.818181818181818
region,South Coast,M2 fish,Pre-bloom,Other,0.2025862068965517,1.6120689655172413,12.566844919786096
region,South Coast,M2 fish,Pre-bloom,Parascyllium variolatum,0.034482758620689655,1.6120689655172413,2.1390374331550803
region,South Coast,M2 fish,Pre-bloom,Pempheris klunzingeri,0.1939655172413793,1.6120689655172413,12.032085561497327
region,South Coast,M2 fish,Pre-bloom,Pempheris multiradiata,0.9913793103448276,1.6120689655172413,61.49732620320856
region,South Coast,M2 fish,Pre-bloom,Trinorfolkia clarkei,0.004310344827586207,1.6120689655172413,0.26737967914438504
region,South Coast,M2 fish,Pre-bloom,Trinorfolkia cristata,0.004310344827586207,1.6120689655172413,0.26737967914438504
region,South Coast,M2 fish,Pre-bloom,Vincentia conspersa,0.07112068965517242,1.6120689655172413,4.411764705882353
region,South Coast,M2 invertebrates,Bloom,Cenolia trichoptera,0.5390625,17.2578125,3.123585332729742
region,South Coast,M2 invertebrates,Bloom,Dicathais orbita,6.78125,17.2578125,39.29379809868719
region,South Coast,M2 invertebrates,Bloom,Guinusia chabrus,4.3828125,17.2578125,25.39610683567225
region,South Coast,M2 invertebrates,Bloom,Haliotis spp,1.171875,17.2578125,6.790402897238569
region,South Coast,M2 invertebrates,Bloom,Heliocidaris erythrogramma,0.328125,17.2578125,1.9013128112267994
region,South Coast,M2 invertebrates,Bloom,Lunella torquata,0.0078125,17.2578125,0.04526935264825713
region,South Coast,M2 invertebrates,Bloom,Lunella undulata,0.1484375,17.2578125,0.8601177003168855
region,South Coast,M2 invertebrates,Bloom,Meridiastra gunnii,0.7109375,17.2578125,4.119511090991399
region,South Coast,M2 invertebrates,Bloom,Other,1.8515625,17.2578125,10.72883657763694
region,South Coast,M2 invertebrates,Bloom,Paguridae & Diogenidae spp,1.3359375,17.2578125,7.741059302851969
region,South Coast,M2 invertebrates,Pre-bloom,Cenolia trichoptera,8.752155172413794,48.57543103448276,18.01765828120147
region,South Coast,M2 invertebrates,Pre-bloom,Dicathais orbita,1.4956896551724137,48.57543103448276,3.07910732508097
region,South Coast,M2 invertebrates,Pre-bloom,Guinusia chabrus,1.7198275862068966,48.57543103448276,3.540529748436044
region,South Coast,M2 invertebrates,Pre-bloom,Haliotis spp,4.950431034482759,48.57543103448276,10.191224100448112
region,South Coast,M2 invertebrates,Pre-bloom,Heliocidaris erythrogramma,10.178879310344827,48.57543103448276,20.954789476019343
region,South Coast,M2 invertebrates,Pre-bloom,Lunella torquata,3.9288793103448274,48.57543103448276,8.08820267092595
region,South Coast,M2 invertebrates,Pre-bloom,Lunella undulata,4.519396551724138,48.57543103448276,9.30387328630374
region,South Coast,M2 invertebrates,Pre-bloom,Meridiastra gunnii,0.853448275862069,48.57543103448276,1.7569546120058563
region,South Coast,M2 invertebrates,Pre-bloom,Other,11.657327586206897,48.57543103448276,23.99840276853454
region,South Coast,M2 invertebrates,Pre-bloom,Paguridae & Diogenidae spp,0.5193965517241379,48.57543103448276,1.0692577310439682
region,Southern Yorke,M1 fish,Bloom,Kyphosus sydneyanus,4.75,40.60714285714286,11.69744942832014
region,Southern Yorke,M1 fish,Bloom,Meuschenia hippocrepis,2.0357142857142856,40.60714285714286,5.013192612137202
region,Southern Yorke,M1 fish,Bloom,Notolabrus tetricus,1,40.60714285714286,2.462620932277924
region,Southern Yorke,M1 fish,Bloom,Other,11.035714285714286,40.60714285714286,27.17678100263852
region,Southern Yorke,M1 fish,Bloom,Parapriacanthus elongatus,0,40.60714285714286,0
region,Southern Yorke,M1 fish,Bloom,Pseudogoniistius nigripes,1.7142857142857142,40.60714285714286,4.221635883905012
region,Southern Yorke,M1 fish,Bloom,Scorpis aequipinnis,8.285714285714286,40.60714285714286,20.40457343887423
region,Southern Yorke,M1 fish,Bloom,Trachinops noarlungae,11.785714285714286,40.60714285714286,29.023746701846964
region,Southern Yorke,M1 fish,Pre-bloom,Kyphosus sydneyanus,3.2083333333333335,63.041666666666664,5.089226701916722
region,Southern Yorke,M1 fish,Pre-bloom,Meuschenia hippocrepis,4.666666666666667,63.041666666666664,7.402511566424323
region,Southern Yorke,M1 fish,Pre-bloom,Notolabrus tetricus,7.708333333333333,63.041666666666664,12.22736285525446
region,Southern Yorke,M1 fish,Pre-bloom,Other,16.833333333333332,63.041666666666664,26.701916721744876
region,Southern Yorke,M1 fish,Pre-bloom,Parapriacanthus elongatus,14.166666666666666,63.041666666666664,22.47191011235955
region,Southern Yorke,M1 fish,Pre-bloom,Pseudogoniistius nigripes,1.125,63.041666666666664,1.784534038334435
region,Southern Yorke,M1 fish,Pre-bloom,Scorpis aequipinnis,7.5,63.041666666666664,11.896893588896233
region,Southern Yorke,M1 fish,Pre-bloom,Trachinops noarlungae,7.833333333333333,63.041666666666664,12.425644415069398
region,Southern Yorke,M2 fish,Bloom,Aetapcus maculatus,0,4.7,0
region,Southern Yorke,M2 fish,Bloom,Gobiidae spp,0.03333333333333333,4.7,0.7092198581560284
region,Southern Yorke,M2 fish,Bloom,Helcogramma decurrens,2.6666666666666665,4.7,56.73758865248226
region,Southern Yorke,M2 fish,Bloom,Other,0.16666666666666666,4.7,3.546099290780141
region,Southern Yorke,M2 fish,Bloom,Pempheris klunzingeri,0.23333333333333334,4.7,4.964539007092198
region,Southern Yorke,M2 fish,Bloom,Pempheris multiradiata,0.3333333333333333,4.7,7.092198581560282
region,Southern Yorke,M2 fish,Bloom,Trinorfolkia clarkei,0.9,4.7,19.148936170212764
region,Southern Yorke,M2 fish,Bloom,Trinorfolkia cristata,0.36666666666666664,4.7,7.801418439716311
region,Southern Yorke,M2 fish,Bloom,Tripterygiidae spp,0,4.7,0
region,Southern Yorke,M2 fish,Pre-bloom,Aetapcus maculatus,0.05263157894736842,1.526315789473684,3.4482758620689653
region,Southern Yorke,M2 fish,Pre-bloom,Gobiidae spp,0.47368421052631576,1.526315789473684,31.03448275862069
region,Southern Yorke,M2 fish,Pre-bloom,Helcogramma decurrens,0,1.526315789473684,0
region,Southern Yorke,M2 fish,Pre-bloom,Other,0.15789473684210525,1.526315789473684,10.344827586206897
region,Southern Yorke,M2 fish,Pre-bloom,Pempheris klunzingeri,0.05263157894736842,1.526315789473684,3.4482758620689653
region,Southern Yorke,M2 fish,Pre-bloom,Pempheris multiradiata,0.21052631578947367,1.526315789473684,13.793103448275861
region,Southern Yorke,M2 fish,Pre-bloom,Trinorfolkia clarkei,0.3157894736842105,1.526315789473684,20.689655172413794
region,Southern Yorke,M2 fish,Pre-bloom,Trinorfolkia cristata,0,1.526315789473684,0
region,Southern Yorke,M2 fish,Pre-bloom,Tripterygiidae spp,0.2631578947368421,1.526315789473684,17.24137931034483
region,Southern Yorke,M2 invertebrates,Bloom,Australostichopus mollis,0.43333333333333335,22.566666666666666,1.9202363367799116
region,Southern Yorke,M2 invertebrates,Bloom,Cenolia trichoptera,1.5333333333333334,22.566666666666666,6.794682422451994
region,Southern Yorke,M2 invertebrates,Bloom,Dicathais orbita,3.2333333333333334,22.566666666666666,14.32791728212703
region,Southern Yorke,M2 invertebrates,Bloom,Guinusia chabrus,2.4,22.566666666666666,10.635155096011816
region,Southern Yorke,M2 invertebrates,Bloom,Heliocidaris erythrogramma,1.6,22.566666666666666,7.0901033973412115
region,Southern Yorke,M2 invertebrates,Bloom,Meridiastra gunnii,5.8,22.566666666666666,25.701624815361892
region,Southern Yorke,M2 invertebrates,Bloom,Other,6.6,22.566666666666666,29.246676514032497
region,Southern Yorke,M2 invertebrates,Bloom,Tosia australis,0.9666666666666667,22.566666666666666,4.283604135893649
region,Southern Yorke,M2 invertebrates,Pre-bloom,Australostichopus mollis,2.15,56.800000000000004,3.7852112676056335
region,Southern Yorke,M2 invertebrates,Pre-bloom,Cenolia trichoptera,17.05,56.800000000000004,30.017605633802816
region,Southern Yorke,M2 invertebrates,Pre-bloom,Dicathais orbita,0.6,56.800000000000004,1.056338028169014
region,Southern Yorke,M2 invertebrates,Pre-bloom,Guinusia chabrus,0.55,56.800000000000004,0.9683098591549296
region,Southern Yorke,M2 invertebrates,Pre-bloom,Heliocidaris erythrogramma,13.1,56.800000000000004,23.06338028169014
region,Southern Yorke,M2 invertebrates,Pre-bloom,Meridiastra gunnii,3.15,56.800000000000004,5.545774647887323
region,Southern Yorke,M2 invertebrates,Pre-bloom,Other,14.3,56.800000000000004,25.176056338028168
region,Southern Yorke,M2 invertebrates,Pre-bloom,Tosia australis,5.9,56.800000000000004,10.38732394366197
region,Upper Gulf St Vincent,M1 fish,Bloom,Acanthopagrus butcheri,0.55,5.6000000000000005,9.821428571428571
region,Upper Gulf St Vincent,M1 fish,Bloom,Arripis truttaceus,3,5.6000000000000005,53.57142857142857
region,Upper Gulf St Vincent,M1 fish,Bloom,Girella zebra,0.4,5.6000000000000005,7.142857142857142
region,Upper Gulf St Vincent,M1 fish,Bloom,Kyphosus sydneyanus,0.4,5.6000000000000005,7.142857142857142
region,Upper Gulf St Vincent,M1 fish,Bloom,Neoodax balteatus,0.225,5.6000000000000005,4.017857142857142
region,Upper Gulf St Vincent,M1 fish,Bloom,Other,0.775,5.6000000000000005,13.839285714285714
region,Upper Gulf St Vincent,M1 fish,Bloom,Parapriacanthus elongatus,0,5.6000000000000005,0
region,Upper Gulf St Vincent,M1 fish,Bloom,Pempheris klunzingeri,0.25,5.6000000000000005,4.4642857142857135
region,Upper Gulf St Vincent,M1 fish,Bloom,Siphamia cephalotes,0,5.6000000000000005,0
region,Upper Gulf St Vincent,M1 fish,Bloom,Trachinops noarlungae,0,5.6000000000000005,0
region,Upper Gulf St Vincent,M1 fish,Pre-bloom,Acanthopagrus butcheri,0,38.00694444444444,0
region,Upper Gulf St Vincent,M1 fish,Pre-bloom,Arripis truttaceus,0,38.00694444444444,0
region,Upper Gulf St Vincent,M1 fish,Pre-bloom,Girella zebra,0.20833333333333334,38.00694444444444,0.5481454412570803
region,Upper Gulf St Vincent,M1 fish,Pre-bloom,Kyphosus sydneyanus,0,38.00694444444444,0
region,Upper Gulf St Vincent,M1 fish,Pre-bloom,Neoodax balteatus,3.736111111111111,38.00694444444444,9.830074913210307
region,Upper Gulf St Vincent,M1 fish,Pre-bloom,Other,4.826388888888889,38.00694444444444,12.698702722455693
region,Upper Gulf St Vincent,M1 fish,Pre-bloom,Parapriacanthus elongatus,8.45138888888889,38.00694444444444,22.236433400328888
region,Upper Gulf St Vincent,M1 fish,Pre-bloom,Pempheris klunzingeri,1.3958333333333333,38.00694444444444,3.672574456422437
region,Upper Gulf St Vincent,M1 fish,Pre-bloom,Siphamia cephalotes,15.666666666666666,38.00694444444444,41.22053718253243
region,Upper Gulf St Vincent,M1 fish,Pre-bloom,Trachinops noarlungae,3.7222222222222223,38.00694444444444,9.793531883793166
region,Upper Gulf St Vincent,M2 fish,Bloom,Eocallionymus papilio,0.025,0.775,3.225806451612903
region,Upper Gulf St Vincent,M2 fish,Bloom,Gobiidae spp,0.2,0.775,25.806451612903224
region,Upper Gulf St Vincent,M2 fish,Bloom,Helcogramma decurrens,0,0.775,0
region,Upper Gulf St Vincent,M2 fish,Bloom,Nesogobius spp,0,0.775,0
region,Upper Gulf St Vincent,M2 fish,Bloom,Other,0.025,0.775,3.225806451612903
region,Upper Gulf St Vincent,M2 fish,Bloom,Parapercis haackei,0.3,0.775,38.70967741935484
region,Upper Gulf St Vincent,M2 fish,Bloom,Pempheris klunzingeri,0.1,0.775,12.903225806451612
region,Upper Gulf St Vincent,M2 fish,Bloom,Trinorfolkia clarkei,0.075,0.775,9.67741935483871
region,Upper Gulf St Vincent,M2 fish,Bloom,Trinorfolkia cristata,0.05,0.775,6.451612903225806
region,Upper Gulf St Vincent,M2 fish,Pre-bloom,Eocallionymus papilio,0.3819444444444444,5.354166666666667,7.133592736705577
region,Upper Gulf St Vincent,M2 fish,Pre-bloom,Gobiidae spp,0.20833333333333334,5.354166666666667,3.891050583657588
region,Upper Gulf St Vincent,M2 fish,Pre-bloom,Helcogramma decurrens,0.2777777777777778,5.354166666666667,5.188067444876784
region,Upper Gulf St Vincent,M2 fish,Pre-bloom,Nesogobius spp,1.1041666666666667,5.354166666666667,20.622568093385215
region,Upper Gulf St Vincent,M2 fish,Pre-bloom,Other,0.4097222222222222,5.354166666666667,7.652399481193255
region,Upper Gulf St Vincent,M2 fish,Pre-bloom,Parapercis haackei,2.8541666666666665,5.354166666666667,53.30739299610894
region,Upper Gulf St Vincent,M2 fish,Pre-bloom,Pempheris klunzingeri,0,5.354166666666667,0
region,Upper Gulf St Vincent,M2 fish,Pre-bloom,Trinorfolkia clarkei,0.027777777777777776,5.354166666666667,0.5188067444876783
region,Upper Gulf St Vincent,M2 fish,Pre-bloom,Trinorfolkia cristata,0.09027777777777778,5.354166666666667,1.6861219195849544
region,Upper Gulf St Vincent,M2 invertebrates,Bloom,Australostichopus mollis,0,3.9,0
region,Upper Gulf St Vincent,M2 invertebrates,Bloom,Dicathais orbita,0.075,3.9,1.9230769230769231
region,Upper Gulf St Vincent,M2 invertebrates,Bloom,Equichlamys bifrons,0.2,3.9,5.128205128205129
region,Upper Gulf St Vincent,M2 invertebrates,Bloom,Haliotis spp,1.4,3.9,35.8974358974359
region,Upper Gulf St Vincent,M2 invertebrates,Bloom,Other,0.4,3.9,10.256410256410257
region,Upper Gulf St Vincent,M2 invertebrates,Bloom,Paguridae & Diogenidae spp,1.05,3.9,26.923076923076923
region,Upper Gulf St Vincent,M2 invertebrates,Bloom,Portunus armatus,0.775,3.9,19.871794871794872
region,Upper Gulf St Vincent,M2 invertebrates,Pre-bloom,Australostichopus mollis,1.5694444444444444,11.152777777777777,14.07222914072229
region,Upper Gulf St Vincent,M2 invertebrates,Pre-bloom,Dicathais orbita,0.3819444444444444,11.152777777777777,3.4246575342465757
region,Upper Gulf St Vincent,M2 invertebrates,Pre-bloom,Equichlamys bifrons,1.8472222222222223,11.152777777777777,16.562889165628892
region,Upper Gulf St Vincent,M2 invertebrates,Pre-bloom,Haliotis spp,1.0902777777777777,11.152777777777777,9.775840597758407
region,Upper Gulf St Vincent,M2 invertebrates,Pre-bloom,Other,4.111111111111111,11.152777777777777,36.86176836861768
region,Upper Gulf St Vincent,M2 invertebrates,Pre-bloom,Paguridae & Diogenidae spp,0.5763888888888888,11.152777777777777,5.168119551681196
region,Upper Gulf St Vincent,M2 invertebrates,Pre-bloom,Portunus armatus,1.5763888888888888,11.152777777777777,14.134495641344957
