"Period","response","SE","df","asymp.LCL","asymp.UCL","reporting_name","metric","model_family","family_code","family_selection_reason","1","metric_id"
"Pre-bloom",67.66260281701504,10.52437438023457,Inf,49.8828360647667,91.77962163235605,"Aldinga - Aldinga Reef Sanctuary Zone","Total abundance","Negative binomial (nbinom2)","nbinom2","Negative binomial converged with finite uncertainty and did not approach the Poisson boundary",NA,"total_abundance"
"Bloom",59.75097910539387,23.97531960002148,Inf,27.21428940638743,131.18768051372535,"Aldinga - Aldinga Reef Sanctuary Zone","Total abundance","Negative binomial (nbinom2)","nbinom2","Negative binomial converged with finite uncertainty and did not approach the Poisson boundary",NA,"total_abundance"
"Pre-bloom",51.250291920679935,9.222487246511704,Inf,36.01825529619293,72.92392150467481,"Bay of Shoals - Bay of Shoals Sanctuary Zone","Total abundance","Negative binomial (nbinom2)","nbinom2","Negative binomial converged with finite uncertainty and did not approach the Poisson boundary",NA,"total_abundance"
"Bloom",29.233250239843468,6.591218825314825,Inf,18.791296864402856,45.47759134198878,"Bay of Shoals - Bay of Shoals Sanctuary Zone","Total abundance","Negative binomial (nbinom2)","nbinom2","Negative binomial converged with finite uncertainty and did not approach the Poisson boundary",NA,"total_abundance"
"Pre-bloom",54.39554894921703,26.402909506793385,Inf,21.00878475285498,140.839928643877,"Boston Bay","Total abundance","Negative binomial (nbinom2)","nbinom2","Negative binomial converged with finite uncertainty and did not approach the Poisson boundary",NA,"total_abundance"
"Bloom",36.97318639561054,25.097471632641863,Inf,9.774388544938466,139.85698501339516,"Boston Bay","Total abundance","Negative binomial (nbinom2)","nbinom2","Negative binomial converged with finite uncertainty and did not approach the Poisson boundary",NA,"total_abundance"
"Pre-bloom",17.7756140282172,2.3248142092405137,Inf,13.756208696166771,22.969443184458168,"Cape Elizabeth - Cape Elizabeth Sanctuary Zone","Total abundance","Negative binomial (nbinom2)","nbinom2","Negative binomial converged with finite uncertainty and did not approach the Poisson boundary",NA,"total_abundance"
"Bloom",14.93470482525914,1.9783595765428366,Inf,11.519676913500676,19.36212359881524,"Cape Elizabeth - Cape Elizabeth Sanctuary Zone","Total abundance","Negative binomial (nbinom2)","nbinom2","Negative binomial converged with finite uncertainty and did not approach the Poisson boundary",NA,"total_abundance"
"Pre-bloom",47.65637301907385,12.538814885148101,Inf,28.455243251324504,79.81410910017068,"Carrickalinga - Carrickalinga Cliffs Sanctuary Zone","Total abundance","Negative binomial (nbinom2)","nbinom2","Negative binomial converged with finite uncertainty and did not approach the Poisson boundary",NA,"total_abundance"
"Bloom",92.03079388116058,61.31830134228826,Inf,24.93413934606787,339.6815468480301,"Carrickalinga - Carrickalinga Cliffs Sanctuary Zone","Total abundance","Negative binomial (nbinom2)","nbinom2","Negative binomial converged with finite uncertainty and did not approach the Poisson boundary",NA,"total_abundance"
"Pre-bloom",21.362690946986277,3.3694514131242586,Inf,15.681924481560166,29.101311196407863,"Chinamans Hat - Chinamans Hat Sanctuary Zone","Total abundance","Negative binomial (nbinom2)","nbinom2","Negative binomial converged with finite uncertainty and did not approach the Poisson boundary",NA,"total_abundance"
"Bloom",21.04865965508082,3.3756243839899467,Inf,15.371462808722097,28.82263573666087,"Chinamans Hat - Chinamans Hat Sanctuary Zone","Total abundance","Negative binomial (nbinom2)","nbinom2","Negative binomial converged with finite uncertainty and did not approach the Poisson boundary",NA,"total_abundance"
"Pre-bloom",131.98484770654846,29.339297457782635,Inf,85.37053388130711,204.05167019735725,"Cuttlefish Coast - Fairway Bank Sanctuary Zone","Total abundance","Negative binomial (nbinom2)","nbinom2","Negative binomial converged with finite uncertainty and did not approach the Poisson boundary",NA,"total_abundance"
"Bloom",122.54654723345064,24.87244376636521,Inf,82.32627395230998,182.41632370657013,"Cuttlefish Coast - Fairway Bank Sanctuary Zone","Total abundance","Negative binomial (nbinom2)","nbinom2","Negative binomial converged with finite uncertainty and did not approach the Poisson boundary",NA,"total_abundance"
"Pre-bloom",65.16971850806372,6.680924673261881,Inf,53.30700134635248,79.67231513972357,"Dangerous Reef - Dangerous Reef Sanctuary Zone","Total abundance","Negative binomial (nbinom2)","nbinom2","Negative binomial converged with finite uncertainty and did not approach the Poisson boundary",NA,"total_abundance"
"Bloom",113.28365908094024,17.34313580334699,Inf,83.91754368785371,152.92615644831105,"Dangerous Reef - Dangerous Reef Sanctuary Zone","Total abundance","Negative binomial (nbinom2)","nbinom2","Negative binomial converged with finite uncertainty and did not approach the Poisson boundary",NA,"total_abundance"
"Pre-bloom",42.53029280311553,20.307807174905367,Inf,16.682371729595737,108.42737682854481,"Glenelg","Total abundance","Negative binomial (nbinom2)","nbinom2","Negative binomial converged with finite uncertainty and did not approach the Poisson boundary",NA,"total_abundance"
"Bloom",19.746536171782466,12.954323009663772,Inf,5.458546978234147,71.43397177643331,"Glenelg","Total abundance","Negative binomial (nbinom2)","nbinom2","Negative binomial converged with finite uncertainty and did not approach the Poisson boundary",NA,"total_abundance"
"Pre-bloom",25.914463272402585,6.558074147826585,Inf,15.780904731543224,42.555190473609194,"Middle/Long Spit - Middle Spit Sanctuary Zone","Total abundance","Negative binomial (nbinom2)","nbinom2","Negative binomial converged with finite uncertainty and did not approach the Poisson boundary",NA,"total_abundance"
"Bloom",134.04340326369305,55.43643517560623,Inf,59.5954848538798,301.49320879874176,"Middle/Long Spit - Middle Spit Sanctuary Zone","Total abundance","Negative binomial (nbinom2)","nbinom2","Negative binomial converged with finite uncertainty and did not approach the Poisson boundary",NA,"total_abundance"
"Pre-bloom",43.90952843525387,14.813698122296291,Inf,22.666792114181472,85.06041250539754,"O'Sullivan","Total abundance","Negative binomial (nbinom2)","nbinom2","Negative binomial converged with finite uncertainty and did not approach the Poisson boundary",NA,"total_abundance"
"Bloom",56.220792637586136,26.594226334982284,Inf,22.24597842474823,142.08309764798443,"O'Sullivan","Total abundance","Negative binomial (nbinom2)","nbinom2","Negative binomial converged with finite uncertainty and did not approach the Poisson boundary",NA,"total_abundance"
"Pre-bloom",72.24016650203922,7.8200562305464585,Inf,58.42994605977798,89.31450408842254,"Offshore Ardrossan - Offshore Ardrossan Sanctuary Zone","Total abundance","Negative binomial (nbinom2)","nbinom2","Negative binomial converged with finite uncertainty and did not approach the Poisson boundary",NA,"total_abundance"
"Bloom",106.05937050190721,20.54427474696049,Inf,72.55489099436336,155.0355863967145,"Offshore Ardrossan - Offshore Ardrossan Sanctuary Zone","Total abundance","Negative binomial (nbinom2)","nbinom2","Negative binomial converged with finite uncertainty and did not approach the Poisson boundary",NA,"total_abundance"
"Pre-bloom",34.166666678378725,4.6264126591046555,Inf,26.20256418227189,44.55140740390772,"Orcades Bank - Orcades Bank Sanctuary Zone","Total abundance","Negative binomial (nbinom2)","nbinom2","Negative binomial converged with finite uncertainty and did not approach the Poisson boundary","overall","total_abundance"
"Pre-bloom",19.37128642034648,3.598243850786835,Inf,13.460046864813966,27.878560999667535,"Port Gibbon - Port Gibbon Sanctuary Zone","Total abundance","Negative binomial (nbinom2)","nbinom2","Negative binomial converged with finite uncertainty and did not approach the Poisson boundary",NA,"total_abundance"
"Bloom",35.03975513502147,6.770495490084212,Inf,23.993252860085498,51.17207104355457,"Port Gibbon - Port Gibbon Sanctuary Zone","Total abundance","Negative binomial (nbinom2)","nbinom2","Negative binomial converged with finite uncertainty and did not approach the Poisson boundary",NA,"total_abundance"
"Pre-bloom",47.95716949992095,9.775895470223668,Inf,32.1617141745492,71.5101842508177,"Port Noarlunga - Port Noarlunga Reef Sanctuary Zone","Total abundance","Negative binomial (nbinom2)","nbinom2","Negative binomial converged with finite uncertainty and did not approach the Poisson boundary",NA,"total_abundance"
"Bloom",28.888689476645833,13.981445505012074,Inf,11.188357525027657,74.5915008356872,"Port Noarlunga - Port Noarlunga Reef Sanctuary Zone","Total abundance","Negative binomial (nbinom2)","nbinom2","Negative binomial converged with finite uncertainty and did not approach the Poisson boundary",NA,"total_abundance"
"Pre-bloom",30.6720693714261,4.103114527021804,Inf,23.597975424598562,39.86680308790003,"Rapid Head - Rapid Head Sanctuary Zone","Total abundance","Negative binomial (nbinom2)","nbinom2","Negative binomial converged with finite uncertainty and did not approach the Poisson boundary",NA,"total_abundance"
"Bloom",26.35765541460543,5.90143009773812,Inf,16.995123749238093,40.87796059656371,"Rapid Head - Rapid Head Sanctuary Zone","Total abundance","Negative binomial (nbinom2)","nbinom2","Negative binomial converged with finite uncertainty and did not approach the Poisson boundary",NA,"total_abundance"
"Pre-bloom",43.34244224950154,3.2897919229413715,Inf,37.35125573761844,50.29462231063281,"Sponge Gardens - Sponge Gardens Sanctuary Zone","Total abundance","Negative binomial (nbinom2)","nbinom2","Negative binomial converged with finite uncertainty and did not approach the Poisson boundary",NA,"total_abundance"
"Bloom",51.70886130247514,6.528721740580662,Inf,40.37317560244284,66.22729813299176,"Sponge Gardens - Sponge Gardens Sanctuary Zone","Total abundance","Negative binomial (nbinom2)","nbinom2","Negative binomial converged with finite uncertainty and did not approach the Poisson boundary",NA,"total_abundance"
"Pre-bloom",45.93936891883689,8.187625178281374,Inf,32.395010584573775,65.14662531599738,"The Pages - The Pages Sanctuary Zone","Total abundance","Negative binomial (nbinom2)","nbinom2","Negative binomial converged with finite uncertainty and did not approach the Poisson boundary",NA,"total_abundance"
"Bloom",60.708485173773866,13.481531719981035,Inf,39.28466841277368,93.81573832747306,"The Pages - The Pages Sanctuary Zone","Total abundance","Negative binomial (nbinom2)","nbinom2","Negative binomial converged with finite uncertainty and did not approach the Poisson boundary",NA,"total_abundance"
"Pre-bloom",32.90390021992221,4.664255653609204,Inf,24.922192989537198,43.44186926636513,"Victor Harbor - Encounter Bay Sanctuary Zone","Total abundance","Negative binomial (nbinom2)","nbinom2","Negative binomial converged with finite uncertainty and did not approach the Poisson boundary",NA,"total_abundance"
"Bloom",36.47312814593334,5.1989732347320885,Inf,27.582940419050615,48.22868978214116,"Victor Harbor - Encounter Bay Sanctuary Zone","Total abundance","Negative binomial (nbinom2)","nbinom2","Negative binomial converged with finite uncertainty and did not approach the Poisson boundary",NA,"total_abundance"
"Pre-bloom",36.77898482768958,6.723133713683365,Inf,25.704052126994462,52.6256995695561,"Windara Reef - Windara Shell fish Reef Sanctuary Zone","Total abundance","Negative binomial (nbinom2)","nbinom2","Negative binomial converged with finite uncertainty and did not approach the Poisson boundary",NA,"total_abundance"
"Bloom",75.71317818666552,33.76120442099604,Inf,31.59459978516412,181.43877086924098,"Windara Reef - Windara Shell fish Reef Sanctuary Zone","Total abundance","Negative binomial (nbinom2)","nbinom2","Negative binomial converged with finite uncertainty and did not approach the Poisson boundary",NA,"total_abundance"
"Pre-bloom",10.109894897849939,0.6533915170958802,Inf,8.907060665454992,11.475163208664542,"Aldinga - Aldinga Reef Sanctuary Zone","Species richness","Negative binomial (nbinom2)","nbinom2","Negative binomial converged with finite uncertainty and did not approach the Poisson boundary",NA,"richness"
"Bloom",7.686040412256408,1.1799662211401996,Inf,5.688864845724573,10.384359414556355,"Aldinga - Aldinga Reef Sanctuary Zone","Species richness","Negative binomial (nbinom2)","nbinom2","Negative binomial converged with finite uncertainty and did not approach the Poisson boundary",NA,"richness"
"Pre-bloom",5.903668803485769,0.7566394898728614,Inf,4.592279879135707,7.589542941318004,"Bay of Shoals - Bay of Shoals Sanctuary Zone","Species richness","Poisson","poisson","Poisson used because the negative binomial dispersion parameter approached the Poisson boundary and the simpler Poisson model passed convergence, uncertainty, dispersion and AIC checks",NA,"richness"
"Bloom",5.527957580602978,1.204488857585116,Inf,3.606584083923427,8.47292460174754,"Bay of Shoals - Bay of Shoals Sanctuary Zone","Species richness","Poisson","poisson","Poisson used because the negative binomial dispersion parameter approached the Poisson boundary and the simpler Poisson model passed convergence, uncertainty, dispersion and AIC checks",NA,"richness"
"Pre-bloom",6.46718785879118,1.0193055407521414,Inf,4.748495312884814,8.807952002691723,"Boston Bay","Species richness","Poisson","poisson","Poisson fallback used because the negative binomial fit did not provide a reliable Hessian and standard errors; the Poisson dispersion check was acceptable",NA,"richness"
"Bloom",6.24334598028838,1.2007600454549445,Inf,4.282613706898672,9.10177095048123,"Boston Bay","Species richness","Poisson","poisson","Poisson fallback used because the negative binomial fit did not provide a reliable Hessian and standard errors; the Poisson dispersion check was acceptable",NA,"richness"
"Pre-bloom",9.157192073257447,0.6180164935905756,Inf,8.022596589211037,10.452247689893559,"Cape Elizabeth - Cape Elizabeth Sanctuary Zone","Species richness","Poisson","poisson","Poisson fallback used because the negative binomial fit did not provide a reliable Hessian and standard errors; the Poisson dispersion check was acceptable",NA,"richness"
"Bloom",7.540630683905047,0.5605676252692121,Inf,6.518229854082728,8.723397668376952,"Cape Elizabeth - Cape Elizabeth Sanctuary Zone","Species richness","Poisson","poisson","Poisson fallback used because the negative binomial fit did not provide a reliable Hessian and standard errors; the Poisson dispersion check was acceptable",NA,"richness"
"Pre-bloom",10.920394260590696,1.2560226783689585,Inf,8.716383255956199,13.681708032428617,"Carrickalinga - Carrickalinga Cliffs Sanctuary Zone","Species richness","Negative binomial (nbinom2)","nbinom2","Negative binomial converged with finite uncertainty and did not approach the Poisson boundary",NA,"richness"
"Bloom",12.464240051306254,3.7345083341822023,Inf,6.928363426988303,22.423373383015406,"Carrickalinga - Carrickalinga Cliffs Sanctuary Zone","Species richness","Negative binomial (nbinom2)","nbinom2","Negative binomial converged with finite uncertainty and did not approach the Poisson boundary",NA,"richness"
"Pre-bloom",10.229891821957102,0.939933822793402,Inf,8.544009016471037,12.248428868368524,"Chinamans Hat - Chinamans Hat Sanctuary Zone","Species richness","Negative binomial (nbinom2)","nbinom2","Negative binomial converged with finite uncertainty and did not approach the Poisson boundary",NA,"richness"
"Bloom",8.931261775464408,0.873017628993566,Inf,7.3741017669632765,10.81724112613117,"Chinamans Hat - Chinamans Hat Sanctuary Zone","Species richness","Negative binomial (nbinom2)","nbinom2","Negative binomial converged with finite uncertainty and did not approach the Poisson boundary",NA,"richness"
"Pre-bloom",4.562071891394754,0.5340001898966712,Inf,3.626829829506026,5.738482619982414,"Cuttlefish Coast - Fairway Bank Sanctuary Zone","Species richness","Poisson","poisson","Poisson used because the negative binomial dispersion parameter approached the Poisson boundary and the simpler Poisson model passed convergence, uncertainty, dispersion and AIC checks",NA,"richness"
"Bloom",4.373213900046938,0.4787135135784994,Inf,3.528775343380263,5.41972722957298,"Cuttlefish Coast - Fairway Bank Sanctuary Zone","Species richness","Poisson","poisson","Poisson used because the negative binomial dispersion parameter approached the Poisson boundary and the simpler Poisson model passed convergence, uncertainty, dispersion and AIC checks",NA,"richness"
"Pre-bloom",12.342053533635726,1.2014698321514534,Inf,10.198233728469939,14.936536020143159,"Dangerous Reef - Dangerous Reef Sanctuary Zone","Species richness","Negative binomial (nbinom2)","nbinom2","Negative binomial converged with finite uncertainty and did not approach the Poisson boundary",NA,"richness"
"Bloom",21.013660878433924,2.9995140371097313,Inf,15.885476098058788,27.797337693126174,"Dangerous Reef - Dangerous Reef Sanctuary Zone","Species richness","Negative binomial (nbinom2)","nbinom2","Negative binomial converged with finite uncertainty and did not approach the Poisson boundary",NA,"richness"
"Pre-bloom",6.953660743027929,1.9324764273563364,Inf,4.033276224482123,11.988615467401157,"Glenelg","Species richness","Negative binomial (nbinom2)","nbinom2","Negative binomial converged with finite uncertainty and did not approach the Poisson boundary",NA,"richness"
"Bloom",3.1231175909345006,1.1242233548669929,Inf,1.5423493587123922,6.324029916897291,"Glenelg","Species richness","Negative binomial (nbinom2)","nbinom2","Negative binomial converged with finite uncertainty and did not approach the Poisson boundary",NA,"richness"
"Pre-bloom",8.309520389361872,0.392527091962523,Inf,7.574721988055722,9.115599121670725,"Middle/Long Spit - Middle Spit Sanctuary Zone","Species richness","Poisson","poisson","Poisson fallback used because the negative binomial fit did not provide a reliable Hessian and standard errors; the Poisson dispersion check was acceptable",NA,"richness"
"Bloom",7.343683557069971,0.5863019256548679,Inf,6.279948512266998,8.587600373002388,"Middle/Long Spit - Middle Spit Sanctuary Zone","Species richness","Poisson","poisson","Poisson fallback used because the negative binomial fit did not provide a reliable Hessian and standard errors; the Poisson dispersion check was acceptable",NA,"richness"
"Pre-bloom",6.74618087274999,1.1054296591527217,Inf,4.893054328669234,9.301134487962134,"O'Sullivan","Species richness","Negative binomial (nbinom2)","nbinom2","Negative binomial converged with finite uncertainty and did not approach the Poisson boundary",NA,"richness"
"Bloom",4.396314047308392,0.8536568831625588,Inf,3.0047347848654797,6.432373765535642,"O'Sullivan","Species richness","Negative binomial (nbinom2)","nbinom2","Negative binomial converged with finite uncertainty and did not approach the Poisson boundary",NA,"richness"
"Pre-bloom",4.857374979047335,0.7638972252705352,Inf,3.568921898578252,6.61098571433414,"Offshore Ardrossan - Offshore Ardrossan Sanctuary Zone","Species richness","Poisson","poisson","Poisson fallback used because the negative binomial fit did not provide a reliable Hessian and standard errors; the Poisson dispersion check was acceptable",NA,"richness"
"Bloom",2.746275639583369,0.5862431862399873,Inf,1.8073383168073494,4.173003924296801,"Offshore Ardrossan - Offshore Ardrossan Sanctuary Zone","Species richness","Poisson","poisson","Poisson fallback used because the negative binomial fit did not provide a reliable Hessian and standard errors; the Poisson dispersion check was acceptable",NA,"richness"
"Pre-bloom",12.916666838593299,1.3105517062876941,Inf,10.587313924731475,15.758509042551825,"Orcades Bank - Orcades Bank Sanctuary Zone","Species richness","Negative binomial (nbinom2)","nbinom2","Negative binomial converged with finite uncertainty and did not approach the Poisson boundary","overall","richness"
"Pre-bloom",7.645813135397567,0.6520527304570285,Inf,6.468911830531137,9.036830309776873,"Port Gibbon - Port Gibbon Sanctuary Zone","Species richness","Poisson","poisson","Poisson used because the negative binomial dispersion parameter approached the Poisson boundary and the simpler Poisson model passed convergence, uncertainty, dispersion and AIC checks",NA,"richness"
"Bloom",9.197671380770256,0.7331713813524414,Inf,7.867310676154483,10.752995821691771,"Port Gibbon - Port Gibbon Sanctuary Zone","Species richness","Poisson","poisson","Poisson used because the negative binomial dispersion parameter approached the Poisson boundary and the simpler Poisson model passed convergence, uncertainty, dispersion and AIC checks",NA,"richness"
"Pre-bloom",8.49675602835925,0.9486239869286902,Inf,6.826850388935858,10.575134782866206,"Port Noarlunga - Port Noarlunga Reef Sanctuary Zone","Species richness","Negative binomial (nbinom2)","nbinom2","Negative binomial converged with finite uncertainty and did not approach the Poisson boundary",NA,"richness"
"Bloom",8.44294113934108,2.362031935298869,Inf,4.879306696253529,14.609299951796714,"Port Noarlunga - Port Noarlunga Reef Sanctuary Zone","Species richness","Negative binomial (nbinom2)","nbinom2","Negative binomial converged with finite uncertainty and did not approach the Poisson boundary",NA,"richness"
"Pre-bloom",9.52226383361578,0.7425799432419036,Inf,8.172604674507895,11.094811523163134,"Rapid Head - Rapid Head Sanctuary Zone","Species richness","Negative binomial (nbinom2)","nbinom2","Negative binomial converged with finite uncertainty and did not approach the Poisson boundary",NA,"richness"
"Bloom",8.920298667960388,1.6019294592906483,Inf,6.273624221978682,12.683534351140846,"Rapid Head - Rapid Head Sanctuary Zone","Species richness","Negative binomial (nbinom2)","nbinom2","Negative binomial converged with finite uncertainty and did not approach the Poisson boundary",NA,"richness"
"Pre-bloom",12.78589073282647,0.7640069753149685,Inf,11.372825289419374,14.37452855130636,"Sponge Gardens - Sponge Gardens Sanctuary Zone","Species richness","Negative binomial (nbinom2)","nbinom2","Negative binomial converged with finite uncertainty and did not approach the Poisson boundary",NA,"richness"
"Bloom",14.081394958959308,1.2481006559723735,Inf,11.835855652585723,16.752965717935748,"Sponge Gardens - Sponge Gardens Sanctuary Zone","Species richness","Negative binomial (nbinom2)","nbinom2","Negative binomial converged with finite uncertainty and did not approach the Poisson boundary",NA,"richness"
"Pre-bloom",10.265587553100422,0.9180938104508961,Inf,8.615040999541442,12.232360567521335,"The Pages - The Pages Sanctuary Zone","Species richness","Poisson","poisson","Poisson used because the negative binomial dispersion parameter approached the Poisson boundary and the simpler Poisson model passed convergence, uncertainty, dispersion and AIC checks",NA,"richness"
"Bloom",8.60801380108332,0.9636028099581176,Inf,6.91221604225913,10.71984746232315,"The Pages - The Pages Sanctuary Zone","Species richness","Poisson","poisson","Poisson used because the negative binomial dispersion parameter approached the Poisson boundary and the simpler Poisson model passed convergence, uncertainty, dispersion and AIC checks",NA,"richness"
"Pre-bloom",6.501454959296201,1.5707882369119395,Inf,4.049071613664815,10.439162509526371,"Victor Harbor - Encounter Bay Sanctuary Zone","Species richness","Poisson","poisson","Poisson used because the negative binomial dispersion parameter approached the Poisson boundary and the simpler Poisson model passed convergence, uncertainty, dispersion and AIC checks",NA,"richness"
"Bloom",8.899476583642313,2.1132631718029713,Inf,5.587773214786494,14.173925894704386,"Victor Harbor - Encounter Bay Sanctuary Zone","Species richness","Poisson","poisson","Poisson used because the negative binomial dispersion parameter approached the Poisson boundary and the simpler Poisson model passed convergence, uncertainty, dispersion and AIC checks",NA,"richness"
"Pre-bloom",7.131741244418774,0.8779245895509561,Inf,5.6028862208603725,9.077773699558291,"Windara Reef - Windara Shell fish Reef Sanctuary Zone","Species richness","Poisson","poisson","Poisson fallback used because the negative binomial fit did not provide a reliable Hessian and standard errors; the Poisson dispersion check was acceptable",NA,"richness"
"Bloom",4.086835838599143,0.8153877319055085,Inf,2.7641344212986505,6.042480077293523,"Windara Reef - Windara Shell fish Reef Sanctuary Zone","Species richness","Poisson","poisson","Poisson fallback used because the negative binomial fit did not provide a reliable Hessian and standard errors; the Poisson dispersion check was acceptable",NA,"richness"
"Pre-bloom",0.3853056609415666,0.18597872896799758,Inf,0.14960591712783491,0.9923434527443279,"Aldinga - Aldinga Reef Sanctuary Zone","Shark and ray richness","Poisson","poisson","Poisson fallback used because the negative binomial fit did not provide a reliable Hessian and standard errors; the Poisson dispersion check was acceptable",NA,"sharks_rays"
"Bloom",0.22874210156776242,0.16994416085417915,Inf,0.05332674979271615,0.9811764120824648,"Aldinga - Aldinga Reef Sanctuary Zone","Shark and ray richness","Poisson","poisson","Poisson fallback used because the negative binomial fit did not provide a reliable Hessian and standard errors; the Poisson dispersion check was acceptable",NA,"sharks_rays"
"Pre-bloom",0.36187691487304885,0.13560343959934046,Inf,0.17361868719979462,0.754267317822403,"Bay of Shoals - Bay of Shoals Sanctuary Zone","Shark and ray richness","Poisson","poisson","Poisson used because the negative binomial dispersion parameter approached the Poisson boundary and the simpler Poisson model passed convergence, uncertainty, dispersion and AIC checks",NA,"sharks_rays"
"Bloom",0.2514564886849392,0.1680103403414472,Inf,0.06787871212873221,0.9315198199671546,"Bay of Shoals - Bay of Shoals Sanctuary Zone","Shark and ray richness","Poisson","poisson","Poisson used because the negative binomial dispersion parameter approached the Poisson boundary and the simpler Poisson model passed convergence, uncertainty, dispersion and AIC checks",NA,"sharks_rays"
"Pre-bloom",0.27109689543972953,0.0786291296114775,Inf,0.15354704551227358,0.47863849461815294,"Boston Bay","Shark and ray richness","Poisson","poisson","Poisson fallback used because the negative binomial fit did not provide a reliable Hessian and standard errors; the Poisson dispersion check was acceptable",NA,"sharks_rays"
"Bloom",0.18276002480972725,0.08210070329309911,Inf,0.07577023823899033,0.4408225108531373,"Boston Bay","Shark and ray richness","Poisson","poisson","Poisson fallback used because the negative binomial fit did not provide a reliable Hessian and standard errors; the Poisson dispersion check was acceptable",NA,"sharks_rays"
"Pre-bloom",0.7312470322849938,0.17677668056647575,Inf,0.4552907306620076,1.1744632302267766,"Cape Elizabeth - Cape Elizabeth Sanctuary Zone","Shark and ray richness","Poisson","poisson","Poisson fallback used because the negative binomial fit did not provide a reliable Hessian and standard errors; the Poisson dispersion check was acceptable",NA,"sharks_rays"
"Bloom",6.220213099169356e-6,0.05892555618922796,Inf,2.220446049250313e-16,NA,"Cape Elizabeth - Cape Elizabeth Sanctuary Zone","Shark and ray richness","Poisson","poisson","Poisson fallback used because the negative binomial fit did not provide a reliable Hessian and standard errors; the Poisson dispersion check was acceptable",NA,"sharks_rays"
"Pre-bloom",0.27468758874098775,0.1054175850799134,Inf,0.12947060020701195,0.582783051037803,"Carrickalinga - Carrickalinga Cliffs Sanctuary Zone","Shark and ray richness","Poisson","poisson","Poisson used because the negative binomial dispersion parameter approached the Poisson boundary and the simpler Poisson model passed convergence, uncertainty, dispersion and AIC checks",NA,"sharks_rays"
"Bloom",0.1228316429704299,0.0821603028000692,Inf,0.03310959784784193,0.45568697584765633,"Carrickalinga - Carrickalinga Cliffs Sanctuary Zone","Shark and ray richness","Poisson","poisson","Poisson used because the negative binomial dispersion parameter approached the Poisson boundary and the simpler Poisson model passed convergence, uncertainty, dispersion and AIC checks",NA,"sharks_rays"
"Pre-bloom",0.6276363977518153,0.19647820547083825,Inf,0.33981617481425563,1.1592368962371986,"Chinamans Hat - Chinamans Hat Sanctuary Zone","Shark and ray richness","Poisson","poisson","Poisson used because the negative binomial dispersion parameter approached the Poisson boundary and the simpler Poisson model passed convergence, uncertainty, dispersion and AIC checks",NA,"sharks_rays"
"Bloom",0.7716976323288166,0.22245241085686546,Inf,0.438608118234667,1.357743304293524,"Chinamans Hat - Chinamans Hat Sanctuary Zone","Shark and ray richness","Poisson","poisson","Poisson used because the negative binomial dispersion parameter approached the Poisson boundary and the simpler Poisson model passed convergence, uncertainty, dispersion and AIC checks",NA,"sharks_rays"
"Pre-bloom",0.6603773584907039,0.11162413777951062,Inf,0.4741468451983411,0.919753574285061,"Dangerous Reef - Dangerous Reef Sanctuary Zone","Shark and ray richness","Poisson","poisson","Poisson used because the negative binomial dispersion parameter approached the Poisson boundary and the simpler Poisson model passed convergence, uncertainty, dispersion and AIC checks",NA,"sharks_rays"
"Bloom",1.0833333333333706,0.21245912946206008,Inf,0.7376116419268597,1.5910962414386147,"Dangerous Reef - Dangerous Reef Sanctuary Zone","Shark and ray richness","Poisson","poisson","Poisson used because the negative binomial dispersion parameter approached the Poisson boundary and the simpler Poisson model passed convergence, uncertainty, dispersion and AIC checks",NA,"sharks_rays"
"Pre-bloom",0.5534904219976756,0.10457284009523354,Inf,0.3821991251300078,0.8015498390765737,"Glenelg","Shark and ray richness","Negative binomial (nbinom2)","nbinom2","Negative binomial converged with finite uncertainty and did not approach the Poisson boundary",NA,"sharks_rays"
"Bloom",0.0542013281996036,0.03853148014044994,Inf,0.013455337171646537,0.21833596149427792,"Glenelg","Shark and ray richness","Negative binomial (nbinom2)","nbinom2","Negative binomial converged with finite uncertainty and did not approach the Poisson boundary",NA,"sharks_rays"
"Pre-bloom",1.3868996670825287,0.18211319342366225,Inf,1.072195891298116,1.7939731929254494,"Middle/Long Spit - Middle Spit Sanctuary Zone","Shark and ray richness","Poisson","poisson","Poisson fallback used because the negative binomial fit did not provide a reliable Hessian and standard errors; the Poisson dispersion check was acceptable",NA,"sharks_rays"
"Bloom",0.43117434172847124,0.1519610800876169,Inf,0.21610230296130092,0.8602930668363726,"Middle/Long Spit - Middle Spit Sanctuary Zone","Shark and ray richness","Poisson","poisson","Poisson fallback used because the negative binomial fit did not provide a reliable Hessian and standard errors; the Poisson dispersion check was acceptable",NA,"sharks_rays"
"Pre-bloom",0.39988258093474605,0.13222767835812363,Inf,0.2091552902319308,0.7645327945456939,"O'Sullivan","Shark and ray richness","Poisson","poisson","Poisson used because the negative binomial dispersion parameter approached the Poisson boundary and the simpler Poisson model passed convergence, uncertainty, dispersion and AIC checks",NA,"sharks_rays"
"Bloom",0.024534905648419286,0.027585677230531687,Inf,0.002708575405792451,0.2222428786326219,"O'Sullivan","Shark and ray richness","Poisson","poisson","Poisson used because the negative binomial dispersion parameter approached the Poisson boundary and the simpler Poisson model passed convergence, uncertainty, dispersion and AIC checks",NA,"sharks_rays"
"Pre-bloom",0.4534820197957839,0.3008178549062898,Inf,0.12357040866822434,1.6642005516887537,"Offshore Ardrossan - Offshore Ardrossan Sanctuary Zone","Shark and ray richness","Poisson","poisson","Poisson fallback used because the negative binomial fit did not provide a reliable Hessian and standard errors; the Poisson dispersion check was acceptable",NA,"sharks_rays"
"Bloom",5.028856389981745e-11,4.23786376737945e-6,Inf,2.220446049250313e-16,NA,"Offshore Ardrossan - Offshore Ardrossan Sanctuary Zone","Shark and ray richness","Poisson","poisson","Poisson fallback used because the negative binomial fit did not provide a reliable Hessian and standard errors; the Poisson dispersion check was acceptable",NA,"sharks_rays"
"Pre-bloom",1.0833333368392286,0.3004625817363041,Inf,0.6290443938462291,1.8657047581829471,"Orcades Bank - Orcades Bank Sanctuary Zone","Shark and ray richness","Poisson","poisson","Poisson fallback used because the negative binomial fit did not provide a reliable Hessian and standard errors; the Poisson dispersion check was acceptable","overall","sharks_rays"
"Pre-bloom",0.5137011669305221,0.1909406380623829,Inf,0.24792618326017035,1.064384912620781,"Port Gibbon - Port Gibbon Sanctuary Zone","Shark and ray richness","Poisson","poisson","Poisson used because the negative binomial dispersion parameter approached the Poisson boundary and the simpler Poisson model passed convergence, uncertainty, dispersion and AIC checks",NA,"sharks_rays"
"Bloom",0.25000000000345723,0.10206206412708943,Inf,0.11231518136218048,0.5564697420572748,"Port Gibbon - Port Gibbon Sanctuary Zone","Shark and ray richness","Poisson","poisson","Poisson used because the negative binomial dispersion parameter approached the Poisson boundary and the simpler Poisson model passed convergence, uncertainty, dispersion and AIC checks",NA,"sharks_rays"
"Pre-bloom",0.14126047156073057,0.06497556486293317,Inf,0.057344736788538964,0.347974756587393,"Rapid Head - Rapid Head Sanctuary Zone","Shark and ray richness","Poisson","poisson","Poisson used because the negative binomial dispersion parameter approached the Poisson boundary and the simpler Poisson model passed convergence, uncertainty, dispersion and AIC checks",NA,"sharks_rays"
"Bloom",0.09346214060972645,0.0938297657154591,Inf,0.013064297274167112,0.668629283614428,"Rapid Head - Rapid Head Sanctuary Zone","Shark and ray richness","Poisson","poisson","Poisson used because the negative binomial dispersion parameter approached the Poisson boundary and the simpler Poisson model passed convergence, uncertainty, dispersion and AIC checks",NA,"sharks_rays"
"Pre-bloom",0.7015843864555319,0.21094492760522945,Inf,0.3891792646922348,1.2647658700610271,"The Pages - The Pages Sanctuary Zone","Shark and ray richness","Poisson","poisson","Poisson used because the negative binomial dispersion parameter approached the Poisson boundary and the simpler Poisson model passed convergence, uncertainty, dispersion and AIC checks",NA,"sharks_rays"
"Bloom",0.48069344311320206,0.20039867201700076,Inf,0.212327657250581,1.088252888220444,"The Pages - The Pages Sanctuary Zone","Shark and ray richness","Poisson","poisson","Poisson used because the negative binomial dispersion parameter approached the Poisson boundary and the simpler Poisson model passed convergence, uncertainty, dispersion and AIC checks",NA,"sharks_rays"
"Pre-bloom",0.3048522903335106,0.19882993482733688,Inf,0.0849026211046168,1.094606005238317,"Victor Harbor - Encounter Bay Sanctuary Zone","Shark and ray richness","Poisson","poisson","Poisson used because the negative binomial dispersion parameter approached the Poisson boundary and the simpler Poisson model passed convergence, uncertainty, dispersion and AIC checks",NA,"sharks_rays"
"Bloom",0.136173060554642,0.1183681251585184,Inf,0.024784843483907495,0.7481629824637792,"Victor Harbor - Encounter Bay Sanctuary Zone","Shark and ray richness","Poisson","poisson","Poisson used because the negative binomial dispersion parameter approached the Poisson boundary and the simpler Poisson model passed convergence, uncertainty, dispersion and AIC checks",NA,"sharks_rays"
"Pre-bloom",0.792345719647242,0.23865722305702083,Inf,0.4390661123746903,1.42987974190899,"Windara Reef - Windara Shell fish Reef Sanctuary Zone","Shark and ray richness","Poisson","poisson","Poisson used because the negative binomial dispersion parameter approached the Poisson boundary and the simpler Poisson model passed convergence, uncertainty, dispersion and AIC checks",NA,"sharks_rays"
"Bloom",7.46350590261399e-10,7.504713413920781e-6,Inf,2.220446049250313e-16,NA,"Windara Reef - Windara Shell fish Reef Sanctuary Zone","Shark and ray richness","Poisson","poisson","Poisson used because the negative binomial dispersion parameter approached the Poisson boundary and the simpler Poisson model passed convergence, uncertainty, dispersion and AIC checks",NA,"sharks_rays"
"Pre-bloom",5.372781825295,0.6143773147565819,Inf,4.294022881779269,6.722550237147095,"Aldinga - Aldinga Reef Sanctuary Zone","Reef associated species richness","Negative binomial (nbinom2)","nbinom2","Negative binomial converged with finite uncertainty and did not approach the Poisson boundary",NA,"reef_associated_richness"
"Bloom",2.3657078821521,0.6940053908458872,Inf,1.3312271147785975,4.204071357581509,"Aldinga - Aldinga Reef Sanctuary Zone","Reef associated species richness","Negative binomial (nbinom2)","nbinom2","Negative binomial converged with finite uncertainty and did not approach the Poisson boundary",NA,"reef_associated_richness"
"Pre-bloom",0.36409668071732626,0.1058668198491642,Inf,0.20592853130472888,0.6437495186774559,"Bay of Shoals - Bay of Shoals Sanctuary Zone","Reef associated species richness","Poisson","poisson","Poisson used because the negative binomial dispersion parameter approached the Poisson boundary and the simpler Poisson model passed convergence, uncertainty, dispersion and AIC checks",NA,"reef_associated_richness"
"Bloom",0.1718615863495586,0.10722707038270515,Inf,0.05059425018401326,0.5837897538783898,"Bay of Shoals - Bay of Shoals Sanctuary Zone","Reef associated species richness","Poisson","poisson","Poisson used because the negative binomial dispersion parameter approached the Poisson boundary and the simpler Poisson model passed convergence, uncertainty, dispersion and AIC checks",NA,"reef_associated_richness"
"Pre-bloom",0.2755638942042951,0.11250974882639865,Inf,0.12379011225938129,0.6134210431114724,"Boston Bay","Reef associated species richness","Poisson","poisson","Poisson used because the negative binomial dispersion parameter approached the Poisson boundary and the simpler Poisson model passed convergence, uncertainty, dispersion and AIC checks",NA,"reef_associated_richness"
"Bloom",0.1525475179616144,0.09321830263128483,Inf,0.04605272489317997,0.5053065869658295,"Boston Bay","Reef associated species richness","Poisson","poisson","Poisson used because the negative binomial dispersion parameter approached the Poisson boundary and the simpler Poisson model passed convergence, uncertainty, dispersion and AIC checks",NA,"reef_associated_richness"
"Pre-bloom",2.829357217697327,0.35293677575798543,Inf,2.2156852806447174,3.6129960943760935,"Cape Elizabeth - Cape Elizabeth Sanctuary Zone","Reef associated species richness","Negative binomial (nbinom2)","nbinom2","Negative binomial converged with finite uncertainty and did not approach the Poisson boundary",NA,"reef_associated_richness"
"Bloom",1.9701007920335252,0.29401650533055707,Inf,1.4704684299377881,2.639497082528546,"Cape Elizabeth - Cape Elizabeth Sanctuary Zone","Reef associated species richness","Negative binomial (nbinom2)","nbinom2","Negative binomial converged with finite uncertainty and did not approach the Poisson boundary",NA,"reef_associated_richness"
"Pre-bloom",6.657850152734957,0.750875377718464,Inf,5.337465955565642,8.30487145497405,"Carrickalinga - Carrickalinga Cliffs Sanctuary Zone","Reef associated species richness","Negative binomial (nbinom2)","nbinom2","Negative binomial converged with finite uncertainty and did not approach the Poisson boundary",NA,"reef_associated_richness"
"Bloom",6.3448004103702065,1.646465380331702,Inf,3.8153338865513087,10.551237046208266,"Carrickalinga - Carrickalinga Cliffs Sanctuary Zone","Reef associated species richness","Negative binomial (nbinom2)","nbinom2","Negative binomial converged with finite uncertainty and did not approach the Poisson boundary",NA,"reef_associated_richness"
"Pre-bloom",6.995201138570886,1.001264983649144,Inf,5.2839979192829025,9.260571203196868,"Chinamans Hat - Chinamans Hat Sanctuary Zone","Reef associated species richness","Negative binomial (nbinom2)","nbinom2","Negative binomial converged with finite uncertainty and did not approach the Poisson boundary",NA,"reef_associated_richness"
"Bloom",5.316109640214564,0.8149653064762534,Inf,3.9364416683613155,7.179332018032133,"Chinamans Hat - Chinamans Hat Sanctuary Zone","Reef associated species richness","Negative binomial (nbinom2)","nbinom2","Negative binomial converged with finite uncertainty and did not approach the Poisson boundary",NA,"reef_associated_richness"
"Pre-bloom",1.1143656834033517e-5,0.10825315061987226,Inf,2.220446049250313e-16,NA,"Cuttlefish Coast - Fairway Bank Sanctuary Zone","Reef associated species richness","Poisson","poisson","Poisson fallback used because the negative binomial fit did not provide a reliable Hessian and standard errors; the Poisson dispersion check was acceptable",NA,"reef_associated_richness"
"Bloom",0.5590169943785603,0.16925078255614628,Inf,0.3088239490653614,1.0119033868642744,"Cuttlefish Coast - Fairway Bank Sanctuary Zone","Reef associated species richness","Poisson","poisson","Poisson fallback used because the negative binomial fit did not provide a reliable Hessian and standard errors; the Poisson dispersion check was acceptable",NA,"reef_associated_richness"
"Pre-bloom",3.0058954138616834,2.069684272765772,Inf,0.7796256636683349,11.589417409068908,"Dangerous Reef - Dangerous Reef Sanctuary Zone","Reef associated species richness","Negative binomial (nbinom2)","nbinom2","Negative binomial converged with finite uncertainty and did not approach the Poisson boundary",NA,"reef_associated_richness"
"Bloom",15.846198636691367,16.36021278452448,Inf,2.094655164878319,119.87749365326489,"Dangerous Reef - Dangerous Reef Sanctuary Zone","Reef associated species richness","Negative binomial (nbinom2)","nbinom2","Negative binomial converged with finite uncertainty and did not approach the Poisson boundary",NA,"reef_associated_richness"
"Pre-bloom",0.7658168477879926,0.5183597379546699,Inf,0.20322198829133695,2.8858857709588617,"Glenelg","Reef associated species richness","Negative binomial (nbinom2)","nbinom2","Negative binomial converged with finite uncertainty and did not approach the Poisson boundary",NA,"reef_associated_richness"
"Bloom",0.33296873552957307,0.24878870818348225,Inf,0.07698388131308162,1.4401479497932677,"Glenelg","Reef associated species richness","Negative binomial (nbinom2)","nbinom2","Negative binomial converged with finite uncertainty and did not approach the Poisson boundary",NA,"reef_associated_richness"
"Pre-bloom",1.1864880982162829,0.14852211951784028,Inf,0.9283500010094472,1.5164043794669697,"Middle/Long Spit - Middle Spit Sanctuary Zone","Reef associated species richness","Poisson","poisson","Poisson fallback used because the negative binomial fit did not provide a reliable Hessian and standard errors; the Poisson dispersion check was acceptable",NA,"reef_associated_richness"
"Bloom",0.4841229174680572,0.1465754802320179,Inf,0.2674493813034075,0.8763340489911136,"Middle/Long Spit - Middle Spit Sanctuary Zone","Reef associated species richness","Poisson","poisson","Poisson fallback used because the negative binomial fit did not provide a reliable Hessian and standard errors; the Poisson dispersion check was acceptable",NA,"reef_associated_richness"
"Pre-bloom",1.070983312551447,0.8287372731379657,Inf,0.2350253430530195,4.880347118586768,"O'Sullivan","Reef associated species richness","Negative binomial (nbinom2)","nbinom2","Negative binomial converged with finite uncertainty and did not approach the Poisson boundary",NA,"reef_associated_richness"
"Bloom",0.3985813099020842,0.3174509644727445,Inf,0.08367111978564937,1.8987084314187568,"O'Sullivan","Reef associated species richness","Negative binomial (nbinom2)","nbinom2","Negative binomial converged with finite uncertainty and did not approach the Poisson boundary",NA,"reef_associated_richness"
"Pre-bloom",0.6464756863271207,0.26497605543123365,Inf,0.2895099866000633,1.4435799535629228,"Offshore Ardrossan - Offshore Ardrossan Sanctuary Zone","Reef associated species richness","Negative binomial (nbinom2)","nbinom2","Negative binomial converged with finite uncertainty and did not approach the Poisson boundary",NA,"reef_associated_richness"
"Bloom",0.21090008269469315,0.15994668967461756,Inf,0.04770075240413931,0.932455834318636,"Offshore Ardrossan - Offshore Ardrossan Sanctuary Zone","Reef associated species richness","Negative binomial (nbinom2)","nbinom2","Negative binomial converged with finite uncertainty and did not approach the Poisson boundary",NA,"reef_associated_richness"
"Pre-bloom",7.499999925586994,1.1439878129719705,Inf,5.5619365762390345,10.113383731146572,"Orcades Bank - Orcades Bank Sanctuary Zone","Reef associated species richness","Negative binomial (nbinom2)","nbinom2","Negative binomial converged with finite uncertainty and did not approach the Poisson boundary","overall","reef_associated_richness"
"Pre-bloom",2.1650635094608233,0.300462581553591,Inf,1.6494639542560232,2.8418323346223553,"Port Gibbon - Port Gibbon Sanctuary Zone","Reef associated species richness","Poisson","poisson","Poisson used because the negative binomial dispersion parameter approached the Poisson boundary and the simpler Poisson model passed convergence, uncertainty, dispersion and AIC checks",NA,"reef_associated_richness"
"Bloom",1.1547005383784454,0.2204792576585867,Inf,0.7942192377986238,1.6787975786473475,"Port Gibbon - Port Gibbon Sanctuary Zone","Reef associated species richness","Poisson","poisson","Poisson used because the negative binomial dispersion parameter approached the Poisson boundary and the simpler Poisson model passed convergence, uncertainty, dispersion and AIC checks",NA,"reef_associated_richness"
"Pre-bloom",5.117256912087408,1.1820168628894185,Inf,3.2540275287456786,8.047356106541706,"Port Noarlunga - Port Noarlunga Reef Sanctuary Zone","Reef associated species richness","Negative binomial (nbinom2)","nbinom2","Negative binomial converged with finite uncertainty and did not approach the Poisson boundary",NA,"reef_associated_richness"
"Bloom",4.260480537499163,2.5380490276257754,Inf,1.325505973035738,13.694162666681361,"Port Noarlunga - Port Noarlunga Reef Sanctuary Zone","Reef associated species richness","Negative binomial (nbinom2)","nbinom2","Negative binomial converged with finite uncertainty and did not approach the Poisson boundary",NA,"reef_associated_richness"
"Pre-bloom",6.626612082637537,0.6074154706785202,Inf,5.53691452114021,7.930768576271079,"Rapid Head - Rapid Head Sanctuary Zone","Reef associated species richness","Negative binomial (nbinom2)","nbinom2","Negative binomial converged with finite uncertainty and did not approach the Poisson boundary",NA,"reef_associated_richness"
"Bloom",6.25911186865051,1.132464215003908,Inf,4.390403099742398,8.92320830098273,"Rapid Head - Rapid Head Sanctuary Zone","Reef associated species richness","Negative binomial (nbinom2)","nbinom2","Negative binomial converged with finite uncertainty and did not approach the Poisson boundary",NA,"reef_associated_richness"
"Pre-bloom",10.70975093889706,0.628740418137023,Inf,9.545696854114446,12.015756096818459,"Sponge Gardens - Sponge Gardens Sanctuary Zone","Reef associated species richness","Negative binomial (nbinom2)","nbinom2","Negative binomial converged with finite uncertainty and did not approach the Poisson boundary",NA,"reef_associated_richness"
"Bloom",10.506066139130153,0.9130672902075347,Inf,8.860605746921026,12.457097050969937,"Sponge Gardens - Sponge Gardens Sanctuary Zone","Reef associated species richness","Negative binomial (nbinom2)","nbinom2","Negative binomial converged with finite uncertainty and did not approach the Poisson boundary",NA,"reef_associated_richness"
"Pre-bloom",6.400112361951158,1.5105012317666104,Inf,4.029898405020837,10.164384837733458,"The Pages - The Pages Sanctuary Zone","Reef associated species richness","Poisson","poisson","Poisson used because the negative binomial dispersion parameter approached the Poisson boundary and the simpler Poisson model passed convergence, uncertainty, dispersion and AIC checks",NA,"reef_associated_richness"
"Bloom",4.66338195318409,1.1607975099013879,Inf,2.863004320231097,7.595912827518077,"The Pages - The Pages Sanctuary Zone","Reef associated species richness","Poisson","poisson","Poisson used because the negative binomial dispersion parameter approached the Poisson boundary and the simpler Poisson model passed convergence, uncertainty, dispersion and AIC checks",NA,"reef_associated_richness"
"Pre-bloom",2.955641817805716,2.5940184991724164,Inf,0.5291696458391969,16.508540548103362,"Victor Harbor - Encounter Bay Sanctuary Zone","Reef associated species richness","Poisson","poisson","Poisson used because the negative binomial dispersion parameter approached the Poisson boundary and the simpler Poisson model passed convergence, uncertainty, dispersion and AIC checks",NA,"reef_associated_richness"
"Bloom",3.4822643760157117,3.0543235285361714,Inf,0.6241165068193635,19.429329383171943,"Victor Harbor - Encounter Bay Sanctuary Zone","Reef associated species richness","Poisson","poisson","Poisson used because the negative binomial dispersion parameter approached the Poisson boundary and the simpler Poisson model passed convergence, uncertainty, dispersion and AIC checks",NA,"reef_associated_richness"
"Pre-bloom",0.4027777777756472,0.07479394964348753,Inf,0.2798990057272509,0.5796016954342972,"Windara Reef - Windara Shell fish Reef Sanctuary Zone","Reef associated species richness","Poisson","poisson","Poisson used because the negative binomial dispersion parameter approached the Poisson boundary and the simpler Poisson model passed convergence, uncertainty, dispersion and AIC checks",NA,"reef_associated_richness"
"Bloom",0.7500000000044944,0.24999998039385848,Inf,0.3902360957187021,1.4414350855237499,"Windara Reef - Windara Shell fish Reef Sanctuary Zone","Reef associated species richness","Poisson","poisson","Poisson used because the negative binomial dispersion parameter approached the Poisson boundary and the simpler Poisson model passed convergence, uncertainty, dispersion and AIC checks",NA,"reef_associated_richness"
"Pre-bloom",1.5084736424938168,0.0961827083202897,Inf,1.319958998250528,1.6969882867371056,"Aldinga - Aldinga Reef Sanctuary Zone","Shannon diversity","Gaussian","gaussian","Gaussian was specified because Shannon diversity is a continuous response rather than count data",NA,"shannon_diversity"
"Bloom",1.3381424287200177,0.22318463087272614,Inf,0.9007085903066083,1.775576267133427,"Aldinga - Aldinga Reef Sanctuary Zone","Shannon diversity","Gaussian","gaussian","Gaussian was specified because Shannon diversity is a continuous response rather than count data",NA,"shannon_diversity"
"Pre-bloom",1.1340109900397957,0.11929379396964217,Inf,0.9001994502801556,1.3678225297994357,"Bay of Shoals - Bay of Shoals Sanctuary Zone","Shannon diversity","Gaussian","gaussian","Gaussian was specified because Shannon diversity is a continuous response rather than count data",NA,"shannon_diversity"
"Bloom",1.1993908184471065,0.2066229121504899,Inf,0.7944173522513629,1.60436428464285,"Bay of Shoals - Bay of Shoals Sanctuary Zone","Shannon diversity","Gaussian","gaussian","Gaussian was specified because Shannon diversity is a continuous response rather than count data",NA,"shannon_diversity"
"Pre-bloom",1.2624104210454858,0.23765557293103207,Inf,0.796614057375431,1.7282067847155407,"Boston Bay","Shannon diversity","Gaussian","gaussian","Gaussian was specified because Shannon diversity is a continuous response rather than count data",NA,"shannon_diversity"
"Bloom",1.4568349451252627,0.3155962800611505,Inf,0.8382776025505915,2.075392287699934,"Boston Bay","Shannon diversity","Gaussian","gaussian","Gaussian was specified because Shannon diversity is a continuous response rather than count data",NA,"shannon_diversity"
"Pre-bloom",1.9243505557808231,0.0663243878527504,Inf,1.7943571442927666,2.05434396726888,"Cape Elizabeth - Cape Elizabeth Sanctuary Zone","Shannon diversity","Gaussian","gaussian","Gaussian was specified because Shannon diversity is a continuous response rather than count data",NA,"shannon_diversity"
"Bloom",1.8039333643955047,0.06632438785274977,Inf,1.6739399529074492,1.93392677588356,"Cape Elizabeth - Cape Elizabeth Sanctuary Zone","Shannon diversity","Gaussian","gaussian","Gaussian was specified because Shannon diversity is a continuous response rather than count data",NA,"shannon_diversity"
"Pre-bloom",1.7677110880783764,0.04951047319321551,Inf,1.6706723437621382,1.8647498323946146,"Carrickalinga - Carrickalinga Cliffs Sanctuary Zone","Shannon diversity","Gaussian","gaussian","Gaussian was specified because Shannon diversity is a continuous response rather than count data",NA,"shannon_diversity"
"Bloom",1.7797682340049545,0.12000242921111248,Inf,1.5445677946938567,2.0149686733160523,"Carrickalinga - Carrickalinga Cliffs Sanctuary Zone","Shannon diversity","Gaussian","gaussian","Gaussian was specified because Shannon diversity is a continuous response rather than count data",NA,"shannon_diversity"
"Pre-bloom",1.996022201902895,0.09393966995604953,Inf,1.8119038320694587,2.1801405717363314,"Chinamans Hat - Chinamans Hat Sanctuary Zone","Shannon diversity","Gaussian","gaussian","Gaussian was specified because Shannon diversity is a continuous response rather than count data",NA,"shannon_diversity"
"Bloom",1.8674269314940628,0.09797050868906404,Inf,1.6754082629164289,2.0594456000716965,"Chinamans Hat - Chinamans Hat Sanctuary Zone","Shannon diversity","Gaussian","gaussian","Gaussian was specified because Shannon diversity is a continuous response rather than count data",NA,"shannon_diversity"
"Pre-bloom",0.49041767067255504,0.09483655536012424,Inf,0.30454143774887255,0.6762939035962375,"Cuttlefish Coast - Fairway Bank Sanctuary Zone","Shannon diversity","Gaussian","gaussian","Gaussian was specified because Shannon diversity is a continuous response rather than count data",NA,"shannon_diversity"
"Bloom",0.5550776734848947,0.08657353442170074,Inf,0.3853966640040226,0.7247586829657667,"Cuttlefish Coast - Fairway Bank Sanctuary Zone","Shannon diversity","Gaussian","gaussian","Gaussian was specified because Shannon diversity is a continuous response rather than count data",NA,"shannon_diversity"
"Pre-bloom",1.8674785839831687,0.0770906673639143,Inf,1.7163836524057394,2.018573515560598,"Dangerous Reef - Dangerous Reef Sanctuary Zone","Shannon diversity","Gaussian","gaussian","Gaussian was specified because Shannon diversity is a continuous response rather than count data",NA,"shannon_diversity"
"Bloom",2.379172310926283,0.11347438992323668,Inf,2.1567665935090843,2.6015780283434817,"Dangerous Reef - Dangerous Reef Sanctuary Zone","Shannon diversity","Gaussian","gaussian","Gaussian was specified because Shannon diversity is a continuous response rather than count data",NA,"shannon_diversity"
"Pre-bloom",1.310137280061624,0.17827301348561778,Inf,0.9607285942143899,1.659545965908858,"Glenelg","Shannon diversity","Gaussian","gaussian","Gaussian was specified because Shannon diversity is a continuous response rather than count data",NA,"shannon_diversity"
"Bloom",0.7314767130961906,0.20383553094836004,Inf,0.3319664136678054,1.1309870125245758,"Glenelg","Shannon diversity","Gaussian","gaussian","Gaussian was specified because Shannon diversity is a continuous response rather than count data",NA,"shannon_diversity"
"Pre-bloom",1.7422255982731263,0.04579276575342753,Inf,1.6524734266439292,1.8319777699023234,"Middle/Long Spit - Middle Spit Sanctuary Zone","Shannon diversity","Gaussian","gaussian","Gaussian was specified because Shannon diversity is a continuous response rather than count data",NA,"shannon_diversity"
"Bloom",1.1130251143539427,0.07246933832736825,Inf,0.9709878212488527,1.2550624074590326,"Middle/Long Spit - Middle Spit Sanctuary Zone","Shannon diversity","Gaussian","gaussian","Gaussian was specified because Shannon diversity is a continuous response rather than count data",NA,"shannon_diversity"
"Pre-bloom",1.2489328052791118,0.18870903828346539,Inf,0.8790698866863295,1.618795723871894,"O'Sullivan","Shannon diversity","Gaussian","gaussian","Gaussian was specified because Shannon diversity is a continuous response rather than count data",NA,"shannon_diversity"
"Bloom",0.9419074482415097,0.23862472537536814,Inf,0.47421158068502717,1.4096033157979924,"O'Sullivan","Shannon diversity","Gaussian","gaussian","Gaussian was specified because Shannon diversity is a continuous response rather than count data",NA,"shannon_diversity"
"Pre-bloom",0.6136083250282394,0.06729277158752336,Inf,0.48171691629681335,0.7454997337596654,"Offshore Ardrossan - Offshore Ardrossan Sanctuary Zone","Shannon diversity","Gaussian","gaussian","Gaussian was specified because Shannon diversity is a continuous response rather than count data",NA,"shannon_diversity"
"Bloom",0.15082566434049732,0.10878967880377782,Inf,-0.062398188004587685,0.36404951668558233,"Offshore Ardrossan - Offshore Ardrossan Sanctuary Zone","Shannon diversity","Gaussian","gaussian","Gaussian was specified because Shannon diversity is a continuous response rather than count data",NA,"shannon_diversity"
"Pre-bloom",2.1275247405185826,0.13244427654480104,10,1.832420502225897,2.422628978811268,"Orcades Bank - Orcades Bank Sanctuary Zone","Shannon diversity","Gaussian","gaussian","Gaussian was specified because Shannon diversity is a continuous response rather than count data","overall","shannon_diversity"
"Pre-bloom",1.6570290700975336,0.10142029893571441,Inf,1.4582489368822475,1.8558092033128197,"Port Gibbon - Port Gibbon Sanctuary Zone","Shannon diversity","Gaussian","gaussian","Gaussian was specified because Shannon diversity is a continuous response rather than count data",NA,"shannon_diversity"
"Bloom",1.7522922488201174,0.10142029893571605,Inf,1.553512115604828,1.9510723820354068,"Port Gibbon - Port Gibbon Sanctuary Zone","Shannon diversity","Gaussian","gaussian","Gaussian was specified because Shannon diversity is a continuous response rather than count data",NA,"shannon_diversity"
"Pre-bloom",1.4725350163751867,0.15879564931401668,Inf,1.1613012628180615,1.783768769932312,"Port Noarlunga - Port Noarlunga Reef Sanctuary Zone","Shannon diversity","Gaussian","gaussian","Gaussian was specified because Shannon diversity is a continuous response rather than count data",NA,"shannon_diversity"
"Bloom",1.6231687995816857,0.40428628669770106,Inf,0.830782238210757,2.4155553609526144,"Port Noarlunga - Port Noarlunga Reef Sanctuary Zone","Shannon diversity","Gaussian","gaussian","Gaussian was specified because Shannon diversity is a continuous response rather than count data",NA,"shannon_diversity"
"Pre-bloom",1.9063357111487778,0.06398148233266582,Inf,1.780934310099267,2.0317371121982886,"Rapid Head - Rapid Head Sanctuary Zone","Shannon diversity","Gaussian","gaussian","Gaussian was specified because Shannon diversity is a continuous response rather than count data",NA,"shannon_diversity"
"Bloom",1.7326579407043967,0.1469202110102503,Inf,1.444699618523281,2.0206162628855124,"Rapid Head - Rapid Head Sanctuary Zone","Shannon diversity","Gaussian","gaussian","Gaussian was specified because Shannon diversity is a continuous response rather than count data",NA,"shannon_diversity"
"Pre-bloom",2.011057139078886,0.0493426149976649,Inf,1.9143473907804367,2.107766887377335,"Sponge Gardens - Sponge Gardens Sanctuary Zone","Shannon diversity","Gaussian","gaussian","Gaussian was specified because Shannon diversity is a continuous response rather than count data",NA,"shannon_diversity"
"Bloom",2.0405846755031614,0.06928336821803908,Inf,1.9047917690681777,2.176377581938145,"Sponge Gardens - Sponge Gardens Sanctuary Zone","Shannon diversity","Gaussian","gaussian","Gaussian was specified because Shannon diversity is a continuous response rather than count data",NA,"shannon_diversity"
"Pre-bloom",1.9034779880036876,0.11827400669372104,Inf,1.6716651945767451,2.13529078143063,"The Pages - The Pages Sanctuary Zone","Shannon diversity","Gaussian","gaussian","Gaussian was specified because Shannon diversity is a continuous response rather than count data",NA,"shannon_diversity"
"Bloom",1.4028528876340083,0.12874445384165611,Inf,1.150518394895083,1.6551873803729336,"The Pages - The Pages Sanctuary Zone","Shannon diversity","Gaussian","gaussian","Gaussian was specified because Shannon diversity is a continuous response rather than count data",NA,"shannon_diversity"
"Pre-bloom",1.388369239898499,0.2731375638886406,Inf,0.8530294518517556,1.9237090279452425,"Victor Harbor - Encounter Bay Sanctuary Zone","Shannon diversity","Gaussian","gaussian","Gaussian was specified because Shannon diversity is a continuous response rather than count data",NA,"shannon_diversity"
"Bloom",1.5340070253044429,0.27148998016136455,Inf,1.0018964420246748,2.066117608584211,"Victor Harbor - Encounter Bay Sanctuary Zone","Shannon diversity","Gaussian","gaussian","Gaussian was specified because Shannon diversity is a continuous response rather than count data",NA,"shannon_diversity"
"Pre-bloom",1.4834495831164813,0.12380813065992638,Inf,1.2407901060297966,1.7261090602031661,"Windara Reef - Windara Shell fish Reef Sanctuary Zone","Shannon diversity","Gaussian","gaussian","Gaussian was specified because Shannon diversity is a continuous response rather than count data",NA,"shannon_diversity"
"Bloom",0.42880448951193295,0.16024792609435304,Inf,0.11472432576976477,0.7428846532541011,"Windara Reef - Windara Shell fish Reef Sanctuary Zone","Shannon diversity","Gaussian","gaussian","Gaussian was specified because Shannon diversity is a continuous response rather than count data",NA,"shannon_diversity"
"Pre-bloom",5.841660717390597,1.5144886008826386,Inf,3.5144452639985637,9.7099250020126,"Aldinga - Aldinga Reef Sanctuary Zone","Abundance > 200 mm","Negative binomial (nbinom2)","nbinom2","Negative binomial converged with finite uncertainty and did not approach the Poisson boundary",NA,"large_fish"
"Bloom",4.536050886479606,1.0880383858113536,Inf,2.834684531009217,7.258570546263553,"Aldinga - Aldinga Reef Sanctuary Zone","Abundance > 200 mm","Negative binomial (nbinom2)","nbinom2","Negative binomial converged with finite uncertainty and did not approach the Poisson boundary",NA,"large_fish"
"Pre-bloom",1.7205091635638567,0.22568175053186176,Inf,1.330465493564519,2.224899327510183,"Bay of Shoals - Bay of Shoals Sanctuary Zone","Abundance > 200 mm","Negative binomial (nbinom2)","nbinom2","Negative binomial converged with finite uncertainty and did not approach the Poisson boundary",NA,"large_fish"
"Bloom",2.056493729472853,0.41880115251445627,Inf,1.3796907935831466,3.065300195544353,"Bay of Shoals - Bay of Shoals Sanctuary Zone","Abundance > 200 mm","Negative binomial (nbinom2)","nbinom2","Negative binomial converged with finite uncertainty and did not approach the Poisson boundary",NA,"large_fish"
"Pre-bloom",2.1896883517710592,0.47997459949496546,Inf,1.4249542054352573,3.3648345045708252,"Cape Elizabeth - Cape Elizabeth Sanctuary Zone","Abundance > 200 mm","Negative binomial (nbinom2)","nbinom2","Negative binomial converged with finite uncertainty and did not approach the Poisson boundary",NA,"large_fish"
"Bloom",3.2081246547670594,0.6876959529889843,Inf,2.107594458537451,4.883322670940387,"Cape Elizabeth - Cape Elizabeth Sanctuary Zone","Abundance > 200 mm","Negative binomial (nbinom2)","nbinom2","Negative binomial converged with finite uncertainty and did not approach the Poisson boundary",NA,"large_fish"
"Pre-bloom",9.050059923482468,1.3684216948141705,Inf,6.728911725625082,12.17189167554655,"Carrickalinga - Carrickalinga Cliffs Sanctuary Zone","Abundance > 200 mm","Negative binomial (nbinom2)","nbinom2","Negative binomial converged with finite uncertainty and did not approach the Poisson boundary",NA,"large_fish"
"Bloom",10.43163275349535,3.600855834153963,Inf,5.303093077789004,20.519904196960915,"Carrickalinga - Carrickalinga Cliffs Sanctuary Zone","Abundance > 200 mm","Negative binomial (nbinom2)","nbinom2","Negative binomial converged with finite uncertainty and did not approach the Poisson boundary",NA,"large_fish"
"Pre-bloom",10.590199994589572,2.030079850343039,Inf,7.273337966434992,15.419651395681827,"Chinamans Hat - Chinamans Hat Sanctuary Zone","Abundance > 200 mm","Negative binomial (nbinom2)","nbinom2","Negative binomial converged with finite uncertainty and did not approach the Poisson boundary",NA,"large_fish"
"Bloom",9.467152579225887,1.8920812511553557,Inf,6.398827192467033,14.006782065290965,"Chinamans Hat - Chinamans Hat Sanctuary Zone","Abundance > 200 mm","Negative binomial (nbinom2)","nbinom2","Negative binomial converged with finite uncertainty and did not approach the Poisson boundary",NA,"large_fish"
"Pre-bloom",0.6998542112817532,0.2680345014338225,Inf,0.330376493976791,1.4825386369140812,"Cuttlefish Coast - Fairway Bank Sanctuary Zone","Abundance > 200 mm","Negative binomial (nbinom2)","nbinom2","Negative binomial converged with finite uncertainty and did not approach the Poisson boundary",NA,"large_fish"
"Bloom",6.220166897078405,1.1512312299190872,Inf,4.3277411905475285,8.940108597994747,"Cuttlefish Coast - Fairway Bank Sanctuary Zone","Abundance > 200 mm","Negative binomial (nbinom2)","nbinom2","Negative binomial converged with finite uncertainty and did not approach the Poisson boundary",NA,"large_fish"
"Bloom",38.869565217385315,2.041034547926021,Inf,35.068180090521565,43.08301988550954,"Dangerous Reef - Dangerous Reef Sanctuary Zone","Abundance > 200 mm","Negative binomial (nbinom2)","nbinom2","Negative binomial converged with finite uncertainty and did not approach the Poisson boundary","overall","large_fish"
"Pre-bloom",1.4545994852504032,1.2991032761551458,Inf,0.25265916284751305,8.374363465170347,"Glenelg","Abundance > 200 mm","Negative binomial (nbinom2)","nbinom2","Negative binomial converged with finite uncertainty and did not approach the Poisson boundary",NA,"large_fish"
"Bloom",0.1754986060887755,0.20346085103415756,Inf,0.018090473486719577,1.702540332165084,"Glenelg","Abundance > 200 mm","Negative binomial (nbinom2)","nbinom2","Negative binomial converged with finite uncertainty and did not approach the Poisson boundary",NA,"large_fish"
"Bloom",1.6840241981634265,0.3813254045372386,Inf,1.0804503018686644,2.6247736662159755,"Middle/Long Spit - Middle Spit Sanctuary Zone","Abundance > 200 mm","Negative binomial (nbinom2)","nbinom2","Negative binomial converged with finite uncertainty and did not approach the Poisson boundary","overall","large_fish"
"Pre-bloom",0.679438092889947,0.7197543028806012,Inf,0.08520010145856158,5.418257891329534,"O'Sullivan","Abundance > 200 mm","Negative binomial (nbinom2)","nbinom2","Negative binomial converged with finite uncertainty and did not approach the Poisson boundary",NA,"large_fish"
"Bloom",0.4584984314663923,0.48271936561269724,Inf,0.05823313737101169,3.609986017373494,"O'Sullivan","Abundance > 200 mm","Negative binomial (nbinom2)","nbinom2","Negative binomial converged with finite uncertainty and did not approach the Poisson boundary",NA,"large_fish"
"Pre-bloom",0.9128611125782433,0.2651901295167128,Inf,0.5165673474935386,1.6131786395345318,"Port Gibbon - Port Gibbon Sanctuary Zone","Abundance > 200 mm","Negative binomial (nbinom2)","nbinom2","Negative binomial converged with finite uncertainty and did not approach the Poisson boundary",NA,"large_fish"
"Bloom",1.74771021173653,0.3736653508698621,Inf,1.1494236895291587,2.6574108503535068,"Port Gibbon - Port Gibbon Sanctuary Zone","Abundance > 200 mm","Negative binomial (nbinom2)","nbinom2","Negative binomial converged with finite uncertainty and did not approach the Poisson boundary",NA,"large_fish"
"Pre-bloom",8.64285667698899,0.8594463322729402,Inf,7.112360549112898,10.502697525407383,"Port Noarlunga - Port Noarlunga Reef Sanctuary Zone","Abundance > 200 mm","Negative binomial (nbinom2)","nbinom2","Negative binomial converged with finite uncertainty and did not approach the Poisson boundary",NA,"large_fish"
"Bloom",5.000000859024079,1.0553060067985263,Inf,3.3060886109539718,7.56180838813869,"Port Noarlunga - Port Noarlunga Reef Sanctuary Zone","Abundance > 200 mm","Negative binomial (nbinom2)","nbinom2","Negative binomial converged with finite uncertainty and did not approach the Poisson boundary",NA,"large_fish"
"Pre-bloom",9.193630478603932,0.9856516018378142,Inf,7.451256216838606,11.343435109117241,"Rapid Head - Rapid Head Sanctuary Zone","Abundance > 200 mm","Negative binomial (nbinom2)","nbinom2","Negative binomial converged with finite uncertainty and did not approach the Poisson boundary",NA,"large_fish"
"Bloom",6.584783338916526,1.1097685133950672,Inf,4.732427531861339,9.162183959194982,"Rapid Head - Rapid Head Sanctuary Zone","Abundance > 200 mm","Negative binomial (nbinom2)","nbinom2","Negative binomial converged with finite uncertainty and did not approach the Poisson boundary",NA,"large_fish"
"Pre-bloom",11.679488067531633,0.9146658679089323,Inf,10.017582399100977,13.617102019730416,"Sponge Gardens - Sponge Gardens Sanctuary Zone","Abundance > 200 mm","Negative binomial (nbinom2)","nbinom2","Negative binomial converged with finite uncertainty and did not approach the Poisson boundary",NA,"large_fish"
"Bloom",15.229208758019485,1.9339870342031689,Inf,11.873577452960783,19.53318621234107,"Sponge Gardens - Sponge Gardens Sanctuary Zone","Abundance > 200 mm","Negative binomial (nbinom2)","nbinom2","Negative binomial converged with finite uncertainty and did not approach the Poisson boundary",NA,"large_fish"
"Pre-bloom",7.452469703971161,2.905835900587943,Inf,3.470589624273861,16.00284409892694,"The Pages - The Pages Sanctuary Zone","Abundance > 200 mm","Negative binomial (nbinom2)","nbinom2","Negative binomial converged with finite uncertainty and did not approach the Poisson boundary",NA,"large_fish"
"Bloom",4.975468759420473,2.0552042237076793,Inf,2.2142688348988826,11.179893329031831,"The Pages - The Pages Sanctuary Zone","Abundance > 200 mm","Negative binomial (nbinom2)","nbinom2","Negative binomial converged with finite uncertainty and did not approach the Poisson boundary",NA,"large_fish"
"Bloom",4.668784764296402,3.344435689212172,Inf,1.1467121898195638,19.008737649118455,"Victor Harbor - Encounter Bay Sanctuary Zone","Abundance > 200 mm","Negative binomial (nbinom2)","nbinom2","Negative binomial converged with finite uncertainty and did not approach the Poisson boundary","overall","large_fish"
"Pre-bloom",0.9748115590817966,0.21848692898996103,Inf,0.6282590601757535,1.5125250648254107,"Windara Reef - Windara Shell fish Reef Sanctuary Zone","Abundance > 200 mm","Negative binomial (nbinom2)","nbinom2","Negative binomial converged with finite uncertainty and did not approach the Poisson boundary",NA,"large_fish"
"Bloom",0.24312142177992516,0.17578469177012163,Inf,0.058935481863747606,1.0029276737728818,"Windara Reef - Windara Shell fish Reef Sanctuary Zone","Abundance > 200 mm","Negative binomial (nbinom2)","nbinom2","Negative binomial converged with finite uncertainty and did not approach the Poisson boundary",NA,"large_fish"
